{"type":"FeatureCollection","features":[{"type":"Feature","id":"olympic-medals-birthplace-1904-760153bcb1b3b05a","geometry":{"type":"Point","coordinates":[-71.066666666667,42.458333333333]},"properties":{"year":1904,"medalist_wikidata_id":"Q1370769","medalist_link":"https://en.wikipedia.org/wiki/George_Bryant_(archer)","medalist_name":"Phil Bryant","medal":"gold","delegation_wikidata_id":"Q1350274","delegation_link":"https://en.wikipedia.org/wiki/United_States_at_the_1904_Summer_Olympics","delegation_name":"United States at the 1904 Summer Olympics","country_medal_wikidata_id":"Q30","country_medal":"United States","country_medal_code2":"US","country_medal_code3":"USA","country_medal_ioc_country_code":"USA","date_of_birth":"1878-02-22","place_of_birth_wikidata_id":"Q54143","place_of_birth":"Melrose","place_of_birth_located_in_wikidata_id":"Q54073","place_of_birth_located_in":"Middlesex County","place_of_birth_coordinates":"42.458333333333,-71.066666666667","sex_or_gender_wikidata_id":"Q6581097","sex_or_gender":"male","event_wikidata_id":"Q861234","event_link":"https://en.wikipedia.org/wiki/Archery_at_the_1904_Summer_Olympics_–_Men's_double_York_round","event_name":"archery at the 1904 Summer Olympics – men's double York round","event_part_of_wikidata_id":"Q385007","event_part_of":"archery at the 1904 Summer Olympics","event_sport_wikidata_id":"Q108429","event_sport":"archery","sport_wikidata_id":"Q108429","sport":"archery","source_page":"https://en.wikipedia.org/wiki/List_of_1904_Summer_Olympics_medal_winners","source_kind":"layers-derived-wikipedia-wikidata"}},{"type":"Feature","id":"olympic-medals-birthplace-1904-2c0b969f284995f5","geometry":{"type":"Point","coordinates":[-77.72,39.93]},"properties":{"year":1904,"medalist_wikidata_id":"Q1387453","medalist_link":"https://en.wikipedia.org/wiki/Robert_Williams_(archer)","medalist_name":"Robert Williams","medal":"silver","delegation_wikidata_id":"Q1350274","delegation_link":"https://en.wikipedia.org/wiki/United_States_at_the_1904_Summer_Olympics","delegation_name":"United States at the 1904 Summer Olympics","country_medal_wikidata_id":"Q30","country_medal":"United States","country_medal_code2":"US","country_medal_code3":"USA","country_medal_ioc_country_code":"USA","date_of_birth":"1841-01-24","place_of_birth_wikidata_id":"Q494121","place_of_birth":"Franklin County","place_of_birth_located_in_wikidata_id":"Q1400","place_of_birth_located_in":"Pennsylvania","place_of_birth_coordinates":"39.93,-77.72","sex_or_gender_wikidata_id":"Q6581097","sex_or_gender":"male","event_wikidata_id":"Q861234","event_link":"https://en.wikipedia.org/wiki/Archery_at_the_1904_Summer_Olympics_–_Men's_double_York_round","event_name":"archery at the 1904 Summer Olympics – men's double York round","event_part_of_wikidata_id":"Q385007","event_part_of":"archery at the 1904 Summer Olympics","event_sport_wikidata_id":"Q108429","event_sport":"archery","sport_wikidata_id":"Q108429","sport":"archery","source_page":"https://en.wikipedia.org/wiki/List_of_1904_Summer_Olympics_medal_winners","source_kind":"layers-derived-wikipedia-wikidata"}},{"type":"Feature","id":"olympic-medals-birthplace-1904-1016a0e76ebfc750","geometry":{"type":"Point","coordinates":[-84.9425,34.5]},"properties":{"year":1904,"medalist_wikidata_id":"Q605844","medalist_link":"https://en.wikipedia.org/wiki/William_Thompson_(archer)","medalist_name":"William Thompson","medal":"bronze","delegation_wikidata_id":"Q1350274","delegation_link":"https://en.wikipedia.org/wiki/United_States_at_the_1904_Summer_Olympics","delegation_name":"United States at the 1904 Summer Olympics","country_medal_wikidata_id":"Q30","country_medal":"United States","country_medal_code2":"US","country_medal_code3":"USA","country_medal_ioc_country_code":"USA","date_of_birth":"1848-03-10","place_of_birth_wikidata_id":"Q1022996","place_of_birth":"Calhoun","place_of_birth_located_in_wikidata_id":"Q200696","place_of_birth_located_in":"Gordon County","place_of_birth_coordinates":"34.5,-84.9425","sex_or_gender_wikidata_id":"Q6581097","sex_or_gender":"male","event_wikidata_id":"Q861234","event_link":"https://en.wikipedia.org/wiki/Archery_at_the_1904_Summer_Olympics_–_Men's_double_York_round","event_name":"archery at the 1904 Summer Olympics – men's double York round","event_part_of_wikidata_id":"Q385007","event_part_of":"archery at the 1904 Summer Olympics","event_sport_wikidata_id":"Q108429","event_sport":"archery","sport_wikidata_id":"Q108429","sport":"archery","source_page":"https://en.wikipedia.org/wiki/List_of_1904_Summer_Olympics_medal_winners","source_kind":"layers-derived-wikipedia-wikidata"}},{"type":"Feature","id":"olympic-medals-birthplace-1904-ae95fc76d08d8988","geometry":{"type":"Point","coordinates":[-71.066666666667,42.458333333333]},"properties":{"year":1904,"medalist_wikidata_id":"Q1370769","medalist_link":"https://en.wikipedia.org/wiki/George_Bryant_(archer)","medalist_name":"Phil Bryant","medal":"gold","delegation_wikidata_id":"Q1350274","delegation_link":"https://en.wikipedia.org/wiki/United_States_at_the_1904_Summer_Olympics","delegation_name":"United States at the 1904 Summer Olympics","country_medal_wikidata_id":"Q30","country_medal":"United States","country_medal_code2":"US","country_medal_code3":"USA","country_medal_ioc_country_code":"USA","date_of_birth":"1878-02-22","place_of_birth_wikidata_id":"Q54143","place_of_birth":"Melrose","place_of_birth_located_in_wikidata_id":"Q54073","place_of_birth_located_in":"Middlesex County","place_of_birth_coordinates":"42.458333333333,-71.066666666667","sex_or_gender_wikidata_id":"Q6581097","sex_or_gender":"male","event_wikidata_id":"Q861266","event_link":"https://en.wikipedia.org/wiki/Archery_at_the_1904_Summer_Olympics_–_Men's_double_American_round","event_name":"archery at the 1904 Summer Olympics – men's double American round","event_part_of_wikidata_id":"Q385007","event_part_of":"archery at the 1904 Summer Olympics","event_sport_wikidata_id":"Q108429","event_sport":"archery","sport_wikidata_id":"Q108429","sport":"archery","source_page":"https://en.wikipedia.org/wiki/List_of_1904_Summer_Olympics_medal_winners","source_kind":"layers-derived-wikipedia-wikidata"}},{"type":"Feature","id":"olympic-medals-birthplace-1904-af0474dad49a5d4b","geometry":{"type":"Point","coordinates":[-77.72,39.93]},"properties":{"year":1904,"medalist_wikidata_id":"Q1387453","medalist_link":"https://en.wikipedia.org/wiki/Robert_Williams_(archer)","medalist_name":"Robert Williams","medal":"silver","delegation_wikidata_id":"Q1350274","delegation_link":"https://en.wikipedia.org/wiki/United_States_at_the_1904_Summer_Olympics","delegation_name":"United States at the 1904 Summer Olympics","country_medal_wikidata_id":"Q30","country_medal":"United States","country_medal_code2":"US","country_medal_code3":"USA","country_medal_ioc_country_code":"USA","date_of_birth":"1841-01-24","place_of_birth_wikidata_id":"Q494121","place_of_birth":"Franklin County","place_of_birth_located_in_wikidata_id":"Q1400","place_of_birth_located_in":"Pennsylvania","place_of_birth_coordinates":"39.93,-77.72","sex_or_gender_wikidata_id":"Q6581097","sex_or_gender":"male","event_wikidata_id":"Q861266","event_link":"https://en.wikipedia.org/wiki/Archery_at_the_1904_Summer_Olympics_–_Men's_double_American_round","event_name":"archery at the 1904 Summer Olympics – men's double American round","event_part_of_wikidata_id":"Q385007","event_part_of":"archery at the 1904 Summer Olympics","event_sport_wikidata_id":"Q108429","event_sport":"archery","sport_wikidata_id":"Q108429","sport":"archery","source_page":"https://en.wikipedia.org/wiki/List_of_1904_Summer_Olympics_medal_winners","source_kind":"layers-derived-wikipedia-wikidata"}},{"type":"Feature","id":"olympic-medals-birthplace-1904-8010ae60ec7d8f26","geometry":{"type":"Point","coordinates":[-84.9425,34.5]},"properties":{"year":1904,"medalist_wikidata_id":"Q605844","medalist_link":"https://en.wikipedia.org/wiki/William_Thompson_(archer)","medalist_name":"William Thompson","medal":"bronze","delegation_wikidata_id":"Q1350274","delegation_link":"https://en.wikipedia.org/wiki/United_States_at_the_1904_Summer_Olympics","delegation_name":"United States at the 1904 Summer Olympics","country_medal_wikidata_id":"Q30","country_medal":"United States","country_medal_code2":"US","country_medal_code3":"USA","country_medal_ioc_country_code":"USA","date_of_birth":"1848-03-10","place_of_birth_wikidata_id":"Q1022996","place_of_birth":"Calhoun","place_of_birth_located_in_wikidata_id":"Q200696","place_of_birth_located_in":"Gordon County","place_of_birth_coordinates":"34.5,-84.9425","sex_or_gender_wikidata_id":"Q6581097","sex_or_gender":"male","event_wikidata_id":"Q861266","event_link":"https://en.wikipedia.org/wiki/Archery_at_the_1904_Summer_Olympics_–_Men's_double_American_round","event_name":"archery at the 1904 Summer Olympics – men's double American round","event_part_of_wikidata_id":"Q385007","event_part_of":"archery at the 1904 Summer Olympics","event_sport_wikidata_id":"Q108429","event_sport":"archery","sport_wikidata_id":"Q108429","sport":"archery","source_page":"https://en.wikipedia.org/wiki/List_of_1904_Summer_Olympics_medal_winners","source_kind":"layers-derived-wikipedia-wikidata"}},{"type":"Feature","id":"olympic-medals-birthplace-1904-36bfd75e2063e57e","geometry":{"type":"Point","coordinates":[-84.9425,34.5]},"properties":{"year":1904,"medalist_wikidata_id":"Q605844","medalist_link":"https://en.wikipedia.org/wiki/William_Thompson_(archer)","medalist_name":"William Thompson","medal":"gold","delegation_wikidata_id":"Q1350274","delegation_link":"https://en.wikipedia.org/wiki/United_States_at_the_1904_Summer_Olympics","delegation_name":"United States at the 1904 Summer Olympics","country_medal_wikidata_id":"Q30","country_medal":"United States","country_medal_code2":"US","country_medal_code3":"USA","country_medal_ioc_country_code":"USA","date_of_birth":"1848-03-10","place_of_birth_wikidata_id":"Q1022996","place_of_birth":"Calhoun","place_of_birth_located_in_wikidata_id":"Q200696","place_of_birth_located_in":"Gordon County","place_of_birth_coordinates":"34.5,-84.9425","sex_or_gender_wikidata_id":"Q6581097","sex_or_gender":"male","event_wikidata_id":"Q861276","event_link":"https://en.wikipedia.org/wiki/Archery_at_the_1904_Summer_Olympics_–_Men's_team_round","event_name":"archery at the 1904 Summer Olympics – men's team round","event_part_of_wikidata_id":"Q385007","event_part_of":"archery at the 1904 Summer Olympics","event_sport_wikidata_id":"Q108429","event_sport":"archery","sport_wikidata_id":"Q108429","sport":"archery","source_page":"https://en.wikipedia.org/wiki/List_of_1904_Summer_Olympics_medal_winners","source_kind":"layers-derived-wikipedia-wikidata"}},{"type":"Feature","id":"olympic-medals-birthplace-1904-eb40036eeadbd6ff","geometry":{"type":"Point","coordinates":[-77.72,39.93]},"properties":{"year":1904,"medalist_wikidata_id":"Q1387453","medalist_link":"https://en.wikipedia.org/wiki/Robert_Williams_(archer)","medalist_name":"Robert Williams","medal":"gold","delegation_wikidata_id":"Q1350274","delegation_link":"https://en.wikipedia.org/wiki/United_States_at_the_1904_Summer_Olympics","delegation_name":"United States at the 1904 Summer Olympics","country_medal_wikidata_id":"Q30","country_medal":"United States","country_medal_code2":"US","country_medal_code3":"USA","country_medal_ioc_country_code":"USA","date_of_birth":"1841-01-24","place_of_birth_wikidata_id":"Q494121","place_of_birth":"Franklin County","place_of_birth_located_in_wikidata_id":"Q1400","place_of_birth_located_in":"Pennsylvania","place_of_birth_coordinates":"39.93,-77.72","sex_or_gender_wikidata_id":"Q6581097","sex_or_gender":"male","event_wikidata_id":"Q861276","event_link":"https://en.wikipedia.org/wiki/Archery_at_the_1904_Summer_Olympics_–_Men's_team_round","event_name":"archery at the 1904 Summer Olympics – men's team round","event_part_of_wikidata_id":"Q385007","event_part_of":"archery at the 1904 Summer Olympics","event_sport_wikidata_id":"Q108429","event_sport":"archery","sport_wikidata_id":"Q108429","sport":"archery","source_page":"https://en.wikipedia.org/wiki/List_of_1904_Summer_Olympics_medal_winners","source_kind":"layers-derived-wikipedia-wikidata"}},{"type":"Feature","id":"olympic-medals-birthplace-1904-57bc8f52de6a0101","geometry":{"type":"Point","coordinates":[-120.66,38.44]},"properties":{"year":1904,"medalist_wikidata_id":"Q934760","medalist_link":"https://en.wikipedia.org/wiki/Louis_Maxson","medalist_name":"Louis Maxson","medal":"gold","delegation_wikidata_id":"Q1350274","delegation_link":"https://en.wikipedia.org/wiki/United_States_at_the_1904_Summer_Olympics","delegation_name":"United States at the 1904 Summer Olympics","country_medal_wikidata_id":"Q30","country_medal":"United States","country_medal_code2":"US","country_medal_code3":"USA","country_medal_ioc_country_code":"USA","date_of_birth":"1855-07-02","place_of_birth_wikidata_id":"Q156177","place_of_birth":"Amador County","place_of_birth_located_in_wikidata_id":"Q99","place_of_birth_located_in":"California","place_of_birth_coordinates":"38.44,-120.66","sex_or_gender_wikidata_id":"Q6581097","sex_or_gender":"male","event_wikidata_id":"Q861276","event_link":"https://en.wikipedia.org/wiki/Archery_at_the_1904_Summer_Olympics_–_Men's_team_round","event_name":"archery at the 1904 Summer Olympics – men's team round","event_part_of_wikidata_id":"Q385007","event_part_of":"archery at the 1904 Summer Olympics","event_sport_wikidata_id":"Q108429","event_sport":"archery","sport_wikidata_id":"Q108429","sport":"archery","source_page":"https://en.wikipedia.org/wiki/List_of_1904_Summer_Olympics_medal_winners","source_kind":"layers-derived-wikipedia-wikidata"}},{"type":"Feature","id":"olympic-medals-birthplace-1904-28735cfb8aa493a3","geometry":{"type":"Point","coordinates":[-74.00611111111111,40.71277777777778]},"properties":{"year":1904,"medalist_wikidata_id":"Q1387506","medalist_link":"https://en.wikipedia.org/wiki/Galen_Spencer","medalist_name":"Galen Spencer","medal":"gold","delegation_wikidata_id":"Q1350274","delegation_link":"https://en.wikipedia.org/wiki/United_States_at_the_1904_Summer_Olympics","delegation_name":"United States at the 1904 Summer Olympics","country_medal_wikidata_id":"Q30","country_medal":"United States","country_medal_code2":"US","country_medal_code3":"USA","country_medal_ioc_country_code":"USA","date_of_birth":"1840-09-19","place_of_birth_wikidata_id":"Q60","place_of_birth":"New York City","place_of_birth_located_in_wikidata_id":"Q1384","place_of_birth_located_in":"New York","place_of_birth_coordinates":"40.71277777777778,-74.00611111111111","sex_or_gender_wikidata_id":"Q6581097","sex_or_gender":"male","event_wikidata_id":"Q861276","event_link":"https://en.wikipedia.org/wiki/Archery_at_the_1904_Summer_Olympics_–_Men's_team_round","event_name":"archery at the 1904 Summer Olympics – men's team round","event_part_of_wikidata_id":"Q385007","event_part_of":"archery at the 1904 Summer Olympics","event_sport_wikidata_id":"Q108429","event_sport":"archery","sport_wikidata_id":"Q108429","sport":"archery","source_page":"https://en.wikipedia.org/wiki/List_of_1904_Summer_Olympics_medal_winners","source_kind":"layers-derived-wikipedia-wikidata"}},{"type":"Feature","id":"olympic-medals-birthplace-1904-79c6944e677a5cb0","geometry":{"type":"Point","coordinates":[-84.5125,39.1]},"properties":{"year":1904,"medalist_wikidata_id":"Q1066499","medalist_link":"https://en.wikipedia.org/wiki/Charles_Woodruff_(archer)","medalist_name":"Charles Woodruff","medal":"silver","delegation_wikidata_id":"Q1350274","delegation_link":"https://en.wikipedia.org/wiki/United_States_at_the_1904_Summer_Olympics","delegation_name":"United States at the 1904 Summer Olympics","country_medal_wikidata_id":"Q30","country_medal":"United States","country_medal_code2":"US","country_medal_code3":"USA","country_medal_ioc_country_code":"USA","date_of_birth":"1846-08-15","place_of_birth_wikidata_id":"Q43196","place_of_birth":"Cincinnati","place_of_birth_located_in_wikidata_id":"Q152891","place_of_birth_located_in":"Hamilton County","place_of_birth_coordinates":"39.1,-84.5125","sex_or_gender_wikidata_id":"Q6581097","sex_or_gender":"male","event_wikidata_id":"Q861276","event_link":"https://en.wikipedia.org/wiki/Archery_at_the_1904_Summer_Olympics_–_Men's_team_round","event_name":"archery at the 1904 Summer Olympics – men's team round","event_part_of_wikidata_id":"Q385007","event_part_of":"archery at the 1904 Summer Olympics","event_sport_wikidata_id":"Q108429","event_sport":"archery","sport_wikidata_id":"Q108429","sport":"archery","source_page":"https://en.wikipedia.org/wiki/List_of_1904_Summer_Olympics_medal_winners","source_kind":"layers-derived-wikipedia-wikidata"}},{"type":"Feature","id":"olympic-medals-birthplace-1904-7bdbc407cd0e0b5f","geometry":{"type":"Point","coordinates":[-84.5125,39.1]},"properties":{"year":1904,"medalist_wikidata_id":"Q934677","medalist_link":"https://en.wikipedia.org/wiki/William_Clark_(archer)","medalist_name":"William Clark","medal":"silver","delegation_wikidata_id":"Q1350274","delegation_link":"https://en.wikipedia.org/wiki/United_States_at_the_1904_Summer_Olympics","delegation_name":"United States at the 1904 Summer Olympics","country_medal_wikidata_id":"Q30","country_medal":"United States","country_medal_code2":"US","country_medal_code3":"USA","country_medal_ioc_country_code":"USA","date_of_birth":"1842-03-01","place_of_birth_wikidata_id":"Q43196","place_of_birth":"Cincinnati","place_of_birth_located_in_wikidata_id":"Q152891","place_of_birth_located_in":"Hamilton County","place_of_birth_coordinates":"39.1,-84.5125","sex_or_gender_wikidata_id":"Q6581097","sex_or_gender":"male","event_wikidata_id":"Q861276","event_link":"https://en.wikipedia.org/wiki/Archery_at_the_1904_Summer_Olympics_–_Men's_team_round","event_name":"archery at the 1904 Summer Olympics – men's team round","event_part_of_wikidata_id":"Q385007","event_part_of":"archery at the 1904 Summer Olympics","event_sport_wikidata_id":"Q108429","event_sport":"archery","sport_wikidata_id":"Q108429","sport":"archery","source_page":"https://en.wikipedia.org/wiki/List_of_1904_Summer_Olympics_medal_winners","source_kind":"layers-derived-wikipedia-wikidata"}},{"type":"Feature","id":"olympic-medals-birthplace-1904-87ce7ec1d360b349","geometry":{"type":"Point","coordinates":[-84.5125,39.1]},"properties":{"year":1904,"medalist_wikidata_id":"Q934719","medalist_link":"https://en.wikipedia.org/wiki/Charles_Hubbard_(archer)","medalist_name":"Charles Hubbard","medal":"silver","delegation_wikidata_id":"Q1350274","delegation_link":"https://en.wikipedia.org/wiki/United_States_at_the_1904_Summer_Olympics","delegation_name":"United States at the 1904 Summer Olympics","country_medal_wikidata_id":"Q30","country_medal":"United States","country_medal_code2":"US","country_medal_code3":"USA","country_medal_ioc_country_code":"USA","date_of_birth":"1849-08-20","place_of_birth_wikidata_id":"Q43196","place_of_birth":"Cincinnati","place_of_birth_located_in_wikidata_id":"Q152891","place_of_birth_located_in":"Hamilton County","place_of_birth_coordinates":"39.1,-84.5125","sex_or_gender_wikidata_id":"Q6581097","sex_or_gender":"male","event_wikidata_id":"Q861276","event_link":"https://en.wikipedia.org/wiki/Archery_at_the_1904_Summer_Olympics_–_Men's_team_round","event_name":"archery at the 1904 Summer Olympics – men's team round","event_part_of_wikidata_id":"Q385007","event_part_of":"archery at the 1904 Summer Olympics","event_sport_wikidata_id":"Q108429","event_sport":"archery","sport_wikidata_id":"Q108429","sport":"archery","source_page":"https://en.wikipedia.org/wiki/List_of_1904_Summer_Olympics_medal_winners","source_kind":"layers-derived-wikipedia-wikidata"}},{"type":"Feature","id":"olympic-medals-birthplace-1904-917f6ab530ceb377","geometry":{"type":"Point","coordinates":[-84.9289,39.6358]},"properties":{"year":1904,"medalist_wikidata_id":"Q634153","medalist_link":"https://en.wikipedia.org/wiki/Samuel_Duvall","medalist_name":"Samuel Duvall","medal":"silver","delegation_wikidata_id":"Q1350274","delegation_link":"https://en.wikipedia.org/wiki/United_States_at_the_1904_Summer_Olympics","delegation_name":"United States at the 1904 Summer Olympics","country_medal_wikidata_id":"Q30","country_medal":"United States","country_medal_code2":"US","country_medal_code3":"USA","country_medal_ioc_country_code":"USA","date_of_birth":"1836-03-11","place_of_birth_wikidata_id":"Q577351","place_of_birth":"Liberty","place_of_birth_located_in_wikidata_id":"Q507308","place_of_birth_located_in":"Union County","place_of_birth_coordinates":"39.6358,-84.9289","sex_or_gender_wikidata_id":"Q6581097","sex_or_gender":"male","event_wikidata_id":"Q861276","event_link":"https://en.wikipedia.org/wiki/Archery_at_the_1904_Summer_Olympics_–_Men's_team_round","event_name":"archery at the 1904 Summer Olympics – men's team round","event_part_of_wikidata_id":"Q385007","event_part_of":"archery at the 1904 Summer Olympics","event_sport_wikidata_id":"Q108429","event_sport":"archery","sport_wikidata_id":"Q108429","sport":"archery","source_page":"https://en.wikipedia.org/wiki/List_of_1904_Summer_Olympics_medal_winners","source_kind":"layers-derived-wikipedia-wikidata"}},{"type":"Feature","id":"olympic-medals-birthplace-1904-e47a0771e1119baa","geometry":{"type":"Point","coordinates":[-71.066666666667,42.458333333333]},"properties":{"year":1904,"medalist_wikidata_id":"Q1370769","medalist_link":"https://en.wikipedia.org/wiki/George_Bryant_(archer)","medalist_name":"Phil Bryant","medal":"bronze","delegation_wikidata_id":"Q1350274","delegation_link":"https://en.wikipedia.org/wiki/United_States_at_the_1904_Summer_Olympics","delegation_name":"United States at the 1904 Summer Olympics","country_medal_wikidata_id":"Q30","country_medal":"United States","country_medal_code2":"US","country_medal_code3":"USA","country_medal_ioc_country_code":"USA","date_of_birth":"1878-02-22","place_of_birth_wikidata_id":"Q54143","place_of_birth":"Melrose","place_of_birth_located_in_wikidata_id":"Q54073","place_of_birth_located_in":"Middlesex County","place_of_birth_coordinates":"42.458333333333,-71.066666666667","sex_or_gender_wikidata_id":"Q6581097","sex_or_gender":"male","event_wikidata_id":"Q861276","event_link":"https://en.wikipedia.org/wiki/Archery_at_the_1904_Summer_Olympics_–_Men's_team_round","event_name":"archery at the 1904 Summer Olympics – men's team round","event_part_of_wikidata_id":"Q385007","event_part_of":"archery at the 1904 Summer Olympics","event_sport_wikidata_id":"Q108429","event_sport":"archery","sport_wikidata_id":"Q108429","sport":"archery","source_page":"https://en.wikipedia.org/wiki/List_of_1904_Summer_Olympics_medal_winners","source_kind":"layers-derived-wikipedia-wikidata"}},{"type":"Feature","id":"olympic-medals-birthplace-1904-76785fab9e1828a2","geometry":{"type":"Point","coordinates":[-71.066666666667,42.458333333333]},"properties":{"year":1904,"medalist_wikidata_id":"Q1387424","medalist_link":"https://en.wikipedia.org/wiki/Wallace_Bryant_(archer)","medalist_name":"Wallace Bryant","medal":"bronze","delegation_wikidata_id":"Q1350274","delegation_link":"https://en.wikipedia.org/wiki/United_States_at_the_1904_Summer_Olympics","delegation_name":"United States at the 1904 Summer Olympics","country_medal_wikidata_id":"Q30","country_medal":"United States","country_medal_code2":"US","country_medal_code3":"USA","country_medal_ioc_country_code":"USA","date_of_birth":"1863-12-19","place_of_birth_wikidata_id":"Q54143","place_of_birth":"Melrose","place_of_birth_located_in_wikidata_id":"Q54073","place_of_birth_located_in":"Middlesex County","place_of_birth_coordinates":"42.458333333333,-71.066666666667","sex_or_gender_wikidata_id":"Q6581097","sex_or_gender":"male","event_wikidata_id":"Q861276","event_link":"https://en.wikipedia.org/wiki/Archery_at_the_1904_Summer_Olympics_–_Men's_team_round","event_name":"archery at the 1904 Summer Olympics – men's team round","event_part_of_wikidata_id":"Q385007","event_part_of":"archery at the 1904 Summer Olympics","event_sport_wikidata_id":"Q108429","event_sport":"archery","sport_wikidata_id":"Q108429","sport":"archery","source_page":"https://en.wikipedia.org/wiki/List_of_1904_Summer_Olympics_medal_winners","source_kind":"layers-derived-wikipedia-wikidata"}},{"type":"Feature","id":"olympic-medals-birthplace-1904-0682380e34854f8d","geometry":{"type":"Point","coordinates":[-111.604,40.1628]},"properties":{"year":1904,"medalist_wikidata_id":"Q1148931","medalist_link":"https://en.wikipedia.org/wiki/Cyrus_Edwin_Dallin","medalist_name":"Cyrus Edwin Dallin","medal":"bronze","delegation_wikidata_id":"Q1350274","delegation_link":"https://en.wikipedia.org/wiki/United_States_at_the_1904_Summer_Olympics","delegation_name":"United States at the 1904 Summer Olympics","country_medal_wikidata_id":"Q30","country_medal":"United States","country_medal_code2":"US","country_medal_code3":"USA","country_medal_ioc_country_code":"USA","date_of_birth":"1861-11-22","place_of_birth_wikidata_id":"Q482879","place_of_birth":"Springville","place_of_birth_located_in_wikidata_id":"Q27229","place_of_birth_located_in":"Utah County","place_of_birth_coordinates":"40.1628,-111.604","sex_or_gender_wikidata_id":"Q6581097","sex_or_gender":"male","event_wikidata_id":"Q861276","event_link":"https://en.wikipedia.org/wiki/Archery_at_the_1904_Summer_Olympics_–_Men's_team_round","event_name":"archery at the 1904 Summer Olympics – men's team round","event_part_of_wikidata_id":"Q385007","event_part_of":"archery at the 1904 Summer Olympics","event_sport_wikidata_id":"Q108429","event_sport":"archery","sport_wikidata_id":"Q108429","sport":"archery","source_page":"https://en.wikipedia.org/wiki/List_of_1904_Summer_Olympics_medal_winners","source_kind":"layers-derived-wikipedia-wikidata"}},{"type":"Feature","id":"olympic-medals-birthplace-1904-6bace100536a065a","geometry":{"type":"Point","coordinates":[-71.05777777777777,42.360277777777775]},"properties":{"year":1904,"medalist_wikidata_id":"Q948579","medalist_link":"https://en.wikipedia.org/wiki/Henry_B._Richardson","medalist_name":"Henry B. Richardson","medal":"bronze","delegation_wikidata_id":"Q1350274","delegation_link":"https://en.wikipedia.org/wiki/United_States_at_the_1904_Summer_Olympics","delegation_name":"United States at the 1904 Summer Olympics","country_medal_wikidata_id":"Q30","country_medal":"United States","country_medal_code2":"US","country_medal_code3":"USA","country_medal_ioc_country_code":"USA","date_of_birth":"1889-05-19","place_of_birth_wikidata_id":"Q100","place_of_birth":"Boston","place_of_birth_located_in_wikidata_id":"Q54072","place_of_birth_located_in":"Suffolk County","place_of_birth_coordinates":"42.360277777777775,-71.05777777777777","sex_or_gender_wikidata_id":"Q6581097","sex_or_gender":"male","event_wikidata_id":"Q861276","event_link":"https://en.wikipedia.org/wiki/Archery_at_the_1904_Summer_Olympics_–_Men's_team_round","event_name":"archery at the 1904 Summer Olympics – men's team round","event_part_of_wikidata_id":"Q385007","event_part_of":"archery at the 1904 Summer Olympics","event_sport_wikidata_id":"Q108429","event_sport":"archery","sport_wikidata_id":"Q108429","sport":"archery","source_page":"https://en.wikipedia.org/wiki/List_of_1904_Summer_Olympics_medal_winners","source_kind":"layers-derived-wikipedia-wikidata"}},{"type":"Feature","id":"olympic-medals-birthplace-1904-ace79734f5d1e6e4","geometry":{"type":"Point","coordinates":[-84.2125,39.426666666667]},"properties":{"year":1904,"medalist_wikidata_id":"Q262383","medalist_link":"https://en.wikipedia.org/wiki/Matilda_Howell","medalist_name":"Lida Howell","medal":"gold","delegation_wikidata_id":"Q1350274","delegation_link":"https://en.wikipedia.org/wiki/United_States_at_the_1904_Summer_Olympics","delegation_name":"United States at the 1904 Summer Olympics","country_medal_wikidata_id":"Q30","country_medal":"United States","country_medal_code2":"US","country_medal_code3":"USA","country_medal_ioc_country_code":"USA","date_of_birth":"1859-08-28","place_of_birth_wikidata_id":"Q986776","place_of_birth":"Lebanon","place_of_birth_located_in_wikidata_id":"Q489576","place_of_birth_located_in":"Warren County","place_of_birth_coordinates":"39.426666666667,-84.2125","sex_or_gender_wikidata_id":"Q6581072","sex_or_gender":"female","event_wikidata_id":"Q861257","event_link":"https://en.wikipedia.org/wiki/Archery_at_the_1904_Summer_Olympics_–_Women's_double_National_round","event_name":"archery at the 1904 Summer Olympics – women's double National round","event_part_of_wikidata_id":"Q385007","event_part_of":"archery at the 1904 Summer Olympics","event_sport_wikidata_id":"Q108429","event_sport":"archery","sport_wikidata_id":"Q108429","sport":"archery","source_page":"https://en.wikipedia.org/wiki/List_of_1904_Summer_Olympics_medal_winners","source_kind":"layers-derived-wikipedia-wikidata"}},{"type":"Feature","id":"olympic-medals-birthplace-1904-374943c223efdb36","geometry":{"type":"Point","coordinates":[-77.563611111111,39.911944444444]},"properties":{"year":1904,"medalist_wikidata_id":"Q442867","medalist_link":"https://en.wikipedia.org/wiki/Emma_Cooke","medalist_name":"Emma Cooke","medal":"silver","delegation_wikidata_id":"Q1350274","delegation_link":"https://en.wikipedia.org/wiki/United_States_at_the_1904_Summer_Olympics","delegation_name":"United States at the 1904 Summer Olympics","country_medal_wikidata_id":"Q30","country_medal":"United States","country_medal_code2":"US","country_medal_code3":"USA","country_medal_ioc_country_code":"USA","date_of_birth":"1848-09-07","place_of_birth_wikidata_id":"Q1133140","place_of_birth":"Fayetteville","place_of_birth_located_in_wikidata_id":"Q494121","place_of_birth_located_in":"Franklin County","place_of_birth_coordinates":"39.911944444444,-77.563611111111","sex_or_gender_wikidata_id":"Q6581072","sex_or_gender":"female","event_wikidata_id":"Q861257","event_link":"https://en.wikipedia.org/wiki/Archery_at_the_1904_Summer_Olympics_–_Women's_double_National_round","event_name":"archery at the 1904 Summer Olympics – women's double National round","event_part_of_wikidata_id":"Q385007","event_part_of":"archery at the 1904 Summer Olympics","event_sport_wikidata_id":"Q108429","event_sport":"archery","sport_wikidata_id":"Q108429","sport":"archery","source_page":"https://en.wikipedia.org/wiki/List_of_1904_Summer_Olympics_medal_winners","source_kind":"layers-derived-wikipedia-wikidata"}},{"type":"Feature","id":"olympic-medals-birthplace-1904-6dbc53c5ff56ba9f","geometry":{"type":"Point","coordinates":[-84.565,39.395833333333]},"properties":{"year":1904,"medalist_wikidata_id":"Q459379","medalist_link":"https://en.wikipedia.org/wiki/Jessie_Pollock","medalist_name":"Eliza Pollock","medal":"bronze","delegation_wikidata_id":"Q1350274","delegation_link":"https://en.wikipedia.org/wiki/United_States_at_the_1904_Summer_Olympics","delegation_name":"United States at the 1904 Summer Olympics","country_medal_wikidata_id":"Q30","country_medal":"United States","country_medal_code2":"US","country_medal_code3":"USA","country_medal_ioc_country_code":"USA","date_of_birth":"1840-10-24","place_of_birth_wikidata_id":"Q852673","place_of_birth":"Hamilton","place_of_birth_located_in_wikidata_id":"Q485561","place_of_birth_located_in":"Butler County","place_of_birth_coordinates":"39.395833333333,-84.565","sex_or_gender_wikidata_id":"Q6581072","sex_or_gender":"female","event_wikidata_id":"Q861257","event_link":"https://en.wikipedia.org/wiki/Archery_at_the_1904_Summer_Olympics_–_Women's_double_National_round","event_name":"archery at the 1904 Summer Olympics – women's double National round","event_part_of_wikidata_id":"Q385007","event_part_of":"archery at the 1904 Summer Olympics","event_sport_wikidata_id":"Q108429","event_sport":"archery","sport_wikidata_id":"Q108429","sport":"archery","source_page":"https://en.wikipedia.org/wiki/List_of_1904_Summer_Olympics_medal_winners","source_kind":"layers-derived-wikipedia-wikidata"}},{"type":"Feature","id":"olympic-medals-birthplace-1904-d8795d697de1009a","geometry":{"type":"Point","coordinates":[-84.2125,39.426666666667]},"properties":{"year":1904,"medalist_wikidata_id":"Q262383","medalist_link":"https://en.wikipedia.org/wiki/Matilda_Howell","medalist_name":"Lida Howell","medal":"gold","delegation_wikidata_id":"Q1350274","delegation_link":"https://en.wikipedia.org/wiki/United_States_at_the_1904_Summer_Olympics","delegation_name":"United States at the 1904 Summer Olympics","country_medal_wikidata_id":"Q30","country_medal":"United States","country_medal_code2":"US","country_medal_code3":"USA","country_medal_ioc_country_code":"USA","date_of_birth":"1859-08-28","place_of_birth_wikidata_id":"Q986776","place_of_birth":"Lebanon","place_of_birth_located_in_wikidata_id":"Q489576","place_of_birth_located_in":"Warren County","place_of_birth_coordinates":"39.426666666667,-84.2125","sex_or_gender_wikidata_id":"Q6581072","sex_or_gender":"female","event_wikidata_id":"Q861285","event_link":"https://en.wikipedia.org/wiki/Archery_at_the_1904_Summer_Olympics_–_Women's_double_Columbia_round","event_name":"archery at the 1904 Summer Olympics – women's double Columbia round","event_part_of_wikidata_id":"Q385007","event_part_of":"archery at the 1904 Summer Olympics","event_sport_wikidata_id":"Q108429","event_sport":"archery","sport_wikidata_id":"Q108429","sport":"archery","source_page":"https://en.wikipedia.org/wiki/List_of_1904_Summer_Olympics_medal_winners","source_kind":"layers-derived-wikipedia-wikidata"}},{"type":"Feature","id":"olympic-medals-birthplace-1904-1434c2fb029f0c49","geometry":{"type":"Point","coordinates":[-77.563611111111,39.911944444444]},"properties":{"year":1904,"medalist_wikidata_id":"Q442867","medalist_link":"https://en.wikipedia.org/wiki/Emma_Cooke","medalist_name":"Emma Cooke","medal":"silver","delegation_wikidata_id":"Q1350274","delegation_link":"https://en.wikipedia.org/wiki/United_States_at_the_1904_Summer_Olympics","delegation_name":"United States at the 1904 Summer Olympics","country_medal_wikidata_id":"Q30","country_medal":"United States","country_medal_code2":"US","country_medal_code3":"USA","country_medal_ioc_country_code":"USA","date_of_birth":"1848-09-07","place_of_birth_wikidata_id":"Q1133140","place_of_birth":"Fayetteville","place_of_birth_located_in_wikidata_id":"Q494121","place_of_birth_located_in":"Franklin County","place_of_birth_coordinates":"39.911944444444,-77.563611111111","sex_or_gender_wikidata_id":"Q6581072","sex_or_gender":"female","event_wikidata_id":"Q861285","event_link":"https://en.wikipedia.org/wiki/Archery_at_the_1904_Summer_Olympics_–_Women's_double_Columbia_round","event_name":"archery at the 1904 Summer Olympics – women's double Columbia round","event_part_of_wikidata_id":"Q385007","event_part_of":"archery at the 1904 Summer Olympics","event_sport_wikidata_id":"Q108429","event_sport":"archery","sport_wikidata_id":"Q108429","sport":"archery","source_page":"https://en.wikipedia.org/wiki/List_of_1904_Summer_Olympics_medal_winners","source_kind":"layers-derived-wikipedia-wikidata"}},{"type":"Feature","id":"olympic-medals-birthplace-1904-07240a406d6f738a","geometry":{"type":"Point","coordinates":[-84.565,39.395833333333]},"properties":{"year":1904,"medalist_wikidata_id":"Q459379","medalist_link":"https://en.wikipedia.org/wiki/Jessie_Pollock","medalist_name":"Eliza Pollock","medal":"bronze","delegation_wikidata_id":"Q1350274","delegation_link":"https://en.wikipedia.org/wiki/United_States_at_the_1904_Summer_Olympics","delegation_name":"United States at the 1904 Summer Olympics","country_medal_wikidata_id":"Q30","country_medal":"United States","country_medal_code2":"US","country_medal_code3":"USA","country_medal_ioc_country_code":"USA","date_of_birth":"1840-10-24","place_of_birth_wikidata_id":"Q852673","place_of_birth":"Hamilton","place_of_birth_located_in_wikidata_id":"Q485561","place_of_birth_located_in":"Butler County","place_of_birth_coordinates":"39.395833333333,-84.565","sex_or_gender_wikidata_id":"Q6581072","sex_or_gender":"female","event_wikidata_id":"Q861285","event_link":"https://en.wikipedia.org/wiki/Archery_at_the_1904_Summer_Olympics_–_Women's_double_Columbia_round","event_name":"archery at the 1904 Summer Olympics – women's double Columbia round","event_part_of_wikidata_id":"Q385007","event_part_of":"archery at the 1904 Summer Olympics","event_sport_wikidata_id":"Q108429","event_sport":"archery","sport_wikidata_id":"Q108429","sport":"archery","source_page":"https://en.wikipedia.org/wiki/List_of_1904_Summer_Olympics_medal_winners","source_kind":"layers-derived-wikipedia-wikidata"}},{"type":"Feature","id":"olympic-medals-birthplace-1904-07f17fcbadd15056","geometry":{"type":"Point","coordinates":[-84.2125,39.426666666667]},"properties":{"year":1904,"medalist_wikidata_id":"Q262383","medalist_link":"https://en.wikipedia.org/wiki/Matilda_Howell","medalist_name":"Lida Howell","medal":"gold","delegation_wikidata_id":"Q1350274","delegation_link":"https://en.wikipedia.org/wiki/United_States_at_the_1904_Summer_Olympics","delegation_name":"United States at the 1904 Summer Olympics","country_medal_wikidata_id":"Q30","country_medal":"United States","country_medal_code2":"US","country_medal_code3":"USA","country_medal_ioc_country_code":"USA","date_of_birth":"1859-08-28","place_of_birth_wikidata_id":"Q986776","place_of_birth":"Lebanon","place_of_birth_located_in_wikidata_id":"Q489576","place_of_birth_located_in":"Warren County","place_of_birth_coordinates":"39.426666666667,-84.2125","sex_or_gender_wikidata_id":"Q6581072","sex_or_gender":"female","event_wikidata_id":"Q861243","event_link":"https://en.wikipedia.org/wiki/Archery_at_the_1904_Summer_Olympics_–_Women's_team_round","event_name":"archery at the 1904 Summer Olympics – women's team round","event_part_of_wikidata_id":"Q385007","event_part_of":"archery at the 1904 Summer Olympics","event_sport_wikidata_id":"Q108429","event_sport":"archery","sport_wikidata_id":"Q108429","sport":"archery","source_page":"https://en.wikipedia.org/wiki/List_of_1904_Summer_Olympics_medal_winners","source_kind":"layers-derived-wikipedia-wikidata"}},{"type":"Feature","id":"olympic-medals-birthplace-1904-5d7218524063834e","geometry":{"type":"Point","coordinates":[-84.565,39.395833333333]},"properties":{"year":1904,"medalist_wikidata_id":"Q459379","medalist_link":"https://en.wikipedia.org/wiki/Jessie_Pollock","medalist_name":"Eliza Pollock","medal":"gold","delegation_wikidata_id":"Q1350274","delegation_link":"https://en.wikipedia.org/wiki/United_States_at_the_1904_Summer_Olympics","delegation_name":"United States at the 1904 Summer Olympics","country_medal_wikidata_id":"Q30","country_medal":"United States","country_medal_code2":"US","country_medal_code3":"USA","country_medal_ioc_country_code":"USA","date_of_birth":"1840-10-24","place_of_birth_wikidata_id":"Q852673","place_of_birth":"Hamilton","place_of_birth_located_in_wikidata_id":"Q485561","place_of_birth_located_in":"Butler County","place_of_birth_coordinates":"39.395833333333,-84.565","sex_or_gender_wikidata_id":"Q6581072","sex_or_gender":"female","event_wikidata_id":"Q861243","event_link":"https://en.wikipedia.org/wiki/Archery_at_the_1904_Summer_Olympics_–_Women's_team_round","event_name":"archery at the 1904 Summer Olympics – women's team round","event_part_of_wikidata_id":"Q385007","event_part_of":"archery at the 1904 Summer Olympics","event_sport_wikidata_id":"Q108429","event_sport":"archery","sport_wikidata_id":"Q108429","sport":"archery","source_page":"https://en.wikipedia.org/wiki/List_of_1904_Summer_Olympics_medal_winners","source_kind":"layers-derived-wikipedia-wikidata"}},{"type":"Feature","id":"olympic-medals-birthplace-1904-eca39a1ff134ad51","geometry":{"type":"Point","coordinates":[-84.5125,39.1]},"properties":{"year":1904,"medalist_wikidata_id":"Q299590","medalist_link":"https://en.wikipedia.org/wiki/Laura_Woodruff","medalist_name":"Emily Woodruff","medal":"gold","delegation_wikidata_id":"Q1350274","delegation_link":"https://en.wikipedia.org/wiki/United_States_at_the_1904_Summer_Olympics","delegation_name":"United States at the 1904 Summer Olympics","country_medal_wikidata_id":"Q30","country_medal":"United States","country_medal_code2":"US","country_medal_code3":"USA","country_medal_ioc_country_code":"USA","date_of_birth":"1846-04-19","place_of_birth_wikidata_id":"Q43196","place_of_birth":"Cincinnati","place_of_birth_located_in_wikidata_id":"Q152891","place_of_birth_located_in":"Hamilton County","place_of_birth_coordinates":"39.1,-84.5125","sex_or_gender_wikidata_id":"Q6581072","sex_or_gender":"female","event_wikidata_id":"Q861243","event_link":"https://en.wikipedia.org/wiki/Archery_at_the_1904_Summer_Olympics_–_Women's_team_round","event_name":"archery at the 1904 Summer Olympics – women's team round","event_part_of_wikidata_id":"Q385007","event_part_of":"archery at the 1904 Summer Olympics","event_sport_wikidata_id":"Q108429","event_sport":"archery","sport_wikidata_id":"Q108429","sport":"archery","source_page":"https://en.wikipedia.org/wiki/List_of_1904_Summer_Olympics_medal_winners","source_kind":"layers-derived-wikipedia-wikidata"}},{"type":"Feature","id":"olympic-medals-birthplace-1904-5970f93e690a19e6","geometry":{"type":"Point","coordinates":[-84.5125,39.1]},"properties":{"year":1904,"medalist_wikidata_id":"Q293373","medalist_link":"https://en.wikipedia.org/wiki/Leonie_Taylor","medalist_name":"Leonie Taylor","medal":"gold","delegation_wikidata_id":"Q1350274","delegation_link":"https://en.wikipedia.org/wiki/United_States_at_the_1904_Summer_Olympics","delegation_name":"United States at the 1904 Summer Olympics","country_medal_wikidata_id":"Q30","country_medal":"United States","country_medal_code2":"US","country_medal_code3":"USA","country_medal_ioc_country_code":"USA","date_of_birth":"1870-03-00","place_of_birth_wikidata_id":"Q43196","place_of_birth":"Cincinnati","place_of_birth_located_in_wikidata_id":"Q152891","place_of_birth_located_in":"Hamilton County","place_of_birth_coordinates":"39.1,-84.5125","sex_or_gender_wikidata_id":"Q6581072","sex_or_gender":"female","event_wikidata_id":"Q861243","event_link":"https://en.wikipedia.org/wiki/Archery_at_the_1904_Summer_Olympics_–_Women's_team_round","event_name":"archery at the 1904 Summer Olympics – women's team round","event_part_of_wikidata_id":"Q385007","event_part_of":"archery at the 1904 Summer Olympics","event_sport_wikidata_id":"Q108429","event_sport":"archery","sport_wikidata_id":"Q108429","sport":"archery","source_page":"https://en.wikipedia.org/wiki/List_of_1904_Summer_Olympics_medal_winners","source_kind":"layers-derived-wikipedia-wikidata"}},{"type":"Feature","id":"olympic-medals-birthplace-1904-c8b53ec983504e0c","geometry":{"type":"Point","coordinates":[-90.131111111111,42.963333333333]},"properties":{"year":1904,"medalist_wikidata_id":"Q313195","medalist_link":"https://en.wikipedia.org/wiki/Archie_Hahn_(athlete)","medalist_name":"Archie Hahn","medal":"gold","delegation_wikidata_id":"Q1350274","delegation_link":"https://en.wikipedia.org/wiki/United_States_at_the_1904_Summer_Olympics","delegation_name":"United States at the 1904 Summer Olympics","country_medal_wikidata_id":"Q30","country_medal":"United States","country_medal_code2":"US","country_medal_code3":"USA","country_medal_ioc_country_code":"USA","date_of_birth":"1880-09-14","place_of_birth_wikidata_id":"Q1013664","place_of_birth":"Dodgeville","place_of_birth_located_in_wikidata_id":"Q501582","place_of_birth_located_in":"Iowa County","place_of_birth_coordinates":"42.963333333333,-90.131111111111","sex_or_gender_wikidata_id":"Q6581097","sex_or_gender":"male","event_wikidata_id":"Q249223","event_link":"https://en.wikipedia.org/wiki/Athletics_at_the_1904_Summer_Olympics_–_Men's_60_metres","event_name":"athletics at the 1904 Summer Olympics – men's 60 metres","event_part_of_wikidata_id":"Q723599","event_part_of":"athletics at the 1904 Summer Olympics","event_sport_wikidata_id":"Q542","event_sport":"athletics","sport_wikidata_id":"Q542","sport":"athletics","source_page":"https://en.wikipedia.org/wiki/List_of_1904_Summer_Olympics_medal_winners","source_kind":"layers-derived-wikipedia-wikidata"}},{"type":"Feature","id":"olympic-medals-birthplace-1904-aa255fedb2eadfb5","geometry":{"type":"Point","coordinates":[-87.62777777777778,41.88194444444444]},"properties":{"year":1904,"medalist_wikidata_id":"Q391707","medalist_link":"https://en.wikipedia.org/wiki/William_Hogenson","medalist_name":"William Hogenson","medal":"silver","delegation_wikidata_id":"Q1350274","delegation_link":"https://en.wikipedia.org/wiki/United_States_at_the_1904_Summer_Olympics","delegation_name":"United States at the 1904 Summer Olympics","country_medal_wikidata_id":"Q30","country_medal":"United States","country_medal_code2":"US","country_medal_code3":"USA","country_medal_ioc_country_code":"USA","date_of_birth":"1884-10-26","place_of_birth_wikidata_id":"Q1297","place_of_birth":"Chicago","place_of_birth_located_in_wikidata_id":"Q108418","place_of_birth_located_in":"Cook County","place_of_birth_coordinates":"41.88194444444444,-87.62777777777778","sex_or_gender_wikidata_id":"Q6581097","sex_or_gender":"male","event_wikidata_id":"Q249223","event_link":"https://en.wikipedia.org/wiki/Athletics_at_the_1904_Summer_Olympics_–_Men's_60_metres","event_name":"athletics at the 1904 Summer Olympics – men's 60 metres","event_part_of_wikidata_id":"Q723599","event_part_of":"athletics at the 1904 Summer Olympics","event_sport_wikidata_id":"Q542","event_sport":"athletics","sport_wikidata_id":"Q542","sport":"athletics","source_page":"https://en.wikipedia.org/wiki/List_of_1904_Summer_Olympics_medal_winners","source_kind":"layers-derived-wikipedia-wikidata"}},{"type":"Feature","id":"olympic-medals-birthplace-1904-ab022ab33d56f4e6","geometry":{"type":"Point","coordinates":[-97.01583,38.34889]},"properties":{"year":1904,"medalist_wikidata_id":"Q1384705","medalist_link":"https://en.wikipedia.org/wiki/Fay_Moulton","medalist_name":"Fay Moulton","medal":"bronze","delegation_wikidata_id":"Q1350274","delegation_link":"https://en.wikipedia.org/wiki/United_States_at_the_1904_Summer_Olympics","delegation_name":"United States at the 1904 Summer Olympics","country_medal_wikidata_id":"Q30","country_medal":"United States","country_medal_code2":"US","country_medal_code3":"USA","country_medal_ioc_country_code":"USA","date_of_birth":"1876-04-07","place_of_birth_wikidata_id":"Q2232382","place_of_birth":"Marion","place_of_birth_located_in_wikidata_id":"Q374765","place_of_birth_located_in":"Marion County","place_of_birth_coordinates":"38.34889,-97.01583","sex_or_gender_wikidata_id":"Q6581097","sex_or_gender":"male","event_wikidata_id":"Q249223","event_link":"https://en.wikipedia.org/wiki/Athletics_at_the_1904_Summer_Olympics_–_Men's_60_metres","event_name":"athletics at the 1904 Summer Olympics – men's 60 metres","event_part_of_wikidata_id":"Q723599","event_part_of":"athletics at the 1904 Summer Olympics","event_sport_wikidata_id":"Q542","event_sport":"athletics","sport_wikidata_id":"Q542","sport":"athletics","source_page":"https://en.wikipedia.org/wiki/List_of_1904_Summer_Olympics_medal_winners","source_kind":"layers-derived-wikipedia-wikidata"}},{"type":"Feature","id":"olympic-medals-birthplace-1904-0a95e3a02b798341","geometry":{"type":"Point","coordinates":[-90.131111111111,42.963333333333]},"properties":{"year":1904,"medalist_wikidata_id":"Q313195","medalist_link":"https://en.wikipedia.org/wiki/Archie_Hahn_(athlete)","medalist_name":"Archie Hahn","medal":"gold","delegation_wikidata_id":"Q1350274","delegation_link":"https://en.wikipedia.org/wiki/United_States_at_the_1904_Summer_Olympics","delegation_name":"United States at the 1904 Summer Olympics","country_medal_wikidata_id":"Q30","country_medal":"United States","country_medal_code2":"US","country_medal_code3":"USA","country_medal_ioc_country_code":"USA","date_of_birth":"1880-09-14","place_of_birth_wikidata_id":"Q1013664","place_of_birth":"Dodgeville","place_of_birth_located_in_wikidata_id":"Q501582","place_of_birth_located_in":"Iowa County","place_of_birth_coordinates":"42.963333333333,-90.131111111111","sex_or_gender_wikidata_id":"Q6581097","sex_or_gender":"male","event_wikidata_id":"Q248957","event_link":"https://en.wikipedia.org/wiki/Athletics_at_the_1904_Summer_Olympics_–_Men's_100_metres","event_name":"athletics at the 1904 Summer Olympics – men's 100 metres","event_part_of_wikidata_id":"Q723599","event_part_of":"athletics at the 1904 Summer Olympics","event_sport_wikidata_id":"Q542","event_sport":"athletics","sport_wikidata_id":"Q542","sport":"athletics","source_page":"https://en.wikipedia.org/wiki/List_of_1904_Summer_Olympics_medal_winners","source_kind":"layers-derived-wikipedia-wikidata"}},{"type":"Feature","id":"olympic-medals-birthplace-1904-0ea00430a1a792f3","geometry":{"type":"Point","coordinates":[-87.95,37.66]},"properties":{"year":1904,"medalist_wikidata_id":"Q982432","medalist_link":"https://en.wikipedia.org/wiki/Nathaniel_Cartmell","medalist_name":"Nathaniel Cartmell","medal":"silver","delegation_wikidata_id":"Q1350274","delegation_link":"https://en.wikipedia.org/wiki/United_States_at_the_1904_Summer_Olympics","delegation_name":"United States at the 1904 Summer Olympics","country_medal_wikidata_id":"Q30","country_medal":"United States","country_medal_code2":"US","country_medal_code3":"USA","country_medal_ioc_country_code":"USA","date_of_birth":"1883-01-13","place_of_birth_wikidata_id":"Q502707","place_of_birth":"Union County","place_of_birth_located_in_wikidata_id":"Q1603","place_of_birth_located_in":"Kentucky","place_of_birth_coordinates":"37.66,-87.95","sex_or_gender_wikidata_id":"Q6581097","sex_or_gender":"male","event_wikidata_id":"Q248957","event_link":"https://en.wikipedia.org/wiki/Athletics_at_the_1904_Summer_Olympics_–_Men's_100_metres","event_name":"athletics at the 1904 Summer Olympics – men's 100 metres","event_part_of_wikidata_id":"Q723599","event_part_of":"athletics at the 1904 Summer Olympics","event_sport_wikidata_id":"Q542","event_sport":"athletics","sport_wikidata_id":"Q542","sport":"athletics","source_page":"https://en.wikipedia.org/wiki/List_of_1904_Summer_Olympics_medal_winners","source_kind":"layers-derived-wikipedia-wikidata"}},{"type":"Feature","id":"olympic-medals-birthplace-1904-f0aba883d308bb07","geometry":{"type":"Point","coordinates":[-87.62777777777778,41.88194444444444]},"properties":{"year":1904,"medalist_wikidata_id":"Q391707","medalist_link":"https://en.wikipedia.org/wiki/William_Hogenson","medalist_name":"William Hogenson","medal":"bronze","delegation_wikidata_id":"Q1350274","delegation_link":"https://en.wikipedia.org/wiki/United_States_at_the_1904_Summer_Olympics","delegation_name":"United States at the 1904 Summer Olympics","country_medal_wikidata_id":"Q30","country_medal":"United States","country_medal_code2":"US","country_medal_code3":"USA","country_medal_ioc_country_code":"USA","date_of_birth":"1884-10-26","place_of_birth_wikidata_id":"Q1297","place_of_birth":"Chicago","place_of_birth_located_in_wikidata_id":"Q108418","place_of_birth_located_in":"Cook County","place_of_birth_coordinates":"41.88194444444444,-87.62777777777778","sex_or_gender_wikidata_id":"Q6581097","sex_or_gender":"male","event_wikidata_id":"Q248957","event_link":"https://en.wikipedia.org/wiki/Athletics_at_the_1904_Summer_Olympics_–_Men's_100_metres","event_name":"athletics at the 1904 Summer Olympics – men's 100 metres","event_part_of_wikidata_id":"Q723599","event_part_of":"athletics at the 1904 Summer Olympics","event_sport_wikidata_id":"Q542","event_sport":"athletics","sport_wikidata_id":"Q542","sport":"athletics","source_page":"https://en.wikipedia.org/wiki/List_of_1904_Summer_Olympics_medal_winners","source_kind":"layers-derived-wikipedia-wikidata"}},{"type":"Feature","id":"olympic-medals-birthplace-1904-bddac26c80728dc9","geometry":{"type":"Point","coordinates":[-90.131111111111,42.963333333333]},"properties":{"year":1904,"medalist_wikidata_id":"Q313195","medalist_link":"https://en.wikipedia.org/wiki/Archie_Hahn_(athlete)","medalist_name":"Archie Hahn","medal":"gold","delegation_wikidata_id":"Q1350274","delegation_link":"https://en.wikipedia.org/wiki/United_States_at_the_1904_Summer_Olympics","delegation_name":"United States at the 1904 Summer Olympics","country_medal_wikidata_id":"Q30","country_medal":"United States","country_medal_code2":"US","country_medal_code3":"USA","country_medal_ioc_country_code":"USA","date_of_birth":"1880-09-14","place_of_birth_wikidata_id":"Q1013664","place_of_birth":"Dodgeville","place_of_birth_located_in_wikidata_id":"Q501582","place_of_birth_located_in":"Iowa County","place_of_birth_coordinates":"42.963333333333,-90.131111111111","sex_or_gender_wikidata_id":"Q6581097","sex_or_gender":"male","event_wikidata_id":"Q1185646","event_link":"https://en.wikipedia.org/wiki/Athletics_at_the_1904_Summer_Olympics_–_Men's_200_metres","event_name":"athletics at the 1904 Summer Olympics – men's 200 metres","event_part_of_wikidata_id":"Q723599","event_part_of":"athletics at the 1904 Summer Olympics","event_sport_wikidata_id":"Q542","event_sport":"athletics","sport_wikidata_id":"Q542","sport":"athletics","source_page":"https://en.wikipedia.org/wiki/List_of_1904_Summer_Olympics_medal_winners","source_kind":"layers-derived-wikipedia-wikidata"}},{"type":"Feature","id":"olympic-medals-birthplace-1904-5f2b26c4893b74ef","geometry":{"type":"Point","coordinates":[-87.95,37.66]},"properties":{"year":1904,"medalist_wikidata_id":"Q982432","medalist_link":"https://en.wikipedia.org/wiki/Nathaniel_Cartmell","medalist_name":"Nathaniel Cartmell","medal":"silver","delegation_wikidata_id":"Q1350274","delegation_link":"https://en.wikipedia.org/wiki/United_States_at_the_1904_Summer_Olympics","delegation_name":"United States at the 1904 Summer Olympics","country_medal_wikidata_id":"Q30","country_medal":"United States","country_medal_code2":"US","country_medal_code3":"USA","country_medal_ioc_country_code":"USA","date_of_birth":"1883-01-13","place_of_birth_wikidata_id":"Q502707","place_of_birth":"Union County","place_of_birth_located_in_wikidata_id":"Q1603","place_of_birth_located_in":"Kentucky","place_of_birth_coordinates":"37.66,-87.95","sex_or_gender_wikidata_id":"Q6581097","sex_or_gender":"male","event_wikidata_id":"Q1185646","event_link":"https://en.wikipedia.org/wiki/Athletics_at_the_1904_Summer_Olympics_–_Men's_200_metres","event_name":"athletics at the 1904 Summer Olympics – men's 200 metres","event_part_of_wikidata_id":"Q723599","event_part_of":"athletics at the 1904 Summer Olympics","event_sport_wikidata_id":"Q542","event_sport":"athletics","sport_wikidata_id":"Q542","sport":"athletics","source_page":"https://en.wikipedia.org/wiki/List_of_1904_Summer_Olympics_medal_winners","source_kind":"layers-derived-wikipedia-wikidata"}},{"type":"Feature","id":"olympic-medals-birthplace-1904-152abb3ff98c4703","geometry":{"type":"Point","coordinates":[-87.62777777777778,41.88194444444444]},"properties":{"year":1904,"medalist_wikidata_id":"Q391707","medalist_link":"https://en.wikipedia.org/wiki/William_Hogenson","medalist_name":"William Hogenson","medal":"bronze","delegation_wikidata_id":"Q1350274","delegation_link":"https://en.wikipedia.org/wiki/United_States_at_the_1904_Summer_Olympics","delegation_name":"United States at the 1904 Summer Olympics","country_medal_wikidata_id":"Q30","country_medal":"United States","country_medal_code2":"US","country_medal_code3":"USA","country_medal_ioc_country_code":"USA","date_of_birth":"1884-10-26","place_of_birth_wikidata_id":"Q1297","place_of_birth":"Chicago","place_of_birth_located_in_wikidata_id":"Q108418","place_of_birth_located_in":"Cook County","place_of_birth_coordinates":"41.88194444444444,-87.62777777777778","sex_or_gender_wikidata_id":"Q6581097","sex_or_gender":"male","event_wikidata_id":"Q1185646","event_link":"https://en.wikipedia.org/wiki/Athletics_at_the_1904_Summer_Olympics_–_Men's_200_metres","event_name":"athletics at the 1904 Summer Olympics – men's 200 metres","event_part_of_wikidata_id":"Q723599","event_part_of":"athletics at the 1904 Summer Olympics","event_sport_wikidata_id":"Q542","event_sport":"athletics","sport_wikidata_id":"Q542","sport":"athletics","source_page":"https://en.wikipedia.org/wiki/List_of_1904_Summer_Olympics_medal_winners","source_kind":"layers-derived-wikipedia-wikidata"}},{"type":"Feature","id":"olympic-medals-birthplace-1904-7be25ddfb307390e","geometry":{"type":"Point","coordinates":[-73.94972222222222,40.65083333333333]},"properties":{"year":1904,"medalist_wikidata_id":"Q347233","medalist_link":"https://en.wikipedia.org/wiki/Harry_Hillman","medalist_name":"Harry Hillman","medal":"gold","delegation_wikidata_id":"Q1350274","delegation_link":"https://en.wikipedia.org/wiki/United_States_at_the_1904_Summer_Olympics","delegation_name":"United States at the 1904 Summer Olympics","country_medal_wikidata_id":"Q30","country_medal":"United States","country_medal_code2":"US","country_medal_code3":"USA","country_medal_ioc_country_code":"USA","date_of_birth":"1881-09-08","place_of_birth_wikidata_id":"Q18419","place_of_birth":"Brooklyn","place_of_birth_located_in_wikidata_id":"Q60","place_of_birth_located_in":"New York City","place_of_birth_coordinates":"40.65083333333333,-73.94972222222222","sex_or_gender_wikidata_id":"Q6581097","sex_or_gender":"male","event_wikidata_id":"Q1185540","event_link":"https://en.wikipedia.org/wiki/Athletics_at_the_1904_Summer_Olympics_–_Men's_400_metres","event_name":"athletics at the 1904 Summer Olympics – men's 400 metres","event_part_of_wikidata_id":"Q723599","event_part_of":"athletics at the 1904 Summer Olympics","event_sport_wikidata_id":"Q542","event_sport":"athletics","sport_wikidata_id":"Q542","sport":"athletics","source_page":"https://en.wikipedia.org/wiki/List_of_1904_Summer_Olympics_medal_winners","source_kind":"layers-derived-wikipedia-wikidata"}},{"type":"Feature","id":"olympic-medals-birthplace-1904-082bb300e3ad3129","geometry":{"type":"Point","coordinates":[-93.093611111111,44.944166666667]},"properties":{"year":1904,"medalist_wikidata_id":"Q924055","medalist_link":"https://en.wikipedia.org/wiki/Frank_Waller_(athlete)","medalist_name":"Frank Waller","medal":"silver","delegation_wikidata_id":"Q1350274","delegation_link":"https://en.wikipedia.org/wiki/United_States_at_the_1904_Summer_Olympics","delegation_name":"United States at the 1904 Summer Olympics","country_medal_wikidata_id":"Q30","country_medal":"United States","country_medal_code2":"US","country_medal_code3":"USA","country_medal_ioc_country_code":"USA","date_of_birth":"1884-06-24","place_of_birth_wikidata_id":"Q28848","place_of_birth":"Saint Paul","place_of_birth_located_in_wikidata_id":"Q491201","place_of_birth_located_in":"Ramsey County","place_of_birth_coordinates":"44.944166666667,-93.093611111111","sex_or_gender_wikidata_id":"Q6581097","sex_or_gender":"male","event_wikidata_id":"Q1185540","event_link":"https://en.wikipedia.org/wiki/Athletics_at_the_1904_Summer_Olympics_–_Men's_400_metres","event_name":"athletics at the 1904 Summer Olympics – men's 400 metres","event_part_of_wikidata_id":"Q723599","event_part_of":"athletics at the 1904 Summer Olympics","event_sport_wikidata_id":"Q542","event_sport":"athletics","sport_wikidata_id":"Q542","sport":"athletics","source_page":"https://en.wikipedia.org/wiki/List_of_1904_Summer_Olympics_medal_winners","source_kind":"layers-derived-wikipedia-wikidata"}},{"type":"Feature","id":"olympic-medals-birthplace-1904-c744c03359cf61f7","geometry":{"type":"Point","coordinates":[-95.251388888889,42.310277777778]},"properties":{"year":1904,"medalist_wikidata_id":"Q932906","medalist_link":"https://en.wikipedia.org/wiki/Herman_Groman","medalist_name":"Herman Groman","medal":"bronze","delegation_wikidata_id":"Q1350274","delegation_link":"https://en.wikipedia.org/wiki/United_States_at_the_1904_Summer_Olympics","delegation_name":"United States at the 1904 Summer Olympics","country_medal_wikidata_id":"Q30","country_medal":"United States","country_medal_code2":"US","country_medal_code3":"USA","country_medal_ioc_country_code":"USA","date_of_birth":"1882-08-18","place_of_birth_wikidata_id":"Q998764","place_of_birth":"Odebolt","place_of_birth_located_in_wikidata_id":"Q156639","place_of_birth_located_in":"Sac County","place_of_birth_coordinates":"42.310277777778,-95.251388888889","sex_or_gender_wikidata_id":"Q6581097","sex_or_gender":"male","event_wikidata_id":"Q1185540","event_link":"https://en.wikipedia.org/wiki/Athletics_at_the_1904_Summer_Olympics_–_Men's_400_metres","event_name":"athletics at the 1904 Summer Olympics – men's 400 metres","event_part_of_wikidata_id":"Q723599","event_part_of":"athletics at the 1904 Summer Olympics","event_sport_wikidata_id":"Q542","event_sport":"athletics","sport_wikidata_id":"Q542","sport":"athletics","source_page":"https://en.wikipedia.org/wiki/List_of_1904_Summer_Olympics_medal_winners","source_kind":"layers-derived-wikipedia-wikidata"}},{"type":"Feature","id":"olympic-medals-birthplace-1904-25c28b4f9a9614a4","geometry":{"type":"Point","coordinates":[-80,40.44166666666667]},"properties":{"year":1904,"medalist_wikidata_id":"Q318952","medalist_link":"https://en.wikipedia.org/wiki/James_Lightbody","medalist_name":"James Lightbody","medal":"gold","delegation_wikidata_id":"Q1350274","delegation_link":"https://en.wikipedia.org/wiki/United_States_at_the_1904_Summer_Olympics","delegation_name":"United States at the 1904 Summer Olympics","country_medal_wikidata_id":"Q30","country_medal":"United States","country_medal_code2":"US","country_medal_code3":"USA","country_medal_ioc_country_code":"USA","date_of_birth":"1882-03-16","place_of_birth_wikidata_id":"Q1342","place_of_birth":"Pittsburgh","place_of_birth_located_in_wikidata_id":"Q156291","place_of_birth_located_in":"Allegheny County","place_of_birth_coordinates":"40.44166666666667,-80","sex_or_gender_wikidata_id":"Q6581097","sex_or_gender":"male","event_wikidata_id":"Q1185457","event_link":"https://en.wikipedia.org/wiki/Athletics_at_the_1904_Summer_Olympics_–_Men's_800_metres","event_name":"athletics at the 1904 Summer Olympics – men's 800 metres","event_part_of_wikidata_id":"Q723599","event_part_of":"athletics at the 1904 Summer Olympics","event_sport_wikidata_id":"Q542","event_sport":"athletics","sport_wikidata_id":"Q542","sport":"athletics","source_page":"https://en.wikipedia.org/wiki/List_of_1904_Summer_Olympics_medal_winners","source_kind":"layers-derived-wikipedia-wikidata"}},{"type":"Feature","id":"olympic-medals-birthplace-1904-09a13cccb9917201","geometry":{"type":"Point","coordinates":[-74.00611111111111,40.71277777777778]},"properties":{"year":1904,"medalist_wikidata_id":"Q717491","medalist_link":"https://en.wikipedia.org/wiki/Howard_Valentine","medalist_name":"Howard Valentine","medal":"silver","delegation_wikidata_id":"Q1350274","delegation_link":"https://en.wikipedia.org/wiki/United_States_at_the_1904_Summer_Olympics","delegation_name":"United States at the 1904 Summer Olympics","country_medal_wikidata_id":"Q30","country_medal":"United States","country_medal_code2":"US","country_medal_code3":"USA","country_medal_ioc_country_code":"USA","date_of_birth":"1881-12-14","place_of_birth_wikidata_id":"Q60","place_of_birth":"New York City","place_of_birth_located_in_wikidata_id":"Q1384","place_of_birth_located_in":"New York","place_of_birth_coordinates":"40.71277777777778,-74.00611111111111","sex_or_gender_wikidata_id":"Q6581097","sex_or_gender":"male","event_wikidata_id":"Q1185457","event_link":"https://en.wikipedia.org/wiki/Athletics_at_the_1904_Summer_Olympics_–_Men's_800_metres","event_name":"athletics at the 1904 Summer Olympics – men's 800 metres","event_part_of_wikidata_id":"Q723599","event_part_of":"athletics at the 1904 Summer Olympics","event_sport_wikidata_id":"Q542","event_sport":"athletics","sport_wikidata_id":"Q542","sport":"athletics","source_page":"https://en.wikipedia.org/wiki/List_of_1904_Summer_Olympics_medal_winners","source_kind":"layers-derived-wikipedia-wikidata"}},{"type":"Feature","id":"olympic-medals-birthplace-1904-ed95dc461d4ab9c9","geometry":{"type":"Point","coordinates":[-89.633333333333,44.95]},"properties":{"year":1904,"medalist_wikidata_id":"Q1332371","medalist_link":"https://en.wikipedia.org/wiki/Emil_Breitkreutz","medalist_name":"Emil Breitkreutz","medal":"bronze","delegation_wikidata_id":"Q1350274","delegation_link":"https://en.wikipedia.org/wiki/United_States_at_the_1904_Summer_Olympics","delegation_name":"United States at the 1904 Summer Olympics","country_medal_wikidata_id":"Q30","country_medal":"United States","country_medal_code2":"US","country_medal_code3":"USA","country_medal_ioc_country_code":"USA","date_of_birth":"1883-11-16","place_of_birth_wikidata_id":"Q998675","place_of_birth":"Wausau","place_of_birth_located_in_wikidata_id":"Q505848","place_of_birth_located_in":"Marathon County","place_of_birth_coordinates":"44.95,-89.633333333333","sex_or_gender_wikidata_id":"Q6581097","sex_or_gender":"male","event_wikidata_id":"Q1185457","event_link":"https://en.wikipedia.org/wiki/Athletics_at_the_1904_Summer_Olympics_–_Men's_800_metres","event_name":"athletics at the 1904 Summer Olympics – men's 800 metres","event_part_of_wikidata_id":"Q723599","event_part_of":"athletics at the 1904 Summer Olympics","event_sport_wikidata_id":"Q542","event_sport":"athletics","sport_wikidata_id":"Q542","sport":"athletics","source_page":"https://en.wikipedia.org/wiki/List_of_1904_Summer_Olympics_medal_winners","source_kind":"layers-derived-wikipedia-wikidata"}},{"type":"Feature","id":"olympic-medals-birthplace-1904-3e701325be0a5298","geometry":{"type":"Point","coordinates":[-80,40.44166666666667]},"properties":{"year":1904,"medalist_wikidata_id":"Q318952","medalist_link":"https://en.wikipedia.org/wiki/James_Lightbody","medalist_name":"James Lightbody","medal":"gold","delegation_wikidata_id":"Q1350274","delegation_link":"https://en.wikipedia.org/wiki/United_States_at_the_1904_Summer_Olympics","delegation_name":"United States at the 1904 Summer Olympics","country_medal_wikidata_id":"Q30","country_medal":"United States","country_medal_code2":"US","country_medal_code3":"USA","country_medal_ioc_country_code":"USA","date_of_birth":"1882-03-16","place_of_birth_wikidata_id":"Q1342","place_of_birth":"Pittsburgh","place_of_birth_located_in_wikidata_id":"Q156291","place_of_birth_located_in":"Allegheny County","place_of_birth_coordinates":"40.44166666666667,-80","sex_or_gender_wikidata_id":"Q6581097","sex_or_gender":"male","event_wikidata_id":"Q1185450","event_link":"https://en.wikipedia.org/wiki/Athletics_at_the_1904_Summer_Olympics_–_Men's_1500_metres","event_name":"athletics at the 1904 Summer Olympics – men's 1500 metres","event_part_of_wikidata_id":"Q723599","event_part_of":"athletics at the 1904 Summer Olympics","event_sport_wikidata_id":"Q542","event_sport":"athletics","sport_wikidata_id":"Q542","sport":"athletics","source_page":"https://en.wikipedia.org/wiki/List_of_1904_Summer_Olympics_medal_winners","source_kind":"layers-derived-wikipedia-wikidata"}},{"type":"Feature","id":"olympic-medals-birthplace-1904-5da2df7843e1e2e8","geometry":{"type":"Point","coordinates":[-88.43,41.29]},"properties":{"year":1904,"medalist_wikidata_id":"Q974784","medalist_link":"https://en.wikipedia.org/wiki/Frank_Verner","medalist_name":"Frank Verner","medal":"silver","delegation_wikidata_id":"Q1350274","delegation_link":"https://en.wikipedia.org/wiki/United_States_at_the_1904_Summer_Olympics","delegation_name":"United States at the 1904 Summer Olympics","country_medal_wikidata_id":"Q30","country_medal":"United States","country_medal_code2":"US","country_medal_code3":"USA","country_medal_ioc_country_code":"USA","date_of_birth":"1883-06-24","place_of_birth_wikidata_id":"Q261380","place_of_birth":"Grundy County","place_of_birth_located_in_wikidata_id":"Q1204","place_of_birth_located_in":"Illinois","place_of_birth_coordinates":"41.29,-88.43","sex_or_gender_wikidata_id":"Q6581097","sex_or_gender":"male","event_wikidata_id":"Q1185450","event_link":"https://en.wikipedia.org/wiki/Athletics_at_the_1904_Summer_Olympics_–_Men's_1500_metres","event_name":"athletics at the 1904 Summer Olympics – men's 1500 metres","event_part_of_wikidata_id":"Q723599","event_part_of":"athletics at the 1904 Summer Olympics","event_sport_wikidata_id":"Q542","event_sport":"athletics","sport_wikidata_id":"Q542","sport":"athletics","source_page":"https://en.wikipedia.org/wiki/List_of_1904_Summer_Olympics_medal_winners","source_kind":"layers-derived-wikipedia-wikidata"}},{"type":"Feature","id":"olympic-medals-birthplace-1904-284bd9c7d58fc87a","geometry":{"type":"Point","coordinates":[-84.98,40.4339]},"properties":{"year":1904,"medalist_wikidata_id":"Q517968","medalist_link":"https://en.wikipedia.org/wiki/Lacey_Hearn","medalist_name":"Lacey Hearn","medal":"bronze","delegation_wikidata_id":"Q1350274","delegation_link":"https://en.wikipedia.org/wiki/United_States_at_the_1904_Summer_Olympics","delegation_name":"United States at the 1904 Summer Olympics","country_medal_wikidata_id":"Q30","country_medal":"United States","country_medal_code2":"US","country_medal_code3":"USA","country_medal_ioc_country_code":"USA","date_of_birth":"1881-03-23","place_of_birth_wikidata_id":"Q1807259","place_of_birth":"Portland","place_of_birth_located_in_wikidata_id":"Q506574","place_of_birth_located_in":"Jay County","place_of_birth_coordinates":"40.4339,-84.98","sex_or_gender_wikidata_id":"Q6581097","sex_or_gender":"male","event_wikidata_id":"Q1185450","event_link":"https://en.wikipedia.org/wiki/Athletics_at_the_1904_Summer_Olympics_–_Men's_1500_metres","event_name":"athletics at the 1904 Summer Olympics – men's 1500 metres","event_part_of_wikidata_id":"Q723599","event_part_of":"athletics at the 1904 Summer Olympics","event_sport_wikidata_id":"Q542","event_sport":"athletics","sport_wikidata_id":"Q542","sport":"athletics","source_page":"https://en.wikipedia.org/wiki/List_of_1904_Summer_Olympics_medal_winners","source_kind":"layers-derived-wikipedia-wikidata"}},{"type":"Feature","id":"olympic-medals-birthplace-1904-1a087dc5583cf14c","geometry":{"type":"Point","coordinates":[-1.9025,52.48]},"properties":{"year":1904,"medalist_wikidata_id":"Q317666","medalist_link":"https://en.wikipedia.org/wiki/Thomas_Hicks_(athlete)","medalist_name":"Thomas Hicks","medal":"gold","delegation_wikidata_id":"Q1350274","delegation_link":"https://en.wikipedia.org/wiki/United_States_at_the_1904_Summer_Olympics","delegation_name":"United States at the 1904 Summer Olympics","country_medal_wikidata_id":"Q30","country_medal":"United States","country_medal_code2":"US","country_medal_code3":"USA","country_medal_ioc_country_code":"USA","date_of_birth":"1876-01-11","place_of_birth_wikidata_id":"Q2256","place_of_birth":"Birmingham","place_of_birth_located_in_wikidata_id":"Q20986424","place_of_birth_located_in":"Birmingham","place_of_birth_coordinates":"52.48,-1.9025","sex_or_gender_wikidata_id":"Q6581097","sex_or_gender":"male","event_wikidata_id":"Q499079","event_link":"https://en.wikipedia.org/wiki/Athletics_at_the_1904_Summer_Olympics_–_Men's_marathon","event_name":"athletics at the 1904 Summer Olympics – men's marathon","event_part_of_wikidata_id":"Q723599","event_part_of":"athletics at the 1904 Summer Olympics","event_sport_wikidata_id":"Q542","event_sport":"athletics","sport_wikidata_id":"Q542","sport":"athletics","source_page":"https://en.wikipedia.org/wiki/List_of_1904_Summer_Olympics_medal_winners","source_kind":"layers-derived-wikipedia-wikidata"}},{"type":"Feature","id":"olympic-medals-birthplace-1904-5924ad48caf4e8a2","geometry":{"type":"Point","coordinates":[4.7705555555556,46.978055555556]},"properties":{"year":1904,"medalist_wikidata_id":"Q983653","medalist_link":"https://en.wikipedia.org/wiki/Albert_Corey","medalist_name":"Albert Corey","medal":"silver","delegation_wikidata_id":"Q1348535","delegation_link":"https://en.wikipedia.org/wiki/France_at_the_1904_Summer_Olympics","delegation_name":"France at the 1904 Summer Olympics","country_medal_wikidata_id":"Q142","country_medal":"France","country_medal_code2":"FR","country_medal_code3":"FRA","country_medal_ioc_country_code":"FRA","date_of_birth":"1878-04-16","place_of_birth_wikidata_id":"Q16140","place_of_birth":"Meursault","place_of_birth_located_in_wikidata_id":"Q14836","place_of_birth_located_in":"canton of Beaune-Nord","place_of_birth_coordinates":"46.978055555556,4.7705555555556","sex_or_gender_wikidata_id":"Q6581097","sex_or_gender":"male","event_wikidata_id":"Q499079","event_link":"https://en.wikipedia.org/wiki/Athletics_at_the_1904_Summer_Olympics_–_Men's_marathon","event_name":"athletics at the 1904 Summer Olympics – men's marathon","event_part_of_wikidata_id":"Q723599","event_part_of":"athletics at the 1904 Summer Olympics","event_sport_wikidata_id":"Q542","event_sport":"athletics","sport_wikidata_id":"Q542","sport":"athletics","source_page":"https://en.wikipedia.org/wiki/List_of_1904_Summer_Olympics_medal_winners","source_kind":"layers-derived-wikipedia-wikidata"}},{"type":"Feature","id":"olympic-medals-birthplace-1904-b993917677d6c633","geometry":{"type":"Point","coordinates":[-71.602777777778,42.174444444444]},"properties":{"year":1904,"medalist_wikidata_id":"Q710789","medalist_link":"https://en.wikipedia.org/wiki/Arthur_L._Newton","medalist_name":"Arthur L. Newton","medal":"bronze","delegation_wikidata_id":"Q1350274","delegation_link":"https://en.wikipedia.org/wiki/United_States_at_the_1904_Summer_Olympics","delegation_name":"United States at the 1904 Summer Olympics","country_medal_wikidata_id":"Q30","country_medal":"United States","country_medal_code2":"US","country_medal_code3":"USA","country_medal_ioc_country_code":"USA","date_of_birth":"1883-01-31","place_of_birth_wikidata_id":"Q2559976","place_of_birth":"Upton","place_of_birth_located_in_wikidata_id":"Q54093","place_of_birth_located_in":"Worcester County","place_of_birth_coordinates":"42.174444444444,-71.602777777778","sex_or_gender_wikidata_id":"Q6581097","sex_or_gender":"male","event_wikidata_id":"Q499079","event_link":"https://en.wikipedia.org/wiki/Athletics_at_the_1904_Summer_Olympics_–_Men's_marathon","event_name":"athletics at the 1904 Summer Olympics – men's marathon","event_part_of_wikidata_id":"Q723599","event_part_of":"athletics at the 1904 Summer Olympics","event_sport_wikidata_id":"Q542","event_sport":"athletics","sport_wikidata_id":"Q542","sport":"athletics","source_page":"https://en.wikipedia.org/wiki/List_of_1904_Summer_Olympics_medal_winners","source_kind":"layers-derived-wikipedia-wikidata"}},{"type":"Feature","id":"olympic-medals-birthplace-1904-64dbd85baa31510b","geometry":{"type":"Point","coordinates":[-90.394722222222,42.050277777778]},"properties":{"year":1904,"medalist_wikidata_id":"Q711772","medalist_link":"https://en.wikipedia.org/wiki/Fred_Schule","medalist_name":"Fred Schule","medal":"gold","delegation_wikidata_id":"Q1350274","delegation_link":"https://en.wikipedia.org/wiki/United_States_at_the_1904_Summer_Olympics","delegation_name":"United States at the 1904 Summer Olympics","country_medal_wikidata_id":"Q30","country_medal":"United States","country_medal_code2":"US","country_medal_code3":"USA","country_medal_ioc_country_code":"USA","date_of_birth":"1879-09-27","place_of_birth_wikidata_id":"Q1926420","place_of_birth":"Preston","place_of_birth_located_in_wikidata_id":"Q485780","place_of_birth_located_in":"Jackson County","place_of_birth_coordinates":"42.050277777778,-90.394722222222","sex_or_gender_wikidata_id":"Q6581097","sex_or_gender":"male","event_wikidata_id":"Q285497","event_link":"https://en.wikipedia.org/wiki/Athletics_at_the_1904_Summer_Olympics_–_Men's_110_metres_hurdles","event_name":"athletics at the 1904 Summer Olympics – men's 110 metres hurdles","event_part_of_wikidata_id":"Q723599","event_part_of":"athletics at the 1904 Summer Olympics","event_sport_wikidata_id":"Q542","event_sport":"athletics","sport_wikidata_id":"Q542","sport":"athletics","source_page":"https://en.wikipedia.org/wiki/List_of_1904_Summer_Olympics_medal_winners","source_kind":"layers-derived-wikipedia-wikidata"}},{"type":"Feature","id":"olympic-medals-birthplace-1904-3dfd813287e00fa6","geometry":{"type":"Point","coordinates":[-85.6647,40.5492]},"properties":{"year":1904,"medalist_wikidata_id":"Q175813","medalist_link":"https://en.wikipedia.org/wiki/Thaddeus_Shideler","medalist_name":"Thaddeus Shideler","medal":"silver","delegation_wikidata_id":"Q1350274","delegation_link":"https://en.wikipedia.org/wiki/United_States_at_the_1904_Summer_Olympics","delegation_name":"United States at the 1904 Summer Olympics","country_medal_wikidata_id":"Q30","country_medal":"United States","country_medal_code2":"US","country_medal_code3":"USA","country_medal_ioc_country_code":"USA","date_of_birth":"1883-10-17","place_of_birth_wikidata_id":"Q286068","place_of_birth":"Marion","place_of_birth_located_in_wikidata_id":"Q506722","place_of_birth_located_in":"Grant County","place_of_birth_coordinates":"40.5492,-85.6647","sex_or_gender_wikidata_id":"Q6581097","sex_or_gender":"male","event_wikidata_id":"Q285497","event_link":"https://en.wikipedia.org/wiki/Athletics_at_the_1904_Summer_Olympics_–_Men's_110_metres_hurdles","event_name":"athletics at the 1904 Summer Olympics – men's 110 metres hurdles","event_part_of_wikidata_id":"Q723599","event_part_of":"athletics at the 1904 Summer Olympics","event_sport_wikidata_id":"Q542","event_sport":"athletics","sport_wikidata_id":"Q542","sport":"athletics","source_page":"https://en.wikipedia.org/wiki/List_of_1904_Summer_Olympics_medal_winners","source_kind":"layers-derived-wikipedia-wikidata"}},{"type":"Feature","id":"olympic-medals-birthplace-1904-7811b1572224ca92","geometry":{"type":"Point","coordinates":[-75.163611111111,39.952777777778]},"properties":{"year":1904,"medalist_wikidata_id":"Q157730","medalist_link":"https://en.wikipedia.org/wiki/Lesley_Ashburner","medalist_name":"Lesley Ashburner","medal":"bronze","delegation_wikidata_id":"Q1350274","delegation_link":"https://en.wikipedia.org/wiki/United_States_at_the_1904_Summer_Olympics","delegation_name":"United States at the 1904 Summer Olympics","country_medal_wikidata_id":"Q30","country_medal":"United States","country_medal_code2":"US","country_medal_code3":"USA","country_medal_ioc_country_code":"USA","date_of_birth":"1883-10-02","place_of_birth_wikidata_id":"Q1345","place_of_birth":"Philadelphia","place_of_birth_located_in_wikidata_id":"Q496900","place_of_birth_located_in":"Philadelphia County","place_of_birth_coordinates":"39.952777777778,-75.163611111111","sex_or_gender_wikidata_id":"Q6581097","sex_or_gender":"male","event_wikidata_id":"Q285497","event_link":"https://en.wikipedia.org/wiki/Athletics_at_the_1904_Summer_Olympics_–_Men's_110_metres_hurdles","event_name":"athletics at the 1904 Summer Olympics – men's 110 metres hurdles","event_part_of_wikidata_id":"Q723599","event_part_of":"athletics at the 1904 Summer Olympics","event_sport_wikidata_id":"Q542","event_sport":"athletics","sport_wikidata_id":"Q542","sport":"athletics","source_page":"https://en.wikipedia.org/wiki/List_of_1904_Summer_Olympics_medal_winners","source_kind":"layers-derived-wikipedia-wikidata"}},{"type":"Feature","id":"olympic-medals-birthplace-1904-8b46ec5613acba6c","geometry":{"type":"Point","coordinates":[-73.94972222222222,40.65083333333333]},"properties":{"year":1904,"medalist_wikidata_id":"Q347233","medalist_link":"https://en.wikipedia.org/wiki/Harry_Hillman","medalist_name":"Harry Hillman","medal":"gold","delegation_wikidata_id":"Q1350274","delegation_link":"https://en.wikipedia.org/wiki/United_States_at_the_1904_Summer_Olympics","delegation_name":"United States at the 1904 Summer Olympics","country_medal_wikidata_id":"Q30","country_medal":"United States","country_medal_code2":"US","country_medal_code3":"USA","country_medal_ioc_country_code":"USA","date_of_birth":"1881-09-08","place_of_birth_wikidata_id":"Q18419","place_of_birth":"Brooklyn","place_of_birth_located_in_wikidata_id":"Q60","place_of_birth_located_in":"New York City","place_of_birth_coordinates":"40.65083333333333,-73.94972222222222","sex_or_gender_wikidata_id":"Q6581097","sex_or_gender":"male","event_wikidata_id":"Q327330","event_link":"https://en.wikipedia.org/wiki/Athletics_at_the_1904_Summer_Olympics_–_Men's_200_metres_hurdles","event_name":"athletics at the 1904 Summer Olympics – men's 200 metres hurdles","event_part_of_wikidata_id":"Q723599","event_part_of":"athletics at the 1904 Summer Olympics","event_sport_wikidata_id":"Q542","event_sport":"athletics","sport_wikidata_id":"Q542","sport":"athletics","source_page":"https://en.wikipedia.org/wiki/List_of_1904_Summer_Olympics_medal_winners","source_kind":"layers-derived-wikipedia-wikidata"}},{"type":"Feature","id":"olympic-medals-birthplace-1904-44fefc8d81ee1662","geometry":{"type":"Point","coordinates":[-76.0799249,42.0195192]},"properties":{"year":1904,"medalist_wikidata_id":"Q257231","medalist_link":"https://en.wikipedia.org/wiki/Frank_Castleman","medalist_name":"Frank Castleman","medal":"silver","delegation_wikidata_id":"Q1350274","delegation_link":"https://en.wikipedia.org/wiki/United_States_at_the_1904_Summer_Olympics","delegation_name":"United States at the 1904 Summer Olympics","country_medal_wikidata_id":"Q30","country_medal":"United States","country_medal_code2":"US","country_medal_code3":"USA","country_medal_ioc_country_code":"USA","date_of_birth":"1877-03-17","place_of_birth_wikidata_id":"Q122549112","place_of_birth":"Tracy Creek","place_of_birth_located_in_wikidata_id":"Q47894","place_of_birth_located_in":"Broome County","place_of_birth_coordinates":"42.0195192,-76.0799249","sex_or_gender_wikidata_id":"Q6581097","sex_or_gender":"male","event_wikidata_id":"Q327330","event_link":"https://en.wikipedia.org/wiki/Athletics_at_the_1904_Summer_Olympics_–_Men's_200_metres_hurdles","event_name":"athletics at the 1904 Summer Olympics – men's 200 metres hurdles","event_part_of_wikidata_id":"Q723599","event_part_of":"athletics at the 1904 Summer Olympics","event_sport_wikidata_id":"Q542","event_sport":"athletics","sport_wikidata_id":"Q542","sport":"athletics","source_page":"https://en.wikipedia.org/wiki/List_of_1904_Summer_Olympics_medal_winners","source_kind":"layers-derived-wikipedia-wikidata"}},{"type":"Feature","id":"olympic-medals-birthplace-1904-cca55d2dce19769e","geometry":{"type":"Point","coordinates":[-91.3775,39.704166666667]},"properties":{"year":1904,"medalist_wikidata_id":"Q1332444","medalist_link":"https://en.wikipedia.org/wiki/George_Poage","medalist_name":"George Poage","medal":"bronze","delegation_wikidata_id":"Q1350274","delegation_link":"https://en.wikipedia.org/wiki/United_States_at_the_1904_Summer_Olympics","delegation_name":"United States at the 1904 Summer Olympics","country_medal_wikidata_id":"Q30","country_medal":"United States","country_medal_code2":"US","country_medal_code3":"USA","country_medal_ioc_country_code":"USA","date_of_birth":"1880-11-06","place_of_birth_wikidata_id":"Q961975","place_of_birth":"Hannibal","place_of_birth_located_in_wikidata_id":"Q490029","place_of_birth_located_in":"Marion County","place_of_birth_coordinates":"39.704166666667,-91.3775","sex_or_gender_wikidata_id":"Q6581097","sex_or_gender":"male","event_wikidata_id":"Q327330","event_link":"https://en.wikipedia.org/wiki/Athletics_at_the_1904_Summer_Olympics_–_Men's_200_metres_hurdles","event_name":"athletics at the 1904 Summer Olympics – men's 200 metres hurdles","event_part_of_wikidata_id":"Q723599","event_part_of":"athletics at the 1904 Summer Olympics","event_sport_wikidata_id":"Q542","event_sport":"athletics","sport_wikidata_id":"Q542","sport":"athletics","source_page":"https://en.wikipedia.org/wiki/List_of_1904_Summer_Olympics_medal_winners","source_kind":"layers-derived-wikipedia-wikidata"}},{"type":"Feature","id":"olympic-medals-birthplace-1904-66fe6b98df5d7fba","geometry":{"type":"Point","coordinates":[-73.94972222222222,40.65083333333333]},"properties":{"year":1904,"medalist_wikidata_id":"Q347233","medalist_link":"https://en.wikipedia.org/wiki/Harry_Hillman","medalist_name":"Harry Hillman","medal":"gold","delegation_wikidata_id":"Q1350274","delegation_link":"https://en.wikipedia.org/wiki/United_States_at_the_1904_Summer_Olympics","delegation_name":"United States at the 1904 Summer Olympics","country_medal_wikidata_id":"Q30","country_medal":"United States","country_medal_code2":"US","country_medal_code3":"USA","country_medal_ioc_country_code":"USA","date_of_birth":"1881-09-08","place_of_birth_wikidata_id":"Q18419","place_of_birth":"Brooklyn","place_of_birth_located_in_wikidata_id":"Q60","place_of_birth_located_in":"New York City","place_of_birth_coordinates":"40.65083333333333,-73.94972222222222","sex_or_gender_wikidata_id":"Q6581097","sex_or_gender":"male","event_wikidata_id":"Q327336","event_link":"https://en.wikipedia.org/wiki/Athletics_at_the_1904_Summer_Olympics_–_Men's_400_metres_hurdles","event_name":"athletics at the 1904 Summer Olympics – men's 400 metres hurdles","event_part_of_wikidata_id":"Q723599","event_part_of":"athletics at the 1904 Summer Olympics","event_sport_wikidata_id":"Q542","event_sport":"athletics","sport_wikidata_id":"Q542","sport":"athletics","source_page":"https://en.wikipedia.org/wiki/List_of_1904_Summer_Olympics_medal_winners","source_kind":"layers-derived-wikipedia-wikidata"}},{"type":"Feature","id":"olympic-medals-birthplace-1904-17f2e9e6cbc67f84","geometry":{"type":"Point","coordinates":[-93.093611111111,44.944166666667]},"properties":{"year":1904,"medalist_wikidata_id":"Q924055","medalist_link":"https://en.wikipedia.org/wiki/Frank_Waller_(athlete)","medalist_name":"Frank Waller","medal":"silver","delegation_wikidata_id":"Q1350274","delegation_link":"https://en.wikipedia.org/wiki/United_States_at_the_1904_Summer_Olympics","delegation_name":"United States at the 1904 Summer Olympics","country_medal_wikidata_id":"Q30","country_medal":"United States","country_medal_code2":"US","country_medal_code3":"USA","country_medal_ioc_country_code":"USA","date_of_birth":"1884-06-24","place_of_birth_wikidata_id":"Q28848","place_of_birth":"Saint Paul","place_of_birth_located_in_wikidata_id":"Q491201","place_of_birth_located_in":"Ramsey County","place_of_birth_coordinates":"44.944166666667,-93.093611111111","sex_or_gender_wikidata_id":"Q6581097","sex_or_gender":"male","event_wikidata_id":"Q327336","event_link":"https://en.wikipedia.org/wiki/Athletics_at_the_1904_Summer_Olympics_–_Men's_400_metres_hurdles","event_name":"athletics at the 1904 Summer Olympics – men's 400 metres hurdles","event_part_of_wikidata_id":"Q723599","event_part_of":"athletics at the 1904 Summer Olympics","event_sport_wikidata_id":"Q542","event_sport":"athletics","sport_wikidata_id":"Q542","sport":"athletics","source_page":"https://en.wikipedia.org/wiki/List_of_1904_Summer_Olympics_medal_winners","source_kind":"layers-derived-wikipedia-wikidata"}},{"type":"Feature","id":"olympic-medals-birthplace-1904-5ce8ad333b772c82","geometry":{"type":"Point","coordinates":[-91.3775,39.704166666667]},"properties":{"year":1904,"medalist_wikidata_id":"Q1332444","medalist_link":"https://en.wikipedia.org/wiki/George_Poage","medalist_name":"George Poage","medal":"bronze","delegation_wikidata_id":"Q1350274","delegation_link":"https://en.wikipedia.org/wiki/United_States_at_the_1904_Summer_Olympics","delegation_name":"United States at the 1904 Summer Olympics","country_medal_wikidata_id":"Q30","country_medal":"United States","country_medal_code2":"US","country_medal_code3":"USA","country_medal_ioc_country_code":"USA","date_of_birth":"1880-11-06","place_of_birth_wikidata_id":"Q961975","place_of_birth":"Hannibal","place_of_birth_located_in_wikidata_id":"Q490029","place_of_birth_located_in":"Marion County","place_of_birth_coordinates":"39.704166666667,-91.3775","sex_or_gender_wikidata_id":"Q6581097","sex_or_gender":"male","event_wikidata_id":"Q327336","event_link":"https://en.wikipedia.org/wiki/Athletics_at_the_1904_Summer_Olympics_–_Men's_400_metres_hurdles","event_name":"athletics at the 1904 Summer Olympics – men's 400 metres hurdles","event_part_of_wikidata_id":"Q723599","event_part_of":"athletics at the 1904 Summer Olympics","event_sport_wikidata_id":"Q542","event_sport":"athletics","sport_wikidata_id":"Q542","sport":"athletics","source_page":"https://en.wikipedia.org/wiki/List_of_1904_Summer_Olympics_medal_winners","source_kind":"layers-derived-wikipedia-wikidata"}},{"type":"Feature","id":"olympic-medals-birthplace-1904-450fccf58d557bbc","geometry":{"type":"Point","coordinates":[-80,40.44166666666667]},"properties":{"year":1904,"medalist_wikidata_id":"Q318952","medalist_link":"https://en.wikipedia.org/wiki/James_Lightbody","medalist_name":"James Lightbody","medal":"gold","delegation_wikidata_id":"Q1350274","delegation_link":"https://en.wikipedia.org/wiki/United_States_at_the_1904_Summer_Olympics","delegation_name":"United States at the 1904 Summer Olympics","country_medal_wikidata_id":"Q30","country_medal":"United States","country_medal_code2":"US","country_medal_code3":"USA","country_medal_ioc_country_code":"USA","date_of_birth":"1882-03-16","place_of_birth_wikidata_id":"Q1342","place_of_birth":"Pittsburgh","place_of_birth_located_in_wikidata_id":"Q156291","place_of_birth_located_in":"Allegheny County","place_of_birth_coordinates":"40.44166666666667,-80","sex_or_gender_wikidata_id":"Q6581097","sex_or_gender":"male","event_wikidata_id":"Q327374","event_link":"https://en.wikipedia.org/wiki/Athletics_at_the_1904_Summer_Olympics_–_Men's_2590_metres_steeplechase","event_name":"athletics at the 1904 Summer Olympics – men's 2590 metres steeplechase","event_part_of_wikidata_id":"Q723599","event_part_of":"athletics at the 1904 Summer Olympics","event_sport_wikidata_id":"Q542","event_sport":"athletics","sport_wikidata_id":"Q542","sport":"athletics","source_page":"https://en.wikipedia.org/wiki/List_of_1904_Summer_Olympics_medal_winners","source_kind":"layers-derived-wikipedia-wikidata"}},{"type":"Feature","id":"olympic-medals-birthplace-1904-3cbab58f95f58365","geometry":{"type":"Point","coordinates":[-9.0488,53.2719]},"properties":{"year":1904,"medalist_wikidata_id":"Q327420","medalist_link":"https://en.wikipedia.org/wiki/John_Daly_(athlete)","medalist_name":"John Daly","medal":"silver","delegation_wikidata_id":"Q1354030","delegation_link":"https://en.wikipedia.org/wiki/Great_Britain_at_the_1904_Summer_Olympics","delegation_name":"Great Britain at the 1904 Summer Olympics","country_medal_wikidata_id":"Q174193","country_medal":"United Kingdom of Great Britain and Ireland","country_medal_code2":null,"country_medal_code3":null,"country_medal_ioc_country_code":null,"date_of_birth":"1880-02-22","place_of_birth_wikidata_id":"Q129610","place_of_birth":"Galway","place_of_birth_located_in_wikidata_id":"Q133862337","place_of_birth_located_in":"Galway City","place_of_birth_coordinates":"53.2719,-9.0488","sex_or_gender_wikidata_id":"Q6581097","sex_or_gender":"male","event_wikidata_id":"Q327374","event_link":"https://en.wikipedia.org/wiki/Athletics_at_the_1904_Summer_Olympics_–_Men's_2590_metres_steeplechase","event_name":"athletics at the 1904 Summer Olympics – men's 2590 metres steeplechase","event_part_of_wikidata_id":"Q723599","event_part_of":"athletics at the 1904 Summer Olympics","event_sport_wikidata_id":"Q542","event_sport":"athletics","sport_wikidata_id":"Q542","sport":"athletics","source_page":"https://en.wikipedia.org/wiki/List_of_1904_Summer_Olympics_medal_winners","source_kind":"layers-derived-wikipedia-wikidata"}},{"type":"Feature","id":"olympic-medals-birthplace-1904-60d85bd3752a3bb7","geometry":{"type":"Point","coordinates":[-71.602777777778,42.174444444444]},"properties":{"year":1904,"medalist_wikidata_id":"Q710789","medalist_link":"https://en.wikipedia.org/wiki/Arthur_L._Newton","medalist_name":"Arthur L. Newton","medal":"bronze","delegation_wikidata_id":"Q1350274","delegation_link":"https://en.wikipedia.org/wiki/United_States_at_the_1904_Summer_Olympics","delegation_name":"United States at the 1904 Summer Olympics","country_medal_wikidata_id":"Q30","country_medal":"United States","country_medal_code2":"US","country_medal_code3":"USA","country_medal_ioc_country_code":"USA","date_of_birth":"1883-01-31","place_of_birth_wikidata_id":"Q2559976","place_of_birth":"Upton","place_of_birth_located_in_wikidata_id":"Q54093","place_of_birth_located_in":"Worcester County","place_of_birth_coordinates":"42.174444444444,-71.602777777778","sex_or_gender_wikidata_id":"Q6581097","sex_or_gender":"male","event_wikidata_id":"Q327374","event_link":"https://en.wikipedia.org/wiki/Athletics_at_the_1904_Summer_Olympics_–_Men's_2590_metres_steeplechase","event_name":"athletics at the 1904 Summer Olympics – men's 2590 metres steeplechase","event_part_of_wikidata_id":"Q723599","event_part_of":"athletics at the 1904 Summer Olympics","event_sport_wikidata_id":"Q542","event_sport":"athletics","sport_wikidata_id":"Q542","sport":"athletics","source_page":"https://en.wikipedia.org/wiki/List_of_1904_Summer_Olympics_medal_winners","source_kind":"layers-derived-wikipedia-wikidata"}},{"type":"Feature","id":"olympic-medals-birthplace-1904-9e77631c0d1efa57","geometry":{"type":"Point","coordinates":[-71.602777777778,42.174444444444]},"properties":{"year":1904,"medalist_wikidata_id":"Q710789","medalist_link":"https://en.wikipedia.org/wiki/Arthur_L._Newton","medalist_name":"Arthur L. Newton","medal":"gold","delegation_wikidata_id":"Q1350274","delegation_link":"https://en.wikipedia.org/wiki/United_States_at_the_1904_Summer_Olympics","delegation_name":"United States at the 1904 Summer Olympics","country_medal_wikidata_id":"Q30","country_medal":"United States","country_medal_code2":"US","country_medal_code3":"USA","country_medal_ioc_country_code":"USA","date_of_birth":"1883-01-31","place_of_birth_wikidata_id":"Q2559976","place_of_birth":"Upton","place_of_birth_located_in_wikidata_id":"Q54093","place_of_birth_located_in":"Worcester County","place_of_birth_coordinates":"42.174444444444,-71.602777777778","sex_or_gender_wikidata_id":"Q6581097","sex_or_gender":"male","event_wikidata_id":"Q327379","event_link":"https://en.wikipedia.org/wiki/Athletics_at_the_1904_Summer_Olympics_–_Men's_4_miles_team_race","event_name":"athletics at the 1904 Summer Olympics – men's 4 miles team race","event_part_of_wikidata_id":"Q723599","event_part_of":"athletics at the 1904 Summer Olympics","event_sport_wikidata_id":"Q542","event_sport":"athletics","sport_wikidata_id":"Q542","sport":"athletics","source_page":"https://en.wikipedia.org/wiki/List_of_1904_Summer_Olympics_medal_winners","source_kind":"layers-derived-wikipedia-wikidata"}},{"type":"Feature","id":"olympic-medals-birthplace-1904-4fd7f026af063f08","geometry":{"type":"Point","coordinates":[-71.463611111111,42.990833333333]},"properties":{"year":1904,"medalist_wikidata_id":"Q1333013","medalist_link":"https://en.wikipedia.org/wiki/George_Underwood_(athlete)","medalist_name":"George Underwood","medal":"gold","delegation_wikidata_id":"Q1350274","delegation_link":"https://en.wikipedia.org/wiki/United_States_at_the_1904_Summer_Olympics","delegation_name":"United States at the 1904 Summer Olympics","country_medal_wikidata_id":"Q30","country_medal":"United States","country_medal_code2":"US","country_medal_code3":"USA","country_medal_ioc_country_code":"USA","date_of_birth":"1884-11-04","place_of_birth_wikidata_id":"Q48370","place_of_birth":"Manchester","place_of_birth_located_in_wikidata_id":"Q54439","place_of_birth_located_in":"Hillsborough County","place_of_birth_coordinates":"42.990833333333,-71.463611111111","sex_or_gender_wikidata_id":"Q6581097","sex_or_gender":"male","event_wikidata_id":"Q327379","event_link":"https://en.wikipedia.org/wiki/Athletics_at_the_1904_Summer_Olympics_–_Men's_4_miles_team_race","event_name":"athletics at the 1904 Summer Olympics – men's 4 miles team race","event_part_of_wikidata_id":"Q723599","event_part_of":"athletics at the 1904 Summer Olympics","event_sport_wikidata_id":"Q542","event_sport":"athletics","sport_wikidata_id":"Q542","sport":"athletics","source_page":"https://en.wikipedia.org/wiki/List_of_1904_Summer_Olympics_medal_winners","source_kind":"layers-derived-wikipedia-wikidata"}},{"type":"Feature","id":"olympic-medals-birthplace-1904-e5107b1af5e70d66","geometry":{"type":"Point","coordinates":[-74.00611111111111,40.71277777777778]},"properties":{"year":1904,"medalist_wikidata_id":"Q710455","medalist_link":"https://en.wikipedia.org/wiki/Paul_Pilgrim","medalist_name":"Paul Pilgrim","medal":"gold","delegation_wikidata_id":"Q1350274","delegation_link":"https://en.wikipedia.org/wiki/United_States_at_the_1904_Summer_Olympics","delegation_name":"United States at the 1904 Summer Olympics","country_medal_wikidata_id":"Q30","country_medal":"United States","country_medal_code2":"US","country_medal_code3":"USA","country_medal_ioc_country_code":"USA","date_of_birth":"1883-10-26","place_of_birth_wikidata_id":"Q60","place_of_birth":"New York City","place_of_birth_located_in_wikidata_id":"Q1384","place_of_birth_located_in":"New York","place_of_birth_coordinates":"40.71277777777778,-74.00611111111111","sex_or_gender_wikidata_id":"Q6581097","sex_or_gender":"male","event_wikidata_id":"Q327379","event_link":"https://en.wikipedia.org/wiki/Athletics_at_the_1904_Summer_Olympics_–_Men's_4_miles_team_race","event_name":"athletics at the 1904 Summer Olympics – men's 4 miles team race","event_part_of_wikidata_id":"Q723599","event_part_of":"athletics at the 1904 Summer Olympics","event_sport_wikidata_id":"Q542","event_sport":"athletics","sport_wikidata_id":"Q542","sport":"athletics","source_page":"https://en.wikipedia.org/wiki/List_of_1904_Summer_Olympics_medal_winners","source_kind":"layers-derived-wikipedia-wikidata"}},{"type":"Feature","id":"olympic-medals-birthplace-1904-c33c277bd8f0af18","geometry":{"type":"Point","coordinates":[-74.00611111111111,40.71277777777778]},"properties":{"year":1904,"medalist_wikidata_id":"Q717491","medalist_link":"https://en.wikipedia.org/wiki/Howard_Valentine","medalist_name":"Howard Valentine","medal":"gold","delegation_wikidata_id":"Q1350274","delegation_link":"https://en.wikipedia.org/wiki/United_States_at_the_1904_Summer_Olympics","delegation_name":"United States at the 1904 Summer Olympics","country_medal_wikidata_id":"Q30","country_medal":"United States","country_medal_code2":"US","country_medal_code3":"USA","country_medal_ioc_country_code":"USA","date_of_birth":"1881-12-14","place_of_birth_wikidata_id":"Q60","place_of_birth":"New York City","place_of_birth_located_in_wikidata_id":"Q1384","place_of_birth_located_in":"New York","place_of_birth_coordinates":"40.71277777777778,-74.00611111111111","sex_or_gender_wikidata_id":"Q6581097","sex_or_gender":"male","event_wikidata_id":"Q327379","event_link":"https://en.wikipedia.org/wiki/Athletics_at_the_1904_Summer_Olympics_–_Men's_4_miles_team_race","event_name":"athletics at the 1904 Summer Olympics – men's 4 miles team race","event_part_of_wikidata_id":"Q723599","event_part_of":"athletics at the 1904 Summer Olympics","event_sport_wikidata_id":"Q542","event_sport":"athletics","sport_wikidata_id":"Q542","sport":"athletics","source_page":"https://en.wikipedia.org/wiki/List_of_1904_Summer_Olympics_medal_winners","source_kind":"layers-derived-wikipedia-wikidata"}},{"type":"Feature","id":"olympic-medals-birthplace-1904-3189a0fe15a23a5c","geometry":{"type":"Point","coordinates":[-78.3867,43.2203]},"properties":{"year":1904,"medalist_wikidata_id":"Q729986","medalist_link":"https://en.wikipedia.org/wiki/David_Curtiss_Munson","medalist_name":"David Munson","medal":"gold","delegation_wikidata_id":"Q1350274","delegation_link":"https://en.wikipedia.org/wiki/United_States_at_the_1904_Summer_Olympics","delegation_name":"United States at the 1904 Summer Olympics","country_medal_wikidata_id":"Q30","country_medal":"United States","country_medal_code2":"US","country_medal_code3":"USA","country_medal_ioc_country_code":"USA","date_of_birth":"1884-05-19","place_of_birth_wikidata_id":"Q3470455","place_of_birth":"Medina","place_of_birth_located_in_wikidata_id":"Q115125","place_of_birth_located_in":"Orleans County","place_of_birth_coordinates":"43.2203,-78.3867","sex_or_gender_wikidata_id":"Q6581097","sex_or_gender":"male","event_wikidata_id":"Q327379","event_link":"https://en.wikipedia.org/wiki/Athletics_at_the_1904_Summer_Olympics_–_Men's_4_miles_team_race","event_name":"athletics at the 1904 Summer Olympics – men's 4 miles team race","event_part_of_wikidata_id":"Q723599","event_part_of":"athletics at the 1904 Summer Olympics","event_sport_wikidata_id":"Q542","event_sport":"athletics","sport_wikidata_id":"Q542","sport":"athletics","source_page":"https://en.wikipedia.org/wiki/List_of_1904_Summer_Olympics_medal_winners","source_kind":"layers-derived-wikipedia-wikidata"}},{"type":"Feature","id":"olympic-medals-birthplace-1904-22a47541b95cfe89","geometry":{"type":"Point","coordinates":[-80,40.44166666666667]},"properties":{"year":1904,"medalist_wikidata_id":"Q318952","medalist_link":"https://en.wikipedia.org/wiki/James_Lightbody","medalist_name":"James Lightbody","medal":"silver","delegation_wikidata_id":"Q1360637","delegation_link":"https://en.wikipedia.org/wiki/Mixed_team_at_the_1904_Summer_Olympics","delegation_name":"Mixed team at the 1904 Summer Olympics","country_medal_wikidata_id":"Q30","country_medal":"United States","country_medal_code2":"US","country_medal_code3":"USA","country_medal_ioc_country_code":"USA","date_of_birth":"1882-03-16","place_of_birth_wikidata_id":"Q1342","place_of_birth":"Pittsburgh","place_of_birth_located_in_wikidata_id":"Q156291","place_of_birth_located_in":"Allegheny County","place_of_birth_coordinates":"40.44166666666667,-80","sex_or_gender_wikidata_id":"Q6581097","sex_or_gender":"male","event_wikidata_id":"Q327379","event_link":"https://en.wikipedia.org/wiki/Athletics_at_the_1904_Summer_Olympics_–_Men's_4_miles_team_race","event_name":"athletics at the 1904 Summer Olympics – men's 4 miles team race","event_part_of_wikidata_id":"Q723599","event_part_of":"athletics at the 1904 Summer Olympics","event_sport_wikidata_id":"Q542","event_sport":"athletics","sport_wikidata_id":"Q542","sport":"athletics","source_page":"https://en.wikipedia.org/wiki/List_of_1904_Summer_Olympics_medal_winners","source_kind":"layers-derived-wikipedia-wikidata"}},{"type":"Feature","id":"olympic-medals-birthplace-1904-880adf7b5894d833","geometry":{"type":"Point","coordinates":[-88.43,41.29]},"properties":{"year":1904,"medalist_wikidata_id":"Q974784","medalist_link":"https://en.wikipedia.org/wiki/Frank_Verner","medalist_name":"Frank Verner","medal":"silver","delegation_wikidata_id":"Q1360637","delegation_link":"https://en.wikipedia.org/wiki/Mixed_team_at_the_1904_Summer_Olympics","delegation_name":"Mixed team at the 1904 Summer Olympics","country_medal_wikidata_id":"Q30","country_medal":"United States","country_medal_code2":"US","country_medal_code3":"USA","country_medal_ioc_country_code":"USA","date_of_birth":"1883-06-24","place_of_birth_wikidata_id":"Q261380","place_of_birth":"Grundy County","place_of_birth_located_in_wikidata_id":"Q1204","place_of_birth_located_in":"Illinois","place_of_birth_coordinates":"41.29,-88.43","sex_or_gender_wikidata_id":"Q6581097","sex_or_gender":"male","event_wikidata_id":"Q327379","event_link":"https://en.wikipedia.org/wiki/Athletics_at_the_1904_Summer_Olympics_–_Men's_4_miles_team_race","event_name":"athletics at the 1904 Summer Olympics – men's 4 miles team race","event_part_of_wikidata_id":"Q723599","event_part_of":"athletics at the 1904 Summer Olympics","event_sport_wikidata_id":"Q542","event_sport":"athletics","sport_wikidata_id":"Q542","sport":"athletics","source_page":"https://en.wikipedia.org/wiki/List_of_1904_Summer_Olympics_medal_winners","source_kind":"layers-derived-wikipedia-wikidata"}},{"type":"Feature","id":"olympic-medals-birthplace-1904-ac28e5ba0cb2a516","geometry":{"type":"Point","coordinates":[-84.98,40.4339]},"properties":{"year":1904,"medalist_wikidata_id":"Q517968","medalist_link":"https://en.wikipedia.org/wiki/Lacey_Hearn","medalist_name":"Lacey Hearn","medal":"silver","delegation_wikidata_id":"Q1360637","delegation_link":"https://en.wikipedia.org/wiki/Mixed_team_at_the_1904_Summer_Olympics","delegation_name":"Mixed team at the 1904 Summer Olympics","country_medal_wikidata_id":"Q30","country_medal":"United States","country_medal_code2":"US","country_medal_code3":"USA","country_medal_ioc_country_code":"USA","date_of_birth":"1881-03-23","place_of_birth_wikidata_id":"Q1807259","place_of_birth":"Portland","place_of_birth_located_in_wikidata_id":"Q506574","place_of_birth_located_in":"Jay County","place_of_birth_coordinates":"40.4339,-84.98","sex_or_gender_wikidata_id":"Q6581097","sex_or_gender":"male","event_wikidata_id":"Q327379","event_link":"https://en.wikipedia.org/wiki/Athletics_at_the_1904_Summer_Olympics_–_Men's_4_miles_team_race","event_name":"athletics at the 1904 Summer Olympics – men's 4 miles team race","event_part_of_wikidata_id":"Q723599","event_part_of":"athletics at the 1904 Summer Olympics","event_sport_wikidata_id":"Q542","event_sport":"athletics","sport_wikidata_id":"Q542","sport":"athletics","source_page":"https://en.wikipedia.org/wiki/List_of_1904_Summer_Olympics_medal_winners","source_kind":"layers-derived-wikipedia-wikidata"}},{"type":"Feature","id":"olympic-medals-birthplace-1904-6bc04ffe9b78716e","geometry":{"type":"Point","coordinates":[4.7705555555556,46.978055555556]},"properties":{"year":1904,"medalist_wikidata_id":"Q983653","medalist_link":"https://en.wikipedia.org/wiki/Albert_Corey","medalist_name":"Albert Corey","medal":"silver","delegation_wikidata_id":"Q1360637","delegation_link":"https://en.wikipedia.org/wiki/Mixed_team_at_the_1904_Summer_Olympics","delegation_name":"Mixed team at the 1904 Summer Olympics","country_medal_wikidata_id":"Q30","country_medal":"United States","country_medal_code2":"US","country_medal_code3":"USA","country_medal_ioc_country_code":"USA","date_of_birth":"1878-04-16","place_of_birth_wikidata_id":"Q16140","place_of_birth":"Meursault","place_of_birth_located_in_wikidata_id":"Q14836","place_of_birth_located_in":"canton of Beaune-Nord","place_of_birth_coordinates":"46.978055555556,4.7705555555556","sex_or_gender_wikidata_id":"Q6581097","sex_or_gender":"male","event_wikidata_id":"Q327379","event_link":"https://en.wikipedia.org/wiki/Athletics_at_the_1904_Summer_Olympics_–_Men's_4_miles_team_race","event_name":"athletics at the 1904 Summer Olympics – men's 4 miles team race","event_part_of_wikidata_id":"Q723599","event_part_of":"athletics at the 1904 Summer Olympics","event_sport_wikidata_id":"Q542","event_sport":"athletics","sport_wikidata_id":"Q542","sport":"athletics","source_page":"https://en.wikipedia.org/wiki/List_of_1904_Summer_Olympics_medal_winners","source_kind":"layers-derived-wikipedia-wikidata"}},{"type":"Feature","id":"olympic-medals-birthplace-1904-9bf372269060e380","geometry":{"type":"Point","coordinates":[-87.8175,41.8931]},"properties":{"year":1904,"medalist_wikidata_id":"Q1376269","medalist_link":"https://en.wikipedia.org/wiki/Sidney_Hatch","medalist_name":"Sidney Hatch","medal":"silver","delegation_wikidata_id":"Q1360637","delegation_link":"https://en.wikipedia.org/wiki/Mixed_team_at_the_1904_Summer_Olympics","delegation_name":"Mixed team at the 1904 Summer Olympics","country_medal_wikidata_id":"Q30","country_medal":"United States","country_medal_code2":"US","country_medal_code3":"USA","country_medal_ioc_country_code":"USA","date_of_birth":"1883-08-18","place_of_birth_wikidata_id":"Q2299339","place_of_birth":"River Forest","place_of_birth_located_in_wikidata_id":"Q108418","place_of_birth_located_in":"Cook County","place_of_birth_coordinates":"41.8931,-87.8175","sex_or_gender_wikidata_id":"Q6581097","sex_or_gender":"male","event_wikidata_id":"Q327379","event_link":"https://en.wikipedia.org/wiki/Athletics_at_the_1904_Summer_Olympics_–_Men's_4_miles_team_race","event_name":"athletics at the 1904 Summer Olympics – men's 4 miles team race","event_part_of_wikidata_id":"Q723599","event_part_of":"athletics at the 1904 Summer Olympics","event_sport_wikidata_id":"Q542","event_sport":"athletics","sport_wikidata_id":"Q542","sport":"athletics","source_page":"https://en.wikipedia.org/wiki/List_of_1904_Summer_Olympics_medal_winners","source_kind":"layers-derived-wikipedia-wikidata"}},{"type":"Feature","id":"olympic-medals-birthplace-1904-889d548c3bf57ef2","geometry":{"type":"Point","coordinates":[22.3,53.56666666666667]},"properties":{"year":1904,"medalist_wikidata_id":"Q334650","medalist_link":"https://en.wikipedia.org/wiki/Myer_Prinstein","medalist_name":"Myer Prinstein","medal":"gold","delegation_wikidata_id":"Q1350274","delegation_link":"https://en.wikipedia.org/wiki/United_States_at_the_1904_Summer_Olympics","delegation_name":"United States at the 1904 Summer Olympics","country_medal_wikidata_id":"Q30","country_medal":"United States","country_medal_code2":"US","country_medal_code3":"USA","country_medal_ioc_country_code":"USA","date_of_birth":"1878-12-22","place_of_birth_wikidata_id":"Q958747","place_of_birth":"Szczuczyn","place_of_birth_located_in_wikidata_id":"Q579831","place_of_birth_located_in":"Gmina Szczuczyn","place_of_birth_coordinates":"53.56666666666667,22.3","sex_or_gender_wikidata_id":"Q6581097","sex_or_gender":"male","event_wikidata_id":"Q327367","event_link":"https://en.wikipedia.org/wiki/Athletics_at_the_1904_Summer_Olympics_–_Men's_long_jump","event_name":"athletics at the 1904 Summer Olympics – men's long jump","event_part_of_wikidata_id":"Q723599","event_part_of":"athletics at the 1904 Summer Olympics","event_sport_wikidata_id":"Q542","event_sport":"athletics","sport_wikidata_id":"Q542","sport":"athletics","source_page":"https://en.wikipedia.org/wiki/List_of_1904_Summer_Olympics_medal_winners","source_kind":"layers-derived-wikipedia-wikidata"}},{"type":"Feature","id":"olympic-medals-birthplace-1904-2e94f1f0ca972254","geometry":{"type":"Point","coordinates":[-71.05777777777777,42.360277777777775]},"properties":{"year":1904,"medalist_wikidata_id":"Q971926","medalist_link":"https://en.wikipedia.org/wiki/Daniel_Frank_(athlete)","medalist_name":"Daniel Frank","medal":"silver","delegation_wikidata_id":"Q1350274","delegation_link":"https://en.wikipedia.org/wiki/United_States_at_the_1904_Summer_Olympics","delegation_name":"United States at the 1904 Summer Olympics","country_medal_wikidata_id":"Q30","country_medal":"United States","country_medal_code2":"US","country_medal_code3":"USA","country_medal_ioc_country_code":"USA","date_of_birth":"1882-01-04","place_of_birth_wikidata_id":"Q100","place_of_birth":"Boston","place_of_birth_located_in_wikidata_id":"Q54072","place_of_birth_located_in":"Suffolk County","place_of_birth_coordinates":"42.360277777777775,-71.05777777777777","sex_or_gender_wikidata_id":"Q6581097","sex_or_gender":"male","event_wikidata_id":"Q327367","event_link":"https://en.wikipedia.org/wiki/Athletics_at_the_1904_Summer_Olympics_–_Men's_long_jump","event_name":"athletics at the 1904 Summer Olympics – men's long jump","event_part_of_wikidata_id":"Q723599","event_part_of":"athletics at the 1904 Summer Olympics","event_sport_wikidata_id":"Q542","event_sport":"athletics","sport_wikidata_id":"Q542","sport":"athletics","source_page":"https://en.wikipedia.org/wiki/List_of_1904_Summer_Olympics_medal_winners","source_kind":"layers-derived-wikipedia-wikidata"}},{"type":"Feature","id":"olympic-medals-birthplace-1904-0d05f6fde0c9fb8f","geometry":{"type":"Point","coordinates":[-74.00611111111111,40.71277777777778]},"properties":{"year":1904,"medalist_wikidata_id":"Q578871","medalist_link":"https://en.wikipedia.org/wiki/Robert_Stangland","medalist_name":"Robert Stangland","medal":"bronze","delegation_wikidata_id":"Q1350274","delegation_link":"https://en.wikipedia.org/wiki/United_States_at_the_1904_Summer_Olympics","delegation_name":"United States at the 1904 Summer Olympics","country_medal_wikidata_id":"Q30","country_medal":"United States","country_medal_code2":"US","country_medal_code3":"USA","country_medal_ioc_country_code":"USA","date_of_birth":"1881-10-05","place_of_birth_wikidata_id":"Q60","place_of_birth":"New York City","place_of_birth_located_in_wikidata_id":"Q1384","place_of_birth_located_in":"New York","place_of_birth_coordinates":"40.71277777777778,-74.00611111111111","sex_or_gender_wikidata_id":"Q6581097","sex_or_gender":"male","event_wikidata_id":"Q327367","event_link":"https://en.wikipedia.org/wiki/Athletics_at_the_1904_Summer_Olympics_–_Men's_long_jump","event_name":"athletics at the 1904 Summer Olympics – men's long jump","event_part_of_wikidata_id":"Q723599","event_part_of":"athletics at the 1904 Summer Olympics","event_sport_wikidata_id":"Q542","event_sport":"athletics","sport_wikidata_id":"Q542","sport":"athletics","source_page":"https://en.wikipedia.org/wiki/List_of_1904_Summer_Olympics_medal_winners","source_kind":"layers-derived-wikipedia-wikidata"}},{"type":"Feature","id":"olympic-medals-birthplace-1904-e5b26c2dda574cab","geometry":{"type":"Point","coordinates":[22.3,53.56666666666667]},"properties":{"year":1904,"medalist_wikidata_id":"Q334650","medalist_link":"https://en.wikipedia.org/wiki/Myer_Prinstein","medalist_name":"Myer Prinstein","medal":"gold","delegation_wikidata_id":"Q1350274","delegation_link":"https://en.wikipedia.org/wiki/United_States_at_the_1904_Summer_Olympics","delegation_name":"United States at the 1904 Summer Olympics","country_medal_wikidata_id":"Q30","country_medal":"United States","country_medal_code2":"US","country_medal_code3":"USA","country_medal_ioc_country_code":"USA","date_of_birth":"1878-12-22","place_of_birth_wikidata_id":"Q958747","place_of_birth":"Szczuczyn","place_of_birth_located_in_wikidata_id":"Q579831","place_of_birth_located_in":"Gmina Szczuczyn","place_of_birth_coordinates":"53.56666666666667,22.3","sex_or_gender_wikidata_id":"Q6581097","sex_or_gender":"male","event_wikidata_id":"Q327296","event_link":"https://en.wikipedia.org/wiki/Athletics_at_the_1904_Summer_Olympics_–_Men's_triple_jump","event_name":"athletics at the 1904 Summer Olympics – men's triple jump","event_part_of_wikidata_id":"Q723599","event_part_of":"athletics at the 1904 Summer Olympics","event_sport_wikidata_id":"Q542","event_sport":"athletics","sport_wikidata_id":"Q542","sport":"athletics","source_page":"https://en.wikipedia.org/wiki/List_of_1904_Summer_Olympics_medal_winners","source_kind":"layers-derived-wikipedia-wikidata"}},{"type":"Feature","id":"olympic-medals-birthplace-1904-94b6e15b1b56e6e7","geometry":{"type":"Point","coordinates":[-74.00611111111111,40.71277777777778]},"properties":{"year":1904,"medalist_wikidata_id":"Q1452285","medalist_link":"https://en.wikipedia.org/wiki/Fred_Englehardt","medalist_name":"Fred Englehardt","medal":"silver","delegation_wikidata_id":"Q1350274","delegation_link":"https://en.wikipedia.org/wiki/United_States_at_the_1904_Summer_Olympics","delegation_name":"United States at the 1904 Summer Olympics","country_medal_wikidata_id":"Q30","country_medal":"United States","country_medal_code2":"US","country_medal_code3":"USA","country_medal_ioc_country_code":"USA","date_of_birth":"1879-05-14","place_of_birth_wikidata_id":"Q60","place_of_birth":"New York City","place_of_birth_located_in_wikidata_id":"Q1384","place_of_birth_located_in":"New York","place_of_birth_coordinates":"40.71277777777778,-74.00611111111111","sex_or_gender_wikidata_id":"Q6581097","sex_or_gender":"male","event_wikidata_id":"Q327296","event_link":"https://en.wikipedia.org/wiki/Athletics_at_the_1904_Summer_Olympics_–_Men's_triple_jump","event_name":"athletics at the 1904 Summer Olympics – men's triple jump","event_part_of_wikidata_id":"Q723599","event_part_of":"athletics at the 1904 Summer Olympics","event_sport_wikidata_id":"Q542","event_sport":"athletics","sport_wikidata_id":"Q542","sport":"athletics","source_page":"https://en.wikipedia.org/wiki/List_of_1904_Summer_Olympics_medal_winners","source_kind":"layers-derived-wikipedia-wikidata"}},{"type":"Feature","id":"olympic-medals-birthplace-1904-bdb295ef9edfcceb","geometry":{"type":"Point","coordinates":[-74.00611111111111,40.71277777777778]},"properties":{"year":1904,"medalist_wikidata_id":"Q578871","medalist_link":"https://en.wikipedia.org/wiki/Robert_Stangland","medalist_name":"Robert Stangland","medal":"bronze","delegation_wikidata_id":"Q1350274","delegation_link":"https://en.wikipedia.org/wiki/United_States_at_the_1904_Summer_Olympics","delegation_name":"United States at the 1904 Summer Olympics","country_medal_wikidata_id":"Q30","country_medal":"United States","country_medal_code2":"US","country_medal_code3":"USA","country_medal_ioc_country_code":"USA","date_of_birth":"1881-10-05","place_of_birth_wikidata_id":"Q60","place_of_birth":"New York City","place_of_birth_located_in_wikidata_id":"Q1384","place_of_birth_located_in":"New York","place_of_birth_coordinates":"40.71277777777778,-74.00611111111111","sex_or_gender_wikidata_id":"Q6581097","sex_or_gender":"male","event_wikidata_id":"Q327296","event_link":"https://en.wikipedia.org/wiki/Athletics_at_the_1904_Summer_Olympics_–_Men's_triple_jump","event_name":"athletics at the 1904 Summer Olympics – men's triple jump","event_part_of_wikidata_id":"Q723599","event_part_of":"athletics at the 1904 Summer Olympics","event_sport_wikidata_id":"Q542","event_sport":"athletics","sport_wikidata_id":"Q542","sport":"athletics","source_page":"https://en.wikipedia.org/wiki/List_of_1904_Summer_Olympics_medal_winners","source_kind":"layers-derived-wikipedia-wikidata"}},{"type":"Feature","id":"olympic-medals-birthplace-1904-b6f697b8d0ab571f","geometry":{"type":"Point","coordinates":[-73.271944444444,41.175833333333]},"properties":{"year":1904,"medalist_wikidata_id":"Q462912","medalist_link":"https://en.wikipedia.org/wiki/Samuel_Jones_(athlete)","medalist_name":"Samuel Jones","medal":"gold","delegation_wikidata_id":"Q1350274","delegation_link":"https://en.wikipedia.org/wiki/United_States_at_the_1904_Summer_Olympics","delegation_name":"United States at the 1904 Summer Olympics","country_medal_wikidata_id":"Q30","country_medal":"United States","country_medal_code2":"US","country_medal_code3":"USA","country_medal_ioc_country_code":"USA","date_of_birth":"1880-01-16","place_of_birth_wikidata_id":"Q754635","place_of_birth":"Fairfield","place_of_birth_located_in_wikidata_id":"Q54231","place_of_birth_located_in":"Fairfield County","place_of_birth_coordinates":"41.175833333333,-73.271944444444","sex_or_gender_wikidata_id":"Q6581097","sex_or_gender":"male","event_wikidata_id":"Q327305","event_link":"https://en.wikipedia.org/wiki/Athletics_at_the_1904_Summer_Olympics_–_Men's_high_jump","event_name":"athletics at the 1904 Summer Olympics – men's high jump","event_part_of_wikidata_id":"Q723599","event_part_of":"athletics at the 1904 Summer Olympics","event_sport_wikidata_id":"Q542","event_sport":"athletics","sport_wikidata_id":"Q542","sport":"athletics","source_page":"https://en.wikipedia.org/wiki/List_of_1904_Summer_Olympics_medal_winners","source_kind":"layers-derived-wikipedia-wikidata"}},{"type":"Feature","id":"olympic-medals-birthplace-1904-f5e58e024a4c5ec9","geometry":{"type":"Point","coordinates":[12.079722222222,51.358611111111]},"properties":{"year":1904,"medalist_wikidata_id":"Q64681","medalist_link":"https://en.wikipedia.org/wiki/Paul_Weinstein_(athlete)","medalist_name":"Paul Weinstein","medal":"bronze","delegation_wikidata_id":"Q143137","delegation_link":"https://en.wikipedia.org/wiki/Germany_at_the_1904_Summer_Olympics","delegation_name":"Germany at the 1904 Summer Olympics","country_medal_wikidata_id":"Q1206012","country_medal":"German Reich","country_medal_code2":null,"country_medal_code3":null,"country_medal_ioc_country_code":null,"date_of_birth":"1878-04-05","place_of_birth_wikidata_id":"Q695535","place_of_birth":"Wallendorf","place_of_birth_located_in_wikidata_id":"Q526388","place_of_birth_located_in":"Schkopau","place_of_birth_coordinates":"51.358611111111,12.079722222222","sex_or_gender_wikidata_id":"Q6581097","sex_or_gender":"male","event_wikidata_id":"Q327305","event_link":"https://en.wikipedia.org/wiki/Athletics_at_the_1904_Summer_Olympics_–_Men's_high_jump","event_name":"athletics at the 1904 Summer Olympics – men's high jump","event_part_of_wikidata_id":"Q723599","event_part_of":"athletics at the 1904 Summer Olympics","event_sport_wikidata_id":"Q542","event_sport":"athletics","sport_wikidata_id":"Q542","sport":"athletics","source_page":"https://en.wikipedia.org/wiki/List_of_1904_Summer_Olympics_medal_winners","source_kind":"layers-derived-wikipedia-wikidata"}},{"type":"Feature","id":"olympic-medals-birthplace-1904-f8942416b4836871","geometry":{"type":"Point","coordinates":[-87.62777777777778,41.88194444444444]},"properties":{"year":1904,"medalist_wikidata_id":"Q525554","medalist_link":"https://en.wikipedia.org/wiki/Charles_Dvorak","medalist_name":"Charles Dvorak","medal":"gold","delegation_wikidata_id":"Q1350274","delegation_link":"https://en.wikipedia.org/wiki/United_States_at_the_1904_Summer_Olympics","delegation_name":"United States at the 1904 Summer Olympics","country_medal_wikidata_id":"Q30","country_medal":"United States","country_medal_code2":"US","country_medal_code3":"USA","country_medal_ioc_country_code":"USA","date_of_birth":"1878-11-27","place_of_birth_wikidata_id":"Q1297","place_of_birth":"Chicago","place_of_birth_located_in_wikidata_id":"Q108418","place_of_birth_located_in":"Cook County","place_of_birth_coordinates":"41.88194444444444,-87.62777777777778","sex_or_gender_wikidata_id":"Q6581097","sex_or_gender":"male","event_wikidata_id":"Q327326","event_link":"https://en.wikipedia.org/wiki/Athletics_at_the_1904_Summer_Olympics_–_Men's_pole_vault","event_name":"athletics at the 1904 Summer Olympics – men's pole vault","event_part_of_wikidata_id":"Q723599","event_part_of":"athletics at the 1904 Summer Olympics","event_sport_wikidata_id":"Q542","event_sport":"athletics","sport_wikidata_id":"Q542","sport":"athletics","source_page":"https://en.wikipedia.org/wiki/List_of_1904_Summer_Olympics_medal_winners","source_kind":"layers-derived-wikipedia-wikidata"}},{"type":"Feature","id":"olympic-medals-birthplace-1904-7c5cc3a89fe7d82b","geometry":{"type":"Point","coordinates":[-86.131666666667,40.482222222222]},"properties":{"year":1904,"medalist_wikidata_id":"Q765819","medalist_link":"https://en.wikipedia.org/wiki/LeRoy_Samse","medalist_name":"LeRoy Samse","medal":"silver","delegation_wikidata_id":"Q1350274","delegation_link":"https://en.wikipedia.org/wiki/United_States_at_the_1904_Summer_Olympics","delegation_name":"United States at the 1904 Summer Olympics","country_medal_wikidata_id":"Q30","country_medal":"United States","country_medal_code2":"US","country_medal_code3":"USA","country_medal_ioc_country_code":"USA","date_of_birth":"1883-09-13","place_of_birth_wikidata_id":"Q913209","place_of_birth":"Kokomo","place_of_birth_located_in_wikidata_id":"Q507353","place_of_birth_located_in":"Howard County","place_of_birth_coordinates":"40.482222222222,-86.131666666667","sex_or_gender_wikidata_id":"Q6581097","sex_or_gender":"male","event_wikidata_id":"Q327326","event_link":"https://en.wikipedia.org/wiki/Athletics_at_the_1904_Summer_Olympics_–_Men's_pole_vault","event_name":"athletics at the 1904 Summer Olympics – men's pole vault","event_part_of_wikidata_id":"Q723599","event_part_of":"athletics at the 1904 Summer Olympics","event_sport_wikidata_id":"Q542","event_sport":"athletics","sport_wikidata_id":"Q542","sport":"athletics","source_page":"https://en.wikipedia.org/wiki/List_of_1904_Summer_Olympics_medal_winners","source_kind":"layers-derived-wikipedia-wikidata"}},{"type":"Feature","id":"olympic-medals-birthplace-1904-382e0e2a437ab8cf","geometry":{"type":"Point","coordinates":[-86.1169,41.2978]},"properties":{"year":1904,"medalist_wikidata_id":"Q1378913","medalist_link":"https://en.wikipedia.org/wiki/Louis_Wilkins","medalist_name":"Louis Wilkins","medal":"bronze","delegation_wikidata_id":"Q1350274","delegation_link":"https://en.wikipedia.org/wiki/United_States_at_the_1904_Summer_Olympics","delegation_name":"United States at the 1904 Summer Olympics","country_medal_wikidata_id":"Q30","country_medal":"United States","country_medal_code2":"US","country_medal_code3":"USA","country_medal_ioc_country_code":"USA","date_of_birth":"1882-12-10","place_of_birth_wikidata_id":"Q2105688","place_of_birth":"Bourbon","place_of_birth_located_in_wikidata_id":"Q540907","place_of_birth_located_in":"Marshall County","place_of_birth_coordinates":"41.2978,-86.1169","sex_or_gender_wikidata_id":"Q6581097","sex_or_gender":"male","event_wikidata_id":"Q327326","event_link":"https://en.wikipedia.org/wiki/Athletics_at_the_1904_Summer_Olympics_–_Men's_pole_vault","event_name":"athletics at the 1904 Summer Olympics – men's pole vault","event_part_of_wikidata_id":"Q723599","event_part_of":"athletics at the 1904 Summer Olympics","event_sport_wikidata_id":"Q542","event_sport":"athletics","sport_wikidata_id":"Q542","sport":"athletics","source_page":"https://en.wikipedia.org/wiki/List_of_1904_Summer_Olympics_medal_winners","source_kind":"layers-derived-wikipedia-wikidata"}},{"type":"Feature","id":"olympic-medals-birthplace-1904-662162dbe970480b","geometry":{"type":"Point","coordinates":[-86.8786,40.4172]},"properties":{"year":1904,"medalist_wikidata_id":"Q52674","medalist_link":"https://en.wikipedia.org/wiki/Ray_Ewry","medalist_name":"Ray Ewry","medal":"gold","delegation_wikidata_id":"Q1350274","delegation_link":"https://en.wikipedia.org/wiki/United_States_at_the_1904_Summer_Olympics","delegation_name":"United States at the 1904 Summer Olympics","country_medal_wikidata_id":"Q30","country_medal":"United States","country_medal_code2":"US","country_medal_code3":"USA","country_medal_ioc_country_code":"USA","date_of_birth":"1873-10-14","place_of_birth_wikidata_id":"Q638187","place_of_birth":"Lafayette","place_of_birth_located_in_wikidata_id":"Q507365","place_of_birth_located_in":"Tippecanoe County","place_of_birth_coordinates":"40.4172,-86.8786","sex_or_gender_wikidata_id":"Q6581097","sex_or_gender":"male","event_wikidata_id":"Q327320","event_link":"https://en.wikipedia.org/wiki/Athletics_at_the_1904_Summer_Olympics_–_Men's_standing_long_jump","event_name":"athletics at the 1904 Summer Olympics – men's standing long jump","event_part_of_wikidata_id":"Q723599","event_part_of":"athletics at the 1904 Summer Olympics","event_sport_wikidata_id":"Q542","event_sport":"athletics","sport_wikidata_id":"Q542","sport":"athletics","source_page":"https://en.wikipedia.org/wiki/List_of_1904_Summer_Olympics_medal_winners","source_kind":"layers-derived-wikipedia-wikidata"}},{"type":"Feature","id":"olympic-medals-birthplace-1904-023bd8e0e560a1ff","geometry":{"type":"Point","coordinates":[-89.969444444444,34.616388888889]},"properties":{"year":1904,"medalist_wikidata_id":"Q923059","medalist_link":"https://en.wikipedia.org/wiki/Charles_King_(athlete)","medalist_name":"Charles King","medal":"silver","delegation_wikidata_id":"Q1350274","delegation_link":"https://en.wikipedia.org/wiki/United_States_at_the_1904_Summer_Olympics","delegation_name":"United States at the 1904 Summer Olympics","country_medal_wikidata_id":"Q30","country_medal":"United States","country_medal_code2":"US","country_medal_code3":"USA","country_medal_ioc_country_code":"USA","date_of_birth":"1880-12-10","place_of_birth_wikidata_id":"Q2073595","place_of_birth":"Senatobia","place_of_birth_located_in_wikidata_id":"Q486526","place_of_birth_located_in":"Tate County","place_of_birth_coordinates":"34.616388888889,-89.969444444444","sex_or_gender_wikidata_id":"Q6581097","sex_or_gender":"male","event_wikidata_id":"Q327320","event_link":"https://en.wikipedia.org/wiki/Athletics_at_the_1904_Summer_Olympics_–_Men's_standing_long_jump","event_name":"athletics at the 1904 Summer Olympics – men's standing long jump","event_part_of_wikidata_id":"Q723599","event_part_of":"athletics at the 1904 Summer Olympics","event_sport_wikidata_id":"Q542","event_sport":"athletics","sport_wikidata_id":"Q542","sport":"athletics","source_page":"https://en.wikipedia.org/wiki/List_of_1904_Summer_Olympics_medal_winners","source_kind":"layers-derived-wikipedia-wikidata"}},{"type":"Feature","id":"olympic-medals-birthplace-1904-a735ee02a3e71e1c","geometry":{"type":"Point","coordinates":[-74.17222222222222,40.73555555555556]},"properties":{"year":1904,"medalist_wikidata_id":"Q156759","medalist_link":"https://en.wikipedia.org/wiki/John_Biller","medalist_name":"John Biller","medal":"bronze","delegation_wikidata_id":"Q1350274","delegation_link":"https://en.wikipedia.org/wiki/United_States_at_the_1904_Summer_Olympics","delegation_name":"United States at the 1904 Summer Olympics","country_medal_wikidata_id":"Q30","country_medal":"United States","country_medal_code2":"US","country_medal_code3":"USA","country_medal_ioc_country_code":"USA","date_of_birth":"1877-11-14","place_of_birth_wikidata_id":"Q25395","place_of_birth":"Newark","place_of_birth_located_in_wikidata_id":"Q128077","place_of_birth_located_in":"Essex County","place_of_birth_coordinates":"40.73555555555556,-74.17222222222222","sex_or_gender_wikidata_id":"Q6581097","sex_or_gender":"male","event_wikidata_id":"Q327320","event_link":"https://en.wikipedia.org/wiki/Athletics_at_the_1904_Summer_Olympics_–_Men's_standing_long_jump","event_name":"athletics at the 1904 Summer Olympics – men's standing long jump","event_part_of_wikidata_id":"Q723599","event_part_of":"athletics at the 1904 Summer Olympics","event_sport_wikidata_id":"Q542","event_sport":"athletics","sport_wikidata_id":"Q542","sport":"athletics","source_page":"https://en.wikipedia.org/wiki/List_of_1904_Summer_Olympics_medal_winners","source_kind":"layers-derived-wikipedia-wikidata"}},{"type":"Feature","id":"olympic-medals-birthplace-1904-80bdb3a103b6e9a9","geometry":{"type":"Point","coordinates":[-86.8786,40.4172]},"properties":{"year":1904,"medalist_wikidata_id":"Q52674","medalist_link":"https://en.wikipedia.org/wiki/Ray_Ewry","medalist_name":"Ray Ewry","medal":"gold","delegation_wikidata_id":"Q1350274","delegation_link":"https://en.wikipedia.org/wiki/United_States_at_the_1904_Summer_Olympics","delegation_name":"United States at the 1904 Summer Olympics","country_medal_wikidata_id":"Q30","country_medal":"United States","country_medal_code2":"US","country_medal_code3":"USA","country_medal_ioc_country_code":"USA","date_of_birth":"1873-10-14","place_of_birth_wikidata_id":"Q638187","place_of_birth":"Lafayette","place_of_birth_located_in_wikidata_id":"Q507365","place_of_birth_located_in":"Tippecanoe County","place_of_birth_coordinates":"40.4172,-86.8786","sex_or_gender_wikidata_id":"Q6581097","sex_or_gender":"male","event_wikidata_id":"Q392649","event_link":"https://en.wikipedia.org/wiki/Athletics_at_the_1904_Summer_Olympics_–_Men's_standing_triple_jump","event_name":"athletics at the 1904 Summer Olympics – men's standing triple jump","event_part_of_wikidata_id":"Q723599","event_part_of":"athletics at the 1904 Summer Olympics","event_sport_wikidata_id":"Q542","event_sport":"athletics","sport_wikidata_id":"Q542","sport":"athletics","source_page":"https://en.wikipedia.org/wiki/List_of_1904_Summer_Olympics_medal_winners","source_kind":"layers-derived-wikipedia-wikidata"}},{"type":"Feature","id":"olympic-medals-birthplace-1904-55e1c90b26e7d7e5","geometry":{"type":"Point","coordinates":[-89.969444444444,34.616388888889]},"properties":{"year":1904,"medalist_wikidata_id":"Q923059","medalist_link":"https://en.wikipedia.org/wiki/Charles_King_(athlete)","medalist_name":"Charles King","medal":"silver","delegation_wikidata_id":"Q1350274","delegation_link":"https://en.wikipedia.org/wiki/United_States_at_the_1904_Summer_Olympics","delegation_name":"United States at the 1904 Summer Olympics","country_medal_wikidata_id":"Q30","country_medal":"United States","country_medal_code2":"US","country_medal_code3":"USA","country_medal_ioc_country_code":"USA","date_of_birth":"1880-12-10","place_of_birth_wikidata_id":"Q2073595","place_of_birth":"Senatobia","place_of_birth_located_in_wikidata_id":"Q486526","place_of_birth_located_in":"Tate County","place_of_birth_coordinates":"34.616388888889,-89.969444444444","sex_or_gender_wikidata_id":"Q6581097","sex_or_gender":"male","event_wikidata_id":"Q392649","event_link":"https://en.wikipedia.org/wiki/Athletics_at_the_1904_Summer_Olympics_–_Men's_standing_triple_jump","event_name":"athletics at the 1904 Summer Olympics – men's standing triple jump","event_part_of_wikidata_id":"Q723599","event_part_of":"athletics at the 1904 Summer Olympics","event_sport_wikidata_id":"Q542","event_sport":"athletics","sport_wikidata_id":"Q542","sport":"athletics","source_page":"https://en.wikipedia.org/wiki/List_of_1904_Summer_Olympics_medal_winners","source_kind":"layers-derived-wikipedia-wikidata"}},{"type":"Feature","id":"olympic-medals-birthplace-1904-f815a3e98f6797b1","geometry":{"type":"Point","coordinates":[-81.69472222222223,41.49916666666667]},"properties":{"year":1904,"medalist_wikidata_id":"Q1359799","medalist_link":"https://en.wikipedia.org/wiki/Joseph_Stadler","medalist_name":"Joseph Stadler","medal":"bronze","delegation_wikidata_id":"Q1350274","delegation_link":"https://en.wikipedia.org/wiki/United_States_at_the_1904_Summer_Olympics","delegation_name":"United States at the 1904 Summer Olympics","country_medal_wikidata_id":"Q30","country_medal":"United States","country_medal_code2":"US","country_medal_code3":"USA","country_medal_ioc_country_code":"USA","date_of_birth":"1880-06-12","place_of_birth_wikidata_id":"Q37320","place_of_birth":"Cleveland","place_of_birth_located_in_wikidata_id":"Q251267","place_of_birth_located_in":"Cuyahoga County","place_of_birth_coordinates":"41.49916666666667,-81.69472222222223","sex_or_gender_wikidata_id":"Q6581097","sex_or_gender":"male","event_wikidata_id":"Q392649","event_link":"https://en.wikipedia.org/wiki/Athletics_at_the_1904_Summer_Olympics_–_Men's_standing_triple_jump","event_name":"athletics at the 1904 Summer Olympics – men's standing triple jump","event_part_of_wikidata_id":"Q723599","event_part_of":"athletics at the 1904 Summer Olympics","event_sport_wikidata_id":"Q542","event_sport":"athletics","sport_wikidata_id":"Q542","sport":"athletics","source_page":"https://en.wikipedia.org/wiki/List_of_1904_Summer_Olympics_medal_winners","source_kind":"layers-derived-wikipedia-wikidata"}},{"type":"Feature","id":"olympic-medals-birthplace-1904-a6b59dceba59a000","geometry":{"type":"Point","coordinates":[-86.8786,40.4172]},"properties":{"year":1904,"medalist_wikidata_id":"Q52674","medalist_link":"https://en.wikipedia.org/wiki/Ray_Ewry","medalist_name":"Ray Ewry","medal":"gold","delegation_wikidata_id":"Q1350274","delegation_link":"https://en.wikipedia.org/wiki/United_States_at_the_1904_Summer_Olympics","delegation_name":"United States at the 1904 Summer Olympics","country_medal_wikidata_id":"Q30","country_medal":"United States","country_medal_code2":"US","country_medal_code3":"USA","country_medal_ioc_country_code":"USA","date_of_birth":"1873-10-14","place_of_birth_wikidata_id":"Q638187","place_of_birth":"Lafayette","place_of_birth_located_in_wikidata_id":"Q507365","place_of_birth_located_in":"Tippecanoe County","place_of_birth_coordinates":"40.4172,-86.8786","sex_or_gender_wikidata_id":"Q6581097","sex_or_gender":"male","event_wikidata_id":"Q327284","event_link":"https://en.wikipedia.org/wiki/Athletics_at_the_1904_Summer_Olympics_–_Men's_standing_high_jump","event_name":"athletics at the 1904 Summer Olympics – men's standing high jump","event_part_of_wikidata_id":"Q723599","event_part_of":"athletics at the 1904 Summer Olympics","event_sport_wikidata_id":"Q542","event_sport":"athletics","sport_wikidata_id":"Q542","sport":"athletics","source_page":"https://en.wikipedia.org/wiki/List_of_1904_Summer_Olympics_medal_winners","source_kind":"layers-derived-wikipedia-wikidata"}},{"type":"Feature","id":"olympic-medals-birthplace-1904-7183375329c33fd6","geometry":{"type":"Point","coordinates":[-81.69472222222223,41.49916666666667]},"properties":{"year":1904,"medalist_wikidata_id":"Q1359799","medalist_link":"https://en.wikipedia.org/wiki/Joseph_Stadler","medalist_name":"Joseph Stadler","medal":"silver","delegation_wikidata_id":"Q1350274","delegation_link":"https://en.wikipedia.org/wiki/United_States_at_the_1904_Summer_Olympics","delegation_name":"United States at the 1904 Summer Olympics","country_medal_wikidata_id":"Q30","country_medal":"United States","country_medal_code2":"US","country_medal_code3":"USA","country_medal_ioc_country_code":"USA","date_of_birth":"1880-06-12","place_of_birth_wikidata_id":"Q37320","place_of_birth":"Cleveland","place_of_birth_located_in_wikidata_id":"Q251267","place_of_birth_located_in":"Cuyahoga County","place_of_birth_coordinates":"41.49916666666667,-81.69472222222223","sex_or_gender_wikidata_id":"Q6581097","sex_or_gender":"male","event_wikidata_id":"Q327284","event_link":"https://en.wikipedia.org/wiki/Athletics_at_the_1904_Summer_Olympics_–_Men's_standing_high_jump","event_name":"athletics at the 1904 Summer Olympics – men's standing high jump","event_part_of_wikidata_id":"Q723599","event_part_of":"athletics at the 1904 Summer Olympics","event_sport_wikidata_id":"Q542","event_sport":"athletics","sport_wikidata_id":"Q542","sport":"athletics","source_page":"https://en.wikipedia.org/wiki/List_of_1904_Summer_Olympics_medal_winners","source_kind":"layers-derived-wikipedia-wikidata"}},{"type":"Feature","id":"olympic-medals-birthplace-1904-c385c29e6b0ca3af","geometry":{"type":"Point","coordinates":[-2.1,57.15]},"properties":{"year":1904,"medalist_wikidata_id":"Q1809337","medalist_link":"https://en.wikipedia.org/wiki/Lawson_Robertson","medalist_name":"Lawson Robertson","medal":"bronze","delegation_wikidata_id":"Q1350274","delegation_link":"https://en.wikipedia.org/wiki/United_States_at_the_1904_Summer_Olympics","delegation_name":"United States at the 1904 Summer Olympics","country_medal_wikidata_id":"Q30","country_medal":"United States","country_medal_code2":"US","country_medal_code3":"USA","country_medal_ioc_country_code":"USA","date_of_birth":"1883-09-24","place_of_birth_wikidata_id":"Q36405","place_of_birth":"Aberdeen","place_of_birth_located_in_wikidata_id":"Q1542364","place_of_birth_located_in":"Grampian","place_of_birth_coordinates":"57.15,-2.1","sex_or_gender_wikidata_id":"Q6581097","sex_or_gender":"male","event_wikidata_id":"Q327284","event_link":"https://en.wikipedia.org/wiki/Athletics_at_the_1904_Summer_Olympics_–_Men's_standing_high_jump","event_name":"athletics at the 1904 Summer Olympics – men's standing high jump","event_part_of_wikidata_id":"Q723599","event_part_of":"athletics at the 1904 Summer Olympics","event_sport_wikidata_id":"Q542","event_sport":"athletics","sport_wikidata_id":"Q542","sport":"athletics","source_page":"https://en.wikipedia.org/wiki/List_of_1904_Summer_Olympics_medal_winners","source_kind":"layers-derived-wikipedia-wikidata"}},{"type":"Feature","id":"olympic-medals-birthplace-1904-a165a75b52949f08","geometry":{"type":"Point","coordinates":[-122.86638888889,38.6175]},"properties":{"year":1904,"medalist_wikidata_id":"Q371842","medalist_link":"https://en.wikipedia.org/wiki/Ralph_Rose","medalist_name":"Ralph Waldo Rose","medal":"gold","delegation_wikidata_id":"Q1350274","delegation_link":"https://en.wikipedia.org/wiki/United_States_at_the_1904_Summer_Olympics","delegation_name":"United States at the 1904 Summer Olympics","country_medal_wikidata_id":"Q30","country_medal":"United States","country_medal_code2":"US","country_medal_code3":"USA","country_medal_ioc_country_code":"USA","date_of_birth":"1885-03-17","place_of_birth_wikidata_id":"Q852598","place_of_birth":"Healdsburg","place_of_birth_located_in_wikidata_id":"Q108067","place_of_birth_located_in":"Sonoma County","place_of_birth_coordinates":"38.6175,-122.86638888889","sex_or_gender_wikidata_id":"Q6581097","sex_or_gender":"male","event_wikidata_id":"Q392863","event_link":"https://en.wikipedia.org/wiki/Athletics_at_the_1904_Summer_Olympics_–_Men's_shot_put","event_name":"athletics at the 1904 Summer Olympics – men's shot put","event_part_of_wikidata_id":"Q723599","event_part_of":"athletics at the 1904 Summer Olympics","event_sport_wikidata_id":"Q542","event_sport":"athletics","sport_wikidata_id":"Q542","sport":"athletics","source_page":"https://en.wikipedia.org/wiki/List_of_1904_Summer_Olympics_medal_winners","source_kind":"layers-derived-wikipedia-wikidata"}},{"type":"Feature","id":"olympic-medals-birthplace-1904-f95500bc04a46af2","geometry":{"type":"Point","coordinates":[-71.05777777777777,42.360277777777775]},"properties":{"year":1904,"medalist_wikidata_id":"Q1356696","medalist_link":"https://en.wikipedia.org/wiki/Wesley_Coe","medalist_name":"Wesley Coe","medal":"silver","delegation_wikidata_id":"Q1350274","delegation_link":"https://en.wikipedia.org/wiki/United_States_at_the_1904_Summer_Olympics","delegation_name":"United States at the 1904 Summer Olympics","country_medal_wikidata_id":"Q30","country_medal":"United States","country_medal_code2":"US","country_medal_code3":"USA","country_medal_ioc_country_code":"USA","date_of_birth":"1879-05-08","place_of_birth_wikidata_id":"Q100","place_of_birth":"Boston","place_of_birth_located_in_wikidata_id":"Q54072","place_of_birth_located_in":"Suffolk County","place_of_birth_coordinates":"42.360277777777775,-71.05777777777777","sex_or_gender_wikidata_id":"Q6581097","sex_or_gender":"male","event_wikidata_id":"Q392863","event_link":"https://en.wikipedia.org/wiki/Athletics_at_the_1904_Summer_Olympics_–_Men's_shot_put","event_name":"athletics at the 1904 Summer Olympics – men's shot put","event_part_of_wikidata_id":"Q723599","event_part_of":"athletics at the 1904 Summer Olympics","event_sport_wikidata_id":"Q542","event_sport":"athletics","sport_wikidata_id":"Q542","sport":"athletics","source_page":"https://en.wikipedia.org/wiki/List_of_1904_Summer_Olympics_medal_winners","source_kind":"layers-derived-wikipedia-wikidata"}},{"type":"Feature","id":"olympic-medals-birthplace-1904-cc47de1f43b46022","geometry":{"type":"Point","coordinates":[-73.994166666667,40.728333333333]},"properties":{"year":1904,"medalist_wikidata_id":"Q612861","medalist_link":"https://en.wikipedia.org/wiki/Lawrence_Feuerbach","medalist_name":"Lawrence Feuerbach","medal":"bronze","delegation_wikidata_id":"Q1350274","delegation_link":"https://en.wikipedia.org/wiki/United_States_at_the_1904_Summer_Olympics","delegation_name":"United States at the 1904 Summer Olympics","country_medal_wikidata_id":"Q30","country_medal":"United States","country_medal_code2":"US","country_medal_code3":"USA","country_medal_ioc_country_code":"USA","date_of_birth":"1879-07-00","place_of_birth_wikidata_id":"Q11299","place_of_birth":"Manhattan","place_of_birth_located_in_wikidata_id":"Q60","place_of_birth_located_in":"New York City","place_of_birth_coordinates":"40.728333333333,-73.994166666667","sex_or_gender_wikidata_id":"Q6581097","sex_or_gender":"male","event_wikidata_id":"Q392863","event_link":"https://en.wikipedia.org/wiki/Athletics_at_the_1904_Summer_Olympics_–_Men's_shot_put","event_name":"athletics at the 1904 Summer Olympics – men's shot put","event_part_of_wikidata_id":"Q723599","event_part_of":"athletics at the 1904 Summer Olympics","event_sport_wikidata_id":"Q542","event_sport":"athletics","sport_wikidata_id":"Q542","sport":"athletics","source_page":"https://en.wikipedia.org/wiki/List_of_1904_Summer_Olympics_medal_winners","source_kind":"layers-derived-wikipedia-wikidata"}},{"type":"Feature","id":"olympic-medals-birthplace-1904-1bfd4482dfe2586f","geometry":{"type":"Point","coordinates":[-8.95,53.9417]},"properties":{"year":1904,"medalist_wikidata_id":"Q347267","medalist_link":"https://en.wikipedia.org/wiki/Martin_Sheridan","medalist_name":"Martin Sheridan","medal":"gold","delegation_wikidata_id":"Q1350274","delegation_link":"https://en.wikipedia.org/wiki/United_States_at_the_1904_Summer_Olympics","delegation_name":"United States at the 1904 Summer Olympics","country_medal_wikidata_id":"Q30","country_medal":"United States","country_medal_code2":"US","country_medal_code3":"USA","country_medal_ioc_country_code":"USA","date_of_birth":"1881-03-28","place_of_birth_wikidata_id":"Q2038011","place_of_birth":"Swinford","place_of_birth_located_in_wikidata_id":"Q178626","place_of_birth_located_in":"County Mayo","place_of_birth_coordinates":"53.9417,-8.95","sex_or_gender_wikidata_id":"Q6581097","sex_or_gender":"male","event_wikidata_id":"Q1185626","event_link":"https://en.wikipedia.org/wiki/Athletics_at_the_1904_Summer_Olympics_–_Men's_discus_throw","event_name":"athletics at the 1904 Summer Olympics – men's discus throw","event_part_of_wikidata_id":"Q723599","event_part_of":"athletics at the 1904 Summer Olympics","event_sport_wikidata_id":"Q542","event_sport":"athletics","sport_wikidata_id":"Q542","sport":"athletics","source_page":"https://en.wikipedia.org/wiki/List_of_1904_Summer_Olympics_medal_winners","source_kind":"layers-derived-wikipedia-wikidata"}},{"type":"Feature","id":"olympic-medals-birthplace-1904-f7d868de085dd806","geometry":{"type":"Point","coordinates":[-122.86638888889,38.6175]},"properties":{"year":1904,"medalist_wikidata_id":"Q371842","medalist_link":"https://en.wikipedia.org/wiki/Ralph_Rose","medalist_name":"Ralph Waldo Rose","medal":"silver","delegation_wikidata_id":"Q1350274","delegation_link":"https://en.wikipedia.org/wiki/United_States_at_the_1904_Summer_Olympics","delegation_name":"United States at the 1904 Summer Olympics","country_medal_wikidata_id":"Q30","country_medal":"United States","country_medal_code2":"US","country_medal_code3":"USA","country_medal_ioc_country_code":"USA","date_of_birth":"1885-03-17","place_of_birth_wikidata_id":"Q852598","place_of_birth":"Healdsburg","place_of_birth_located_in_wikidata_id":"Q108067","place_of_birth_located_in":"Sonoma County","place_of_birth_coordinates":"38.6175,-122.86638888889","sex_or_gender_wikidata_id":"Q6581097","sex_or_gender":"male","event_wikidata_id":"Q1185626","event_link":"https://en.wikipedia.org/wiki/Athletics_at_the_1904_Summer_Olympics_–_Men's_discus_throw","event_name":"athletics at the 1904 Summer Olympics – men's discus throw","event_part_of_wikidata_id":"Q723599","event_part_of":"athletics at the 1904 Summer Olympics","event_sport_wikidata_id":"Q542","event_sport":"athletics","sport_wikidata_id":"Q542","sport":"athletics","source_page":"https://en.wikipedia.org/wiki/List_of_1904_Summer_Olympics_medal_winners","source_kind":"layers-derived-wikipedia-wikidata"}},{"type":"Feature","id":"olympic-medals-birthplace-1904-1e1fa50881d5e8c7","geometry":{"type":"Point","coordinates":[22.462222222222,37.495555555556]},"properties":{"year":1904,"medalist_wikidata_id":"Q1389194","medalist_link":"https://en.wikipedia.org/wiki/Nicolaos_Georgandas","medalist_name":"Nikolaos Georgantas","medal":"bronze","delegation_wikidata_id":"Q142263","delegation_link":"https://en.wikipedia.org/wiki/Greece_at_the_1904_Summer_Olympics","delegation_name":"Greece at the 1904 Summer Olympics","country_medal_wikidata_id":"Q209065","country_medal":"Kingdom of Greece","country_medal_code2":null,"country_medal_code3":null,"country_medal_ioc_country_code":null,"date_of_birth":"1878-03-12","place_of_birth_wikidata_id":"Q21589966","place_of_birth":"Steno","place_of_birth_located_in_wikidata_id":"Q3539555","place_of_birth_located_in":"Tripoli Municipality","place_of_birth_coordinates":"37.495555555556,22.462222222222","sex_or_gender_wikidata_id":"Q6581097","sex_or_gender":"male","event_wikidata_id":"Q1185626","event_link":"https://en.wikipedia.org/wiki/Athletics_at_the_1904_Summer_Olympics_–_Men's_discus_throw","event_name":"athletics at the 1904 Summer Olympics – men's discus throw","event_part_of_wikidata_id":"Q723599","event_part_of":"athletics at the 1904 Summer Olympics","event_sport_wikidata_id":"Q542","event_sport":"athletics","sport_wikidata_id":"Q542","sport":"athletics","source_page":"https://en.wikipedia.org/wiki/List_of_1904_Summer_Olympics_medal_winners","source_kind":"layers-derived-wikipedia-wikidata"}},{"type":"Feature","id":"olympic-medals-birthplace-1904-0f06968218cd7b0a","geometry":{"type":"Point","coordinates":[-8.75,52.5]},"properties":{"year":1904,"medalist_wikidata_id":"Q455064","medalist_link":"https://en.wikipedia.org/wiki/John_Flanagan_(hammer_thrower)","medalist_name":"John Flanagan","medal":"gold","delegation_wikidata_id":"Q1350274","delegation_link":"https://en.wikipedia.org/wiki/United_States_at_the_1904_Summer_Olympics","delegation_name":"United States at the 1904 Summer Olympics","country_medal_wikidata_id":"Q30","country_medal":"United States","country_medal_code2":"US","country_medal_code3":"USA","country_medal_ioc_country_code":"USA","date_of_birth":"1873-01-09","place_of_birth_wikidata_id":"Q178283","place_of_birth":"County Limerick","place_of_birth_located_in_wikidata_id":"Q131438","place_of_birth_located_in":"Munster","place_of_birth_coordinates":"52.5,-8.75","sex_or_gender_wikidata_id":"Q6581097","sex_or_gender":"male","event_wikidata_id":"Q1185638","event_link":"https://en.wikipedia.org/wiki/Athletics_at_the_1904_Summer_Olympics_–_Men's_hammer_throw","event_name":"athletics at the 1904 Summer Olympics – men's hammer throw","event_part_of_wikidata_id":"Q723599","event_part_of":"athletics at the 1904 Summer Olympics","event_sport_wikidata_id":"Q542","event_sport":"athletics","sport_wikidata_id":"Q542","sport":"athletics","source_page":"https://en.wikipedia.org/wiki/List_of_1904_Summer_Olympics_medal_winners","source_kind":"layers-derived-wikipedia-wikidata"}},{"type":"Feature","id":"olympic-medals-birthplace-1904-98baf649acf253b2","geometry":{"type":"Point","coordinates":[-75.179,40.692]},"properties":{"year":1904,"medalist_wikidata_id":"Q1699787","medalist_link":"https://en.wikipedia.org/wiki/John_DeWitt_(athlete)","medalist_name":"John DeWitt","medal":"silver","delegation_wikidata_id":"Q1350274","delegation_link":"https://en.wikipedia.org/wiki/United_States_at_the_1904_Summer_Olympics","delegation_name":"United States at the 1904 Summer Olympics","country_medal_wikidata_id":"Q30","country_medal":"United States","country_medal_code2":"US","country_medal_code3":"USA","country_medal_ioc_country_code":"USA","date_of_birth":"1881-10-29","place_of_birth_wikidata_id":"Q1088690","place_of_birth":"Phillipsburg","place_of_birth_located_in_wikidata_id":"Q502468","place_of_birth_located_in":"Warren County","place_of_birth_coordinates":"40.692,-75.179","sex_or_gender_wikidata_id":"Q6581097","sex_or_gender":"male","event_wikidata_id":"Q1185638","event_link":"https://en.wikipedia.org/wiki/Athletics_at_the_1904_Summer_Olympics_–_Men's_hammer_throw","event_name":"athletics at the 1904 Summer Olympics – men's hammer throw","event_part_of_wikidata_id":"Q723599","event_part_of":"athletics at the 1904 Summer Olympics","event_sport_wikidata_id":"Q542","event_sport":"athletics","sport_wikidata_id":"Q542","sport":"athletics","source_page":"https://en.wikipedia.org/wiki/List_of_1904_Summer_Olympics_medal_winners","source_kind":"layers-derived-wikipedia-wikidata"}},{"type":"Feature","id":"olympic-medals-birthplace-1904-f9dff9ffa6dbfc6d","geometry":{"type":"Point","coordinates":[-122.86638888889,38.6175]},"properties":{"year":1904,"medalist_wikidata_id":"Q371842","medalist_link":"https://en.wikipedia.org/wiki/Ralph_Rose","medalist_name":"Ralph Waldo Rose","medal":"bronze","delegation_wikidata_id":"Q1350274","delegation_link":"https://en.wikipedia.org/wiki/United_States_at_the_1904_Summer_Olympics","delegation_name":"United States at the 1904 Summer Olympics","country_medal_wikidata_id":"Q30","country_medal":"United States","country_medal_code2":"US","country_medal_code3":"USA","country_medal_ioc_country_code":"USA","date_of_birth":"1885-03-17","place_of_birth_wikidata_id":"Q852598","place_of_birth":"Healdsburg","place_of_birth_located_in_wikidata_id":"Q108067","place_of_birth_located_in":"Sonoma County","place_of_birth_coordinates":"38.6175,-122.86638888889","sex_or_gender_wikidata_id":"Q6581097","sex_or_gender":"male","event_wikidata_id":"Q1185638","event_link":"https://en.wikipedia.org/wiki/Athletics_at_the_1904_Summer_Olympics_–_Men's_hammer_throw","event_name":"athletics at the 1904 Summer Olympics – men's hammer throw","event_part_of_wikidata_id":"Q723599","event_part_of":"athletics at the 1904 Summer Olympics","event_sport_wikidata_id":"Q542","event_sport":"athletics","sport_wikidata_id":"Q542","sport":"athletics","source_page":"https://en.wikipedia.org/wiki/List_of_1904_Summer_Olympics_medal_winners","source_kind":"layers-derived-wikipedia-wikidata"}},{"type":"Feature","id":"olympic-medals-birthplace-1904-3a73ed055b96c2da","geometry":{"type":"Point","coordinates":[-73.45,45.6]},"properties":{"year":1904,"medalist_wikidata_id":"Q289605","medalist_link":"https://en.wikipedia.org/wiki/Étienne_Desmarteau","medalist_name":"Étienne Desmarteau","medal":"gold","delegation_wikidata_id":"Q1207374","delegation_link":"https://en.wikipedia.org/wiki/Canada_at_the_1904_Summer_Olympics","delegation_name":"Canada at the 1904 Summer Olympics","country_medal_wikidata_id":"Q16","country_medal":"Canada","country_medal_code2":"CA","country_medal_code3":"CAN","country_medal_ioc_country_code":"CAN","date_of_birth":"1873-02-04","place_of_birth_wikidata_id":"Q141924","place_of_birth":"Boucherville","place_of_birth_located_in_wikidata_id":"Q2826810","place_of_birth_located_in":"Urban agglomeration of Longueuil","place_of_birth_coordinates":"45.6,-73.45","sex_or_gender_wikidata_id":"Q6581097","sex_or_gender":"male","event_wikidata_id":"Q1133486","event_link":"https://en.wikipedia.org/wiki/Athletics_at_the_1904_Summer_Olympics_–_Men's_56_pound_weight_throw","event_name":"athletics at the 1904 Summer Olympics – men's 56 pound weight throw","event_part_of_wikidata_id":"Q723599","event_part_of":"athletics at the 1904 Summer Olympics","event_sport_wikidata_id":"Q542","event_sport":"athletics","sport_wikidata_id":"Q542","sport":"athletics","source_page":"https://en.wikipedia.org/wiki/List_of_1904_Summer_Olympics_medal_winners","source_kind":"layers-derived-wikipedia-wikidata"}},{"type":"Feature","id":"olympic-medals-birthplace-1904-21dfa43076384c6c","geometry":{"type":"Point","coordinates":[-8.75,52.5]},"properties":{"year":1904,"medalist_wikidata_id":"Q455064","medalist_link":"https://en.wikipedia.org/wiki/John_Flanagan_(hammer_thrower)","medalist_name":"John Flanagan","medal":"silver","delegation_wikidata_id":"Q1350274","delegation_link":"https://en.wikipedia.org/wiki/United_States_at_the_1904_Summer_Olympics","delegation_name":"United States at the 1904 Summer Olympics","country_medal_wikidata_id":"Q30","country_medal":"United States","country_medal_code2":"US","country_medal_code3":"USA","country_medal_ioc_country_code":"USA","date_of_birth":"1873-01-09","place_of_birth_wikidata_id":"Q178283","place_of_birth":"County Limerick","place_of_birth_located_in_wikidata_id":"Q131438","place_of_birth_located_in":"Munster","place_of_birth_coordinates":"52.5,-8.75","sex_or_gender_wikidata_id":"Q6581097","sex_or_gender":"male","event_wikidata_id":"Q1133486","event_link":"https://en.wikipedia.org/wiki/Athletics_at_the_1904_Summer_Olympics_–_Men's_56_pound_weight_throw","event_name":"athletics at the 1904 Summer Olympics – men's 56 pound weight throw","event_part_of_wikidata_id":"Q723599","event_part_of":"athletics at the 1904 Summer Olympics","event_sport_wikidata_id":"Q542","event_sport":"athletics","sport_wikidata_id":"Q542","sport":"athletics","source_page":"https://en.wikipedia.org/wiki/List_of_1904_Summer_Olympics_medal_winners","source_kind":"layers-derived-wikipedia-wikidata"}},{"type":"Feature","id":"olympic-medals-birthplace-1904-74558649bc2bae49","geometry":{"type":"Point","coordinates":[-7.8333333333333,52.666666666667]},"properties":{"year":1904,"medalist_wikidata_id":"Q968460","medalist_link":"https://en.wikipedia.org/wiki/James_Mitchell_(athlete)","medalist_name":"James Mitchel","medal":"bronze","delegation_wikidata_id":"Q1350274","delegation_link":"https://en.wikipedia.org/wiki/United_States_at_the_1904_Summer_Olympics","delegation_name":"United States at the 1904 Summer Olympics","country_medal_wikidata_id":"Q30","country_medal":"United States","country_medal_code2":"US","country_medal_code3":"USA","country_medal_ioc_country_code":"USA","date_of_birth":"1864-01-30","place_of_birth_wikidata_id":"Q184618","place_of_birth":"County Tipperary","place_of_birth_located_in_wikidata_id":"Q131438","place_of_birth_located_in":"Munster","place_of_birth_coordinates":"52.666666666667,-7.8333333333333","sex_or_gender_wikidata_id":"Q6581097","sex_or_gender":"male","event_wikidata_id":"Q1133486","event_link":"https://en.wikipedia.org/wiki/Athletics_at_the_1904_Summer_Olympics_–_Men's_56_pound_weight_throw","event_name":"athletics at the 1904 Summer Olympics – men's 56 pound weight throw","event_part_of_wikidata_id":"Q723599","event_part_of":"athletics at the 1904 Summer Olympics","event_sport_wikidata_id":"Q542","event_sport":"athletics","sport_wikidata_id":"Q542","sport":"athletics","source_page":"https://en.wikipedia.org/wiki/List_of_1904_Summer_Olympics_medal_winners","source_kind":"layers-derived-wikipedia-wikidata"}},{"type":"Feature","id":"olympic-medals-birthplace-1904-9548102de4218dde","geometry":{"type":"Point","coordinates":[-86.158055555556,39.768611111111]},"properties":{"year":1904,"medalist_wikidata_id":"Q2709364","medalist_link":"https://en.wikipedia.org/wiki/Max_Emmerich","medalist_name":"Max Emmerich","medal":"gold","delegation_wikidata_id":"Q1350274","delegation_link":"https://en.wikipedia.org/wiki/United_States_at_the_1904_Summer_Olympics","delegation_name":"United States at the 1904 Summer Olympics","country_medal_wikidata_id":"Q30","country_medal":"United States","country_medal_code2":"US","country_medal_code3":"USA","country_medal_ioc_country_code":"USA","date_of_birth":"1879-06-01","place_of_birth_wikidata_id":"Q6346","place_of_birth":"Indianapolis","place_of_birth_located_in_wikidata_id":"Q506230","place_of_birth_located_in":"Marion County","place_of_birth_coordinates":"39.768611111111,-86.158055555556","sex_or_gender_wikidata_id":"Q6581097","sex_or_gender":"male","event_wikidata_id":"Q499072","event_link":"https://en.wikipedia.org/wiki/Athletics_at_the_1904_Summer_Olympics_–_Men's_triathlon","event_name":"athletics at the 1904 Summer Olympics – men's triathlon","event_part_of_wikidata_id":"Q723599","event_part_of":"athletics at the 1904 Summer Olympics","event_sport_wikidata_id":"Q542","event_sport":"athletics","sport_wikidata_id":"Q542","sport":"athletics","source_page":"https://en.wikipedia.org/wiki/List_of_1904_Summer_Olympics_medal_winners","source_kind":"layers-derived-wikipedia-wikidata"}},{"type":"Feature","id":"olympic-medals-birthplace-1904-01d8e88ade055ee5","geometry":{"type":"Point","coordinates":[-75.163611111111,39.952777777778]},"properties":{"year":1904,"medalist_wikidata_id":"Q2445635","medalist_link":"https://en.wikipedia.org/wiki/John_Grieb","medalist_name":"John Grieb","medal":"silver","delegation_wikidata_id":"Q1350274","delegation_link":"https://en.wikipedia.org/wiki/United_States_at_the_1904_Summer_Olympics","delegation_name":"United States at the 1904 Summer Olympics","country_medal_wikidata_id":"Q30","country_medal":"United States","country_medal_code2":"US","country_medal_code3":"USA","country_medal_ioc_country_code":"USA","date_of_birth":"1879-11-19","place_of_birth_wikidata_id":"Q1345","place_of_birth":"Philadelphia","place_of_birth_located_in_wikidata_id":"Q496900","place_of_birth_located_in":"Philadelphia County","place_of_birth_coordinates":"39.952777777778,-75.163611111111","sex_or_gender_wikidata_id":"Q6581097","sex_or_gender":"male","event_wikidata_id":"Q499072","event_link":"https://en.wikipedia.org/wiki/Athletics_at_the_1904_Summer_Olympics_–_Men's_triathlon","event_name":"athletics at the 1904 Summer Olympics – men's triathlon","event_part_of_wikidata_id":"Q723599","event_part_of":"athletics at the 1904 Summer Olympics","event_sport_wikidata_id":"Q542","event_sport":"athletics","sport_wikidata_id":"Q542","sport":"athletics","source_page":"https://en.wikipedia.org/wiki/List_of_1904_Summer_Olympics_medal_winners","source_kind":"layers-derived-wikipedia-wikidata"}},{"type":"Feature","id":"olympic-medals-birthplace-1904-8b46eca1acf3670b","geometry":{"type":"Point","coordinates":[-89.9997593,38.2095923]},"properties":{"year":1904,"medalist_wikidata_id":"Q2638690","medalist_link":"https://en.wikipedia.org/wiki/William_Merz","medalist_name":"William Merz","medal":"bronze","delegation_wikidata_id":"Q1350274","delegation_link":"https://en.wikipedia.org/wiki/United_States_at_the_1904_Summer_Olympics","delegation_name":"United States at the 1904 Summer Olympics","country_medal_wikidata_id":"Q30","country_medal":"United States","country_medal_code2":"US","country_medal_code3":"USA","country_medal_ioc_country_code":"USA","date_of_birth":"1878-04-25","place_of_birth_wikidata_id":"Q574895","place_of_birth":"Red Bud","place_of_birth_located_in_wikidata_id":"Q486499","place_of_birth_located_in":"Randolph County","place_of_birth_coordinates":"38.2095923,-89.9997593","sex_or_gender_wikidata_id":"Q6581097","sex_or_gender":"male","event_wikidata_id":"Q499072","event_link":"https://en.wikipedia.org/wiki/Athletics_at_the_1904_Summer_Olympics_–_Men's_triathlon","event_name":"athletics at the 1904 Summer Olympics – men's triathlon","event_part_of_wikidata_id":"Q723599","event_part_of":"athletics at the 1904 Summer Olympics","event_sport_wikidata_id":"Q542","event_sport":"athletics","sport_wikidata_id":"Q542","sport":"athletics","source_page":"https://en.wikipedia.org/wiki/List_of_1904_Summer_Olympics_medal_winners","source_kind":"layers-derived-wikipedia-wikidata"}},{"type":"Feature","id":"olympic-medals-birthplace-1904-28b30f9ab899d041","geometry":{"type":"Point","coordinates":[-7.411995,52.346509]},"properties":{"year":1904,"medalist_wikidata_id":"Q722467","medalist_link":"https://en.wikipedia.org/wiki/Tom_Kiely","medalist_name":"Tom Kiely","medal":"gold","delegation_wikidata_id":"Q1354030","delegation_link":"https://en.wikipedia.org/wiki/Great_Britain_at_the_1904_Summer_Olympics","delegation_name":"Great Britain at the 1904 Summer Olympics","country_medal_wikidata_id":"Q174193","country_medal":"United Kingdom of Great Britain and Ireland","country_medal_code2":null,"country_medal_code3":null,"country_medal_ioc_country_code":null,"date_of_birth":"1869-08-25","place_of_birth_wikidata_id":"Q1003187","place_of_birth":"Carrick-on-Suir","place_of_birth_located_in_wikidata_id":"Q184618","place_of_birth_located_in":"County Tipperary","place_of_birth_coordinates":"52.346509,-7.411995","sex_or_gender_wikidata_id":"Q6581097","sex_or_gender":"male","event_wikidata_id":"Q1210386","event_link":"https://en.wikipedia.org/wiki/Athletics_at_the_1904_Summer_Olympics_–_Men's_all-around","event_name":"athletics at the 1904 Summer Olympics – men's all-around","event_part_of_wikidata_id":"Q723599","event_part_of":"athletics at the 1904 Summer Olympics","event_sport_wikidata_id":"Q542","event_sport":"athletics","sport_wikidata_id":"Q542","sport":"athletics","source_page":"https://en.wikipedia.org/wiki/List_of_1904_Summer_Olympics_medal_winners","source_kind":"layers-derived-wikipedia-wikidata"}},{"type":"Feature","id":"olympic-medals-birthplace-1904-7edca4b03b970e1a","geometry":{"type":"Point","coordinates":[-3.975074,57.973331]},"properties":{"year":1904,"medalist_wikidata_id":"Q349629","medalist_link":"https://en.wikipedia.org/wiki/Adam_Gunn","medalist_name":"Adam Gunn","medal":"silver","delegation_wikidata_id":"Q1350274","delegation_link":"https://en.wikipedia.org/wiki/United_States_at_the_1904_Summer_Olympics","delegation_name":"United States at the 1904 Summer Olympics","country_medal_wikidata_id":"Q30","country_medal":"United States","country_medal_code2":"US","country_medal_code3":"USA","country_medal_ioc_country_code":"USA","date_of_birth":"1872-12-24","place_of_birth_wikidata_id":"Q1020232","place_of_birth":"Golspie","place_of_birth_located_in_wikidata_id":"Q208279","place_of_birth_located_in":"Highland","place_of_birth_coordinates":"57.973331,-3.975074","sex_or_gender_wikidata_id":"Q6581097","sex_or_gender":"male","event_wikidata_id":"Q1210386","event_link":"https://en.wikipedia.org/wiki/Athletics_at_the_1904_Summer_Olympics_–_Men's_all-around","event_name":"athletics at the 1904 Summer Olympics – men's all-around","event_part_of_wikidata_id":"Q723599","event_part_of":"athletics at the 1904 Summer Olympics","event_sport_wikidata_id":"Q542","event_sport":"athletics","sport_wikidata_id":"Q542","sport":"athletics","source_page":"https://en.wikipedia.org/wiki/List_of_1904_Summer_Olympics_medal_winners","source_kind":"layers-derived-wikipedia-wikidata"}},{"type":"Feature","id":"olympic-medals-birthplace-1904-bbe6f71aaf820f0b","geometry":{"type":"Point","coordinates":[-75.163611111111,39.952777777778]},"properties":{"year":1904,"medalist_wikidata_id":"Q130906","medalist_link":"https://en.wikipedia.org/wiki/Truxtun_Hare","medalist_name":"Truxtun Hare","medal":"bronze","delegation_wikidata_id":"Q1350274","delegation_link":"https://en.wikipedia.org/wiki/United_States_at_the_1904_Summer_Olympics","delegation_name":"United States at the 1904 Summer Olympics","country_medal_wikidata_id":"Q30","country_medal":"United States","country_medal_code2":"US","country_medal_code3":"USA","country_medal_ioc_country_code":"USA","date_of_birth":"1878-10-12","place_of_birth_wikidata_id":"Q1345","place_of_birth":"Philadelphia","place_of_birth_located_in_wikidata_id":"Q496900","place_of_birth_located_in":"Philadelphia County","place_of_birth_coordinates":"39.952777777778,-75.163611111111","sex_or_gender_wikidata_id":"Q6581097","sex_or_gender":"male","event_wikidata_id":"Q1210386","event_link":"https://en.wikipedia.org/wiki/Athletics_at_the_1904_Summer_Olympics_–_Men's_all-around","event_name":"athletics at the 1904 Summer Olympics – men's all-around","event_part_of_wikidata_id":"Q723599","event_part_of":"athletics at the 1904 Summer Olympics","event_sport_wikidata_id":"Q542","event_sport":"athletics","sport_wikidata_id":"Q542","sport":"athletics","source_page":"https://en.wikipedia.org/wiki/List_of_1904_Summer_Olympics_medal_winners","source_kind":"layers-derived-wikipedia-wikidata"}},{"type":"Feature","id":"olympic-medals-birthplace-1904-11e21c7bc0694c4b","geometry":{"type":"Point","coordinates":[-122.41944444444445,37.775]},"properties":{"year":1904,"medalist_wikidata_id":"Q718320","medalist_link":"https://en.wikipedia.org/wiki/George_Finnegan","medalist_name":"George Finnegan","medal":"gold","delegation_wikidata_id":"Q1350274","delegation_link":"https://en.wikipedia.org/wiki/United_States_at_the_1904_Summer_Olympics","delegation_name":"United States at the 1904 Summer Olympics","country_medal_wikidata_id":"Q30","country_medal":"United States","country_medal_code2":"US","country_medal_code3":"USA","country_medal_ioc_country_code":"USA","date_of_birth":"1881-09-00","place_of_birth_wikidata_id":"Q62","place_of_birth":"San Francisco","place_of_birth_located_in_wikidata_id":"Q13188841","place_of_birth_located_in":"San Francisco County","place_of_birth_coordinates":"37.775,-122.41944444444445","sex_or_gender_wikidata_id":"Q6581097","sex_or_gender":"male","event_wikidata_id":"Q859429","event_link":"https://en.wikipedia.org/wiki/Boxing_at_the_1904_Summer_Olympics_–_Flyweight","event_name":"boxing at the 1904 Summer Olympics – flyweight","event_part_of_wikidata_id":"Q631313","event_part_of":"boxing at the 1904 Summer Olympics","event_sport_wikidata_id":"Q32112","event_sport":"boxing","sport_wikidata_id":"Q32112","sport":"boxing","source_page":"https://en.wikipedia.org/wiki/List_of_1904_Summer_Olympics_medal_winners","source_kind":"layers-derived-wikipedia-wikidata"}},{"type":"Feature","id":"olympic-medals-birthplace-1904-a31954aa54aaa4b6","geometry":{"type":"Point","coordinates":[-90.19944444444444,38.62638888888889]},"properties":{"year":1904,"medalist_wikidata_id":"Q655934","medalist_link":"https://en.wikipedia.org/wiki/Miles_Burke","medalist_name":"Miles Burke","medal":"silver","delegation_wikidata_id":"Q1350274","delegation_link":"https://en.wikipedia.org/wiki/United_States_at_the_1904_Summer_Olympics","delegation_name":"United States at the 1904 Summer Olympics","country_medal_wikidata_id":"Q30","country_medal":"United States","country_medal_code2":"US","country_medal_code3":"USA","country_medal_ioc_country_code":"USA","date_of_birth":"1885-01-15","place_of_birth_wikidata_id":"Q38022","place_of_birth":"St. Louis","place_of_birth_located_in_wikidata_id":"Q1581","place_of_birth_located_in":"Missouri","place_of_birth_coordinates":"38.62638888888889,-90.19944444444444","sex_or_gender_wikidata_id":"Q6581097","sex_or_gender":"male","event_wikidata_id":"Q859429","event_link":"https://en.wikipedia.org/wiki/Boxing_at_the_1904_Summer_Olympics_–_Flyweight","event_name":"boxing at the 1904 Summer Olympics – flyweight","event_part_of_wikidata_id":"Q631313","event_part_of":"boxing at the 1904 Summer Olympics","event_sport_wikidata_id":"Q32112","event_sport":"boxing","sport_wikidata_id":"Q32112","sport":"boxing","source_page":"https://en.wikipedia.org/wiki/List_of_1904_Summer_Olympics_medal_winners","source_kind":"layers-derived-wikipedia-wikidata"}},{"type":"Feature","id":"olympic-medals-birthplace-1904-a99d894585be21c7","geometry":{"type":"Point","coordinates":[-96.743055555556,40.268333333333]},"properties":{"year":1904,"medalist_wikidata_id":"Q459418","medalist_link":"https://en.wikipedia.org/wiki/Oliver_Kirk","medalist_name":"Oliver Kirk","medal":"gold","delegation_wikidata_id":"Q1350274","delegation_link":"https://en.wikipedia.org/wiki/United_States_at_the_1904_Summer_Olympics","delegation_name":"United States at the 1904 Summer Olympics","country_medal_wikidata_id":"Q30","country_medal":"United States","country_medal_code2":"US","country_medal_code3":"USA","country_medal_ioc_country_code":"USA","date_of_birth":"1884-04-20","place_of_birth_wikidata_id":"Q813247","place_of_birth":"Beatrice","place_of_birth_located_in_wikidata_id":"Q203049","place_of_birth_located_in":"Gage County","place_of_birth_coordinates":"40.268333333333,-96.743055555556","sex_or_gender_wikidata_id":"Q6581097","sex_or_gender":"male","event_wikidata_id":"Q859523","event_link":"https://en.wikipedia.org/wiki/Boxing_at_the_1904_Summer_Olympics_–_Bantamweight","event_name":"boxing at the 1904 Summer Olympics – bantamweight","event_part_of_wikidata_id":"Q631313","event_part_of":"boxing at the 1904 Summer Olympics","event_sport_wikidata_id":"Q32112","event_sport":"boxing","sport_wikidata_id":"Q32112","sport":"boxing","source_page":"https://en.wikipedia.org/wiki/List_of_1904_Summer_Olympics_medal_winners","source_kind":"layers-derived-wikipedia-wikidata"}},{"type":"Feature","id":"olympic-medals-birthplace-1904-4910f962980b94dc","geometry":{"type":"Point","coordinates":[-122.41944444444445,37.775]},"properties":{"year":1904,"medalist_wikidata_id":"Q718320","medalist_link":"https://en.wikipedia.org/wiki/George_Finnegan","medalist_name":"George Finnegan","medal":"silver","delegation_wikidata_id":"Q1350274","delegation_link":"https://en.wikipedia.org/wiki/United_States_at_the_1904_Summer_Olympics","delegation_name":"United States at the 1904 Summer Olympics","country_medal_wikidata_id":"Q30","country_medal":"United States","country_medal_code2":"US","country_medal_code3":"USA","country_medal_ioc_country_code":"USA","date_of_birth":"1881-09-00","place_of_birth_wikidata_id":"Q62","place_of_birth":"San Francisco","place_of_birth_located_in_wikidata_id":"Q13188841","place_of_birth_located_in":"San Francisco County","place_of_birth_coordinates":"37.775,-122.41944444444445","sex_or_gender_wikidata_id":"Q6581097","sex_or_gender":"male","event_wikidata_id":"Q859523","event_link":"https://en.wikipedia.org/wiki/Boxing_at_the_1904_Summer_Olympics_–_Bantamweight","event_name":"boxing at the 1904 Summer Olympics – bantamweight","event_part_of_wikidata_id":"Q631313","event_part_of":"boxing at the 1904 Summer Olympics","event_sport_wikidata_id":"Q32112","event_sport":"boxing","sport_wikidata_id":"Q32112","sport":"boxing","source_page":"https://en.wikipedia.org/wiki/List_of_1904_Summer_Olympics_medal_winners","source_kind":"layers-derived-wikipedia-wikidata"}},{"type":"Feature","id":"olympic-medals-birthplace-1904-2c1dfe5fc3998544","geometry":{"type":"Point","coordinates":[-96.743055555556,40.268333333333]},"properties":{"year":1904,"medalist_wikidata_id":"Q459418","medalist_link":"https://en.wikipedia.org/wiki/Oliver_Kirk","medalist_name":"Oliver Kirk","medal":"gold","delegation_wikidata_id":"Q1350274","delegation_link":"https://en.wikipedia.org/wiki/United_States_at_the_1904_Summer_Olympics","delegation_name":"United States at the 1904 Summer Olympics","country_medal_wikidata_id":"Q30","country_medal":"United States","country_medal_code2":"US","country_medal_code3":"USA","country_medal_ioc_country_code":"USA","date_of_birth":"1884-04-20","place_of_birth_wikidata_id":"Q813247","place_of_birth":"Beatrice","place_of_birth_located_in_wikidata_id":"Q203049","place_of_birth_located_in":"Gage County","place_of_birth_coordinates":"40.268333333333,-96.743055555556","sex_or_gender_wikidata_id":"Q6581097","sex_or_gender":"male","event_wikidata_id":"Q859550","event_link":"https://en.wikipedia.org/wiki/Boxing_at_the_1904_Summer_Olympics_–_Featherweight","event_name":"boxing at the 1904 Summer Olympics – featherweight","event_part_of_wikidata_id":"Q631313","event_part_of":"boxing at the 1904 Summer Olympics","event_sport_wikidata_id":"Q32112","event_sport":"boxing","sport_wikidata_id":"Q32112","sport":"boxing","source_page":"https://en.wikipedia.org/wiki/List_of_1904_Summer_Olympics_medal_winners","source_kind":"layers-derived-wikipedia-wikidata"}},{"type":"Feature","id":"olympic-medals-birthplace-1904-f9123b2320dc8571","geometry":{"type":"Point","coordinates":[-122.41944444444445,37.775]},"properties":{"year":1904,"medalist_wikidata_id":"Q617019","medalist_link":"https://en.wikipedia.org/wiki/Frank_Haller","medalist_name":"Frank Haller","medal":"silver","delegation_wikidata_id":"Q1350274","delegation_link":"https://en.wikipedia.org/wiki/United_States_at_the_1904_Summer_Olympics","delegation_name":"United States at the 1904 Summer Olympics","country_medal_wikidata_id":"Q30","country_medal":"United States","country_medal_code2":"US","country_medal_code3":"USA","country_medal_ioc_country_code":"USA","date_of_birth":"1883-01-06","place_of_birth_wikidata_id":"Q62","place_of_birth":"San Francisco","place_of_birth_located_in_wikidata_id":"Q13188841","place_of_birth_located_in":"San Francisco County","place_of_birth_coordinates":"37.775,-122.41944444444445","sex_or_gender_wikidata_id":"Q6581097","sex_or_gender":"male","event_wikidata_id":"Q859550","event_link":"https://en.wikipedia.org/wiki/Boxing_at_the_1904_Summer_Olympics_–_Featherweight","event_name":"boxing at the 1904 Summer Olympics – featherweight","event_part_of_wikidata_id":"Q631313","event_part_of":"boxing at the 1904 Summer Olympics","event_sport_wikidata_id":"Q32112","event_sport":"boxing","sport_wikidata_id":"Q32112","sport":"boxing","source_page":"https://en.wikipedia.org/wiki/List_of_1904_Summer_Olympics_medal_winners","source_kind":"layers-derived-wikipedia-wikidata"}},{"type":"Feature","id":"olympic-medals-birthplace-1904-76e2cce7e9681246","geometry":{"type":"Point","coordinates":[-73.5868411,45.5033426]},"properties":{"year":1904,"medalist_wikidata_id":"Q2638720","medalist_link":"https://en.wikipedia.org/wiki/Frederick_Gilmore","medalist_name":"Frederick Garfield Gilmore","medal":"bronze","delegation_wikidata_id":"Q1350274","delegation_link":"https://en.wikipedia.org/wiki/United_States_at_the_1904_Summer_Olympics","delegation_name":"United States at the 1904 Summer Olympics","country_medal_wikidata_id":"Q30","country_medal":"United States","country_medal_code2":"US","country_medal_code3":"USA","country_medal_ioc_country_code":"USA","date_of_birth":"1887-05-22","place_of_birth_wikidata_id":"Q340","place_of_birth":"Montreal","place_of_birth_located_in_wikidata_id":"Q2826806","place_of_birth_located_in":"Urban agglomeration of Montreal","place_of_birth_coordinates":"45.5033426,-73.5868411","sex_or_gender_wikidata_id":"Q6581097","sex_or_gender":"male","event_wikidata_id":"Q859550","event_link":"https://en.wikipedia.org/wiki/Boxing_at_the_1904_Summer_Olympics_–_Featherweight","event_name":"boxing at the 1904 Summer Olympics – featherweight","event_part_of_wikidata_id":"Q631313","event_part_of":"boxing at the 1904 Summer Olympics","event_sport_wikidata_id":"Q32112","event_sport":"boxing","sport_wikidata_id":"Q32112","sport":"boxing","source_page":"https://en.wikipedia.org/wiki/List_of_1904_Summer_Olympics_medal_winners","source_kind":"layers-derived-wikipedia-wikidata"}},{"type":"Feature","id":"olympic-medals-birthplace-1904-e77bbcebb4be6a4d","geometry":{"type":"Point","coordinates":[-85.66777777777777,42.96333333333333]},"properties":{"year":1904,"medalist_wikidata_id":"Q932597","medalist_link":"https://en.wikipedia.org/wiki/Harry_Spanjer","medalist_name":"Harry Spanjer","medal":"gold","delegation_wikidata_id":"Q1350274","delegation_link":"https://en.wikipedia.org/wiki/United_States_at_the_1904_Summer_Olympics","delegation_name":"United States at the 1904 Summer Olympics","country_medal_wikidata_id":"Q30","country_medal":"United States","country_medal_code2":"US","country_medal_code3":"USA","country_medal_ioc_country_code":"USA","date_of_birth":"1873-01-09","place_of_birth_wikidata_id":"Q184587","place_of_birth":"Grand Rapids","place_of_birth_located_in_wikidata_id":"Q82499","place_of_birth_located_in":"Kent County","place_of_birth_coordinates":"42.96333333333333,-85.66777777777777","sex_or_gender_wikidata_id":"Q6581097","sex_or_gender":"male","event_wikidata_id":"Q860174","event_link":"https://en.wikipedia.org/wiki/Boxing_at_the_1904_Summer_Olympics_–_Lightweight","event_name":"boxing at the 1904 Summer Olympics – lightweight","event_part_of_wikidata_id":"Q631313","event_part_of":"boxing at the 1904 Summer Olympics","event_sport_wikidata_id":"Q32112","event_sport":"boxing","sport_wikidata_id":"Q32112","sport":"boxing","source_page":"https://en.wikipedia.org/wiki/List_of_1904_Summer_Olympics_medal_winners","source_kind":"layers-derived-wikipedia-wikidata"}},{"type":"Feature","id":"olympic-medals-birthplace-1904-fa8e81a182c6b5d0","geometry":{"type":"Point","coordinates":[-77.5,41]},"properties":{"year":1904,"medalist_wikidata_id":"Q2638706","medalist_link":"https://en.wikipedia.org/wiki/Russell_van_Horn","medalist_name":"Russell van Horn","medal":"silver","delegation_wikidata_id":"Q1350274","delegation_link":"https://en.wikipedia.org/wiki/United_States_at_the_1904_Summer_Olympics","delegation_name":"United States at the 1904 Summer Olympics","country_medal_wikidata_id":"Q30","country_medal":"United States","country_medal_code2":"US","country_medal_code3":"USA","country_medal_ioc_country_code":"USA","date_of_birth":"1885-07-30","place_of_birth_wikidata_id":"Q1400","place_of_birth":"Pennsylvania","place_of_birth_located_in_wikidata_id":"Q30","place_of_birth_located_in":"United States","place_of_birth_coordinates":"41,-77.5","sex_or_gender_wikidata_id":"Q6581097","sex_or_gender":"male","event_wikidata_id":"Q860174","event_link":"https://en.wikipedia.org/wiki/Boxing_at_the_1904_Summer_Olympics_–_Lightweight","event_name":"boxing at the 1904 Summer Olympics – lightweight","event_part_of_wikidata_id":"Q631313","event_part_of":"boxing at the 1904 Summer Olympics","event_sport_wikidata_id":"Q32112","event_sport":"boxing","sport_wikidata_id":"Q32112","sport":"boxing","source_page":"https://en.wikipedia.org/wiki/List_of_1904_Summer_Olympics_medal_winners","source_kind":"layers-derived-wikipedia-wikidata"}},{"type":"Feature","id":"olympic-medals-birthplace-1904-18f00314bf0a4f16","geometry":{"type":"Point","coordinates":[-92.822175,45.0565]},"properties":{"year":1904,"medalist_wikidata_id":"Q1809216","medalist_link":"https://en.wikipedia.org/wiki/Peter_Sturholdt","medalist_name":"Peter Sturholdt","medal":"bronze","delegation_wikidata_id":"Q1350274","delegation_link":"https://en.wikipedia.org/wiki/United_States_at_the_1904_Summer_Olympics","delegation_name":"United States at the 1904 Summer Olympics","country_medal_wikidata_id":"Q30","country_medal":"United States","country_medal_code2":"US","country_medal_code3":"USA","country_medal_ioc_country_code":"USA","date_of_birth":"1885-12-07","place_of_birth_wikidata_id":"Q862658","place_of_birth":"Stillwater","place_of_birth_located_in_wikidata_id":"Q485408","place_of_birth_located_in":"Washington County","place_of_birth_coordinates":"45.0565,-92.822175","sex_or_gender_wikidata_id":"Q6581097","sex_or_gender":"male","event_wikidata_id":"Q860174","event_link":"https://en.wikipedia.org/wiki/Boxing_at_the_1904_Summer_Olympics_–_Lightweight","event_name":"boxing at the 1904 Summer Olympics – lightweight","event_part_of_wikidata_id":"Q631313","event_part_of":"boxing at the 1904 Summer Olympics","event_sport_wikidata_id":"Q32112","event_sport":"boxing","sport_wikidata_id":"Q32112","sport":"boxing","source_page":"https://en.wikipedia.org/wiki/List_of_1904_Summer_Olympics_medal_winners","source_kind":"layers-derived-wikipedia-wikidata"}},{"type":"Feature","id":"olympic-medals-birthplace-1904-3ae11409e1de45c2","geometry":{"type":"Point","coordinates":[7.5919444444444,49.649444444444]},"properties":{"year":1904,"medalist_wikidata_id":"Q2831661","medalist_link":"https://en.wikipedia.org/wiki/Albert_Young_(American_boxer)","medalist_name":"Albert Young","medal":"gold","delegation_wikidata_id":"Q1350274","delegation_link":"https://en.wikipedia.org/wiki/United_States_at_the_1904_Summer_Olympics","delegation_name":"United States at the 1904 Summer Olympics","country_medal_wikidata_id":"Q30","country_medal":"United States","country_medal_code2":"US","country_medal_code3":"USA","country_medal_ioc_country_code":"USA","date_of_birth":"1877-09-28","place_of_birth_wikidata_id":"Q240283","place_of_birth":"Lauterecken","place_of_birth_located_in_wikidata_id":"Q15852579","place_of_birth_located_in":"Lauterecken-Wolfstein","place_of_birth_coordinates":"49.649444444444,7.5919444444444","sex_or_gender_wikidata_id":"Q6581097","sex_or_gender":"male","event_wikidata_id":"Q860248","event_link":"https://en.wikipedia.org/wiki/Boxing_at_the_1904_Summer_Olympics_–_Welterweight","event_name":"boxing at the 1904 Summer Olympics – welterweight","event_part_of_wikidata_id":"Q631313","event_part_of":"boxing at the 1904 Summer Olympics","event_sport_wikidata_id":"Q32112","event_sport":"boxing","sport_wikidata_id":"Q32112","sport":"boxing","source_page":"https://en.wikipedia.org/wiki/List_of_1904_Summer_Olympics_medal_winners","source_kind":"layers-derived-wikipedia-wikidata"}},{"type":"Feature","id":"olympic-medals-birthplace-1904-4de9213f87e7f9da","geometry":{"type":"Point","coordinates":[-85.66777777777777,42.96333333333333]},"properties":{"year":1904,"medalist_wikidata_id":"Q932597","medalist_link":"https://en.wikipedia.org/wiki/Harry_Spanjer","medalist_name":"Harry Spanjer","medal":"silver","delegation_wikidata_id":"Q1350274","delegation_link":"https://en.wikipedia.org/wiki/United_States_at_the_1904_Summer_Olympics","delegation_name":"United States at the 1904 Summer Olympics","country_medal_wikidata_id":"Q30","country_medal":"United States","country_medal_code2":"US","country_medal_code3":"USA","country_medal_ioc_country_code":"USA","date_of_birth":"1873-01-09","place_of_birth_wikidata_id":"Q184587","place_of_birth":"Grand Rapids","place_of_birth_located_in_wikidata_id":"Q82499","place_of_birth_located_in":"Kent County","place_of_birth_coordinates":"42.96333333333333,-85.66777777777777","sex_or_gender_wikidata_id":"Q6581097","sex_or_gender":"male","event_wikidata_id":"Q860248","event_link":"https://en.wikipedia.org/wiki/Boxing_at_the_1904_Summer_Olympics_–_Welterweight","event_name":"boxing at the 1904 Summer Olympics – welterweight","event_part_of_wikidata_id":"Q631313","event_part_of":"boxing at the 1904 Summer Olympics","event_sport_wikidata_id":"Q32112","event_sport":"boxing","sport_wikidata_id":"Q32112","sport":"boxing","source_page":"https://en.wikipedia.org/wiki/List_of_1904_Summer_Olympics_medal_winners","source_kind":"layers-derived-wikipedia-wikidata"}},{"type":"Feature","id":"olympic-medals-birthplace-1904-b5ca13fd6f92f0a9","geometry":{"type":"Point","coordinates":[-8.95,53.9417]},"properties":{"year":1904,"medalist_wikidata_id":"Q949803","medalist_link":"https://en.wikipedia.org/wiki/Joe_Lydon_(boxer)","medalist_name":"Joe Lydon","medal":"bronze","delegation_wikidata_id":"Q1350274","delegation_link":"https://en.wikipedia.org/wiki/United_States_at_the_1904_Summer_Olympics","delegation_name":"United States at the 1904 Summer Olympics","country_medal_wikidata_id":"Q30","country_medal":"United States","country_medal_code2":"US","country_medal_code3":"USA","country_medal_ioc_country_code":"USA","date_of_birth":"1878-02-02","place_of_birth_wikidata_id":"Q2038011","place_of_birth":"Swinford","place_of_birth_located_in_wikidata_id":"Q178626","place_of_birth_located_in":"County Mayo","place_of_birth_coordinates":"53.9417,-8.95","sex_or_gender_wikidata_id":"Q6581097","sex_or_gender":"male","event_wikidata_id":"Q860248","event_link":"https://en.wikipedia.org/wiki/Boxing_at_the_1904_Summer_Olympics_–_Welterweight","event_name":"boxing at the 1904 Summer Olympics – welterweight","event_part_of_wikidata_id":"Q631313","event_part_of":"boxing at the 1904 Summer Olympics","event_sport_wikidata_id":"Q32112","event_sport":"boxing","sport_wikidata_id":"Q32112","sport":"boxing","source_page":"https://en.wikipedia.org/wiki/List_of_1904_Summer_Olympics_medal_winners","source_kind":"layers-derived-wikipedia-wikidata"}},{"type":"Feature","id":"olympic-medals-birthplace-1904-fdbafcbad348d376","geometry":{"type":"Point","coordinates":[7.4922222222222,48.542777777778]},"properties":{"year":1904,"medalist_wikidata_id":"Q2599035","medalist_link":"https://en.wikipedia.org/wiki/Charles_Mayer_(boxer)","medalist_name":"Charles Mayer","medal":"gold","delegation_wikidata_id":"Q1350274","delegation_link":"https://en.wikipedia.org/wiki/United_States_at_the_1904_Summer_Olympics","delegation_name":"United States at the 1904 Summer Olympics","country_medal_wikidata_id":"Q30","country_medal":"United States","country_medal_code2":"US","country_medal_code3":"USA","country_medal_ioc_country_code":"USA","date_of_birth":"1882-01-07","place_of_birth_wikidata_id":"Q22697","place_of_birth":"Molsheim","place_of_birth_located_in_wikidata_id":"Q2150573","place_of_birth_located_in":"Unterelsaß","place_of_birth_coordinates":"48.542777777778,7.4922222222222","sex_or_gender_wikidata_id":"Q6581097","sex_or_gender":"male","event_wikidata_id":"Q631313","event_link":"https://en.wikipedia.org/wiki/Boxing_at_the_1904_Summer_Olympics_–_Middleweight","event_name":"boxing at the 1904 Summer Olympics","event_part_of_wikidata_id":"Q8098","event_part_of":"1904 Summer Olympics","event_sport_wikidata_id":"Q32112","event_sport":"boxing","sport_wikidata_id":"Q32112","sport":"boxing","source_page":"https://en.wikipedia.org/wiki/List_of_1904_Summer_Olympics_medal_winners","source_kind":"layers-derived-wikipedia-wikidata"}},{"type":"Feature","id":"olympic-medals-birthplace-1904-2fa924d094e6d97a","geometry":{"type":"Point","coordinates":[-91.013333333333,38.551944444444]},"properties":{"year":1904,"medalist_wikidata_id":"Q2638278","medalist_link":"https://en.wikipedia.org/wiki/Benjamin_Spradley","medalist_name":"Benjamin Spradley","medal":"silver","delegation_wikidata_id":"Q1350274","delegation_link":"https://en.wikipedia.org/wiki/United_States_at_the_1904_Summer_Olympics","delegation_name":"United States at the 1904 Summer Olympics","country_medal_wikidata_id":"Q30","country_medal":"United States","country_medal_code2":"US","country_medal_code3":"USA","country_medal_ioc_country_code":"USA","date_of_birth":"1879-01-18","place_of_birth_wikidata_id":"Q761885","place_of_birth":"Washington","place_of_birth_located_in_wikidata_id":"Q490383","place_of_birth_located_in":"Franklin County","place_of_birth_coordinates":"38.551944444444,-91.013333333333","sex_or_gender_wikidata_id":"Q6581097","sex_or_gender":"male","event_wikidata_id":"Q631313","event_link":"https://en.wikipedia.org/wiki/Boxing_at_the_1904_Summer_Olympics_–_Middleweight","event_name":"boxing at the 1904 Summer Olympics","event_part_of_wikidata_id":"Q8098","event_part_of":"1904 Summer Olympics","event_sport_wikidata_id":"Q32112","event_sport":"boxing","sport_wikidata_id":"Q32112","sport":"boxing","source_page":"https://en.wikipedia.org/wiki/List_of_1904_Summer_Olympics_medal_winners","source_kind":"layers-derived-wikipedia-wikidata"}},{"type":"Feature","id":"olympic-medals-birthplace-1904-1c8fb3ef3e4524ef","geometry":{"type":"Point","coordinates":[-87.62777777777778,41.88194444444444]},"properties":{"year":1904,"medalist_wikidata_id":"Q1338239","medalist_link":"https://en.wikipedia.org/wiki/Samuel_Berger_(boxer)","medalist_name":"Samuel Berger","medal":"gold","delegation_wikidata_id":"Q1350274","delegation_link":"https://en.wikipedia.org/wiki/United_States_at_the_1904_Summer_Olympics","delegation_name":"United States at the 1904 Summer Olympics","country_medal_wikidata_id":"Q30","country_medal":"United States","country_medal_code2":"US","country_medal_code3":"USA","country_medal_ioc_country_code":"USA","date_of_birth":"1884-12-25","place_of_birth_wikidata_id":"Q1297","place_of_birth":"Chicago","place_of_birth_located_in_wikidata_id":"Q108418","place_of_birth_located_in":"Cook County","place_of_birth_coordinates":"41.88194444444444,-87.62777777777778","sex_or_gender_wikidata_id":"Q6581097","sex_or_gender":"male","event_wikidata_id":"Q860229","event_link":"https://en.wikipedia.org/wiki/Boxing_at_the_1904_Summer_Olympics_–_Heavyweight","event_name":"boxing at the 1904 Summer Olympics – heavyweight","event_part_of_wikidata_id":"Q631313","event_part_of":"boxing at the 1904 Summer Olympics","event_sport_wikidata_id":"Q32112","event_sport":"boxing","sport_wikidata_id":"Q32112","sport":"boxing","source_page":"https://en.wikipedia.org/wiki/List_of_1904_Summer_Olympics_medal_winners","source_kind":"layers-derived-wikipedia-wikidata"}},{"type":"Feature","id":"olympic-medals-birthplace-1904-57eb3ecec3d71770","geometry":{"type":"Point","coordinates":[7.4922222222222,48.542777777778]},"properties":{"year":1904,"medalist_wikidata_id":"Q2599035","medalist_link":"https://en.wikipedia.org/wiki/Charles_Mayer_(boxer)","medalist_name":"Charles Mayer","medal":"silver","delegation_wikidata_id":"Q1350274","delegation_link":"https://en.wikipedia.org/wiki/United_States_at_the_1904_Summer_Olympics","delegation_name":"United States at the 1904 Summer Olympics","country_medal_wikidata_id":"Q30","country_medal":"United States","country_medal_code2":"US","country_medal_code3":"USA","country_medal_ioc_country_code":"USA","date_of_birth":"1882-01-07","place_of_birth_wikidata_id":"Q22697","place_of_birth":"Molsheim","place_of_birth_located_in_wikidata_id":"Q2150573","place_of_birth_located_in":"Unterelsaß","place_of_birth_coordinates":"48.542777777778,7.4922222222222","sex_or_gender_wikidata_id":"Q6581097","sex_or_gender":"male","event_wikidata_id":"Q860229","event_link":"https://en.wikipedia.org/wiki/Boxing_at_the_1904_Summer_Olympics_–_Heavyweight","event_name":"boxing at the 1904 Summer Olympics – heavyweight","event_part_of_wikidata_id":"Q631313","event_part_of":"boxing at the 1904 Summer Olympics","event_sport_wikidata_id":"Q32112","event_sport":"boxing","sport_wikidata_id":"Q32112","sport":"boxing","source_page":"https://en.wikipedia.org/wiki/List_of_1904_Summer_Olympics_medal_winners","source_kind":"layers-derived-wikipedia-wikidata"}},{"type":"Feature","id":"olympic-medals-birthplace-1904-6c3c4d36215e3712","geometry":{"type":"Point","coordinates":[-83.9775,35.80385]},"properties":{"year":1904,"medalist_wikidata_id":"Q2991671","medalist_link":"https://en.wikipedia.org/wiki/William_Michaels","medalist_name":"William Michaels","medal":"bronze","delegation_wikidata_id":"Q1350274","delegation_link":"https://en.wikipedia.org/wiki/United_States_at_the_1904_Summer_Olympics","delegation_name":"United States at the 1904 Summer Olympics","country_medal_wikidata_id":"Q30","country_medal":"United States","country_medal_code2":"US","country_medal_code3":"USA","country_medal_ioc_country_code":"USA","date_of_birth":"1876-07-13","place_of_birth_wikidata_id":"Q2327969","place_of_birth":"Alcoa","place_of_birth_located_in_wikidata_id":"Q475301","place_of_birth_located_in":"Blount County","place_of_birth_coordinates":"35.80385,-83.9775","sex_or_gender_wikidata_id":"Q6581097","sex_or_gender":"male","event_wikidata_id":"Q860229","event_link":"https://en.wikipedia.org/wiki/Boxing_at_the_1904_Summer_Olympics_–_Heavyweight","event_name":"boxing at the 1904 Summer Olympics – heavyweight","event_part_of_wikidata_id":"Q631313","event_part_of":"boxing at the 1904 Summer Olympics","event_sport_wikidata_id":"Q32112","event_sport":"boxing","sport_wikidata_id":"Q32112","sport":"boxing","source_page":"https://en.wikipedia.org/wiki/List_of_1904_Summer_Olympics_medal_winners","source_kind":"layers-derived-wikipedia-wikidata"}},{"type":"Feature","id":"olympic-medals-birthplace-1904-9ab5a5963f97f700","geometry":{"type":"Point","coordinates":[-73.781944444444,40.908611111111]},"properties":{"year":1904,"medalist_wikidata_id":"Q940285","medalist_link":"https://en.wikipedia.org/wiki/Marcus_Hurley","medalist_name":"Marcus Hurley","medal":"gold","delegation_wikidata_id":"Q1350274","delegation_link":"https://en.wikipedia.org/wiki/United_States_at_the_1904_Summer_Olympics","delegation_name":"United States at the 1904 Summer Olympics","country_medal_wikidata_id":"Q30","country_medal":"United States","country_medal_code2":"US","country_medal_code3":"USA","country_medal_ioc_country_code":"USA","date_of_birth":"1883-12-22","place_of_birth_wikidata_id":"Q744948","place_of_birth":"New Rochelle","place_of_birth_located_in_wikidata_id":"Q54066","place_of_birth_located_in":"Westchester County","place_of_birth_coordinates":"40.908611111111,-73.781944444444","sex_or_gender_wikidata_id":"Q6581097","sex_or_gender":"male","event_wikidata_id":"Q860186","event_link":"https://en.wikipedia.org/wiki/Cycling_at_the_1904_Summer_Olympics_–_1/4_mile","event_name":"cycling at the 1904 Summer Olympics – 1/4 mile","event_part_of_wikidata_id":"Q839089","event_part_of":"cycling at the 1904 Summer Olympics","event_sport_wikidata_id":"Q221635","event_sport":"track cycling","sport_wikidata_id":"Q221635","sport":"track cycling","source_page":"https://en.wikipedia.org/wiki/List_of_1904_Summer_Olympics_medal_winners","source_kind":"layers-derived-wikipedia-wikidata"}},{"type":"Feature","id":"olympic-medals-birthplace-1904-f5f9ac6c08b876a4","geometry":{"type":"Point","coordinates":[-121.87277777778,37.304166666667]},"properties":{"year":1904,"medalist_wikidata_id":"Q1017119","medalist_link":"https://en.wikipedia.org/wiki/Burton_Downing","medalist_name":"Burton Downing","medal":"silver","delegation_wikidata_id":"Q1350274","delegation_link":"https://en.wikipedia.org/wiki/United_States_at_the_1904_Summer_Olympics","delegation_name":"United States at the 1904 Summer Olympics","country_medal_wikidata_id":"Q30","country_medal":"United States","country_medal_code2":"US","country_medal_code3":"USA","country_medal_ioc_country_code":"USA","date_of_birth":"1885-02-05","place_of_birth_wikidata_id":"Q16553","place_of_birth":"San Jose","place_of_birth_located_in_wikidata_id":"Q110739","place_of_birth_located_in":"Santa Clara County","place_of_birth_coordinates":"37.304166666667,-121.87277777778","sex_or_gender_wikidata_id":"Q6581097","sex_or_gender":"male","event_wikidata_id":"Q860186","event_link":"https://en.wikipedia.org/wiki/Cycling_at_the_1904_Summer_Olympics_–_1/4_mile","event_name":"cycling at the 1904 Summer Olympics – 1/4 mile","event_part_of_wikidata_id":"Q839089","event_part_of":"cycling at the 1904 Summer Olympics","event_sport_wikidata_id":"Q221635","event_sport":"track cycling","sport_wikidata_id":"Q221635","sport":"track cycling","source_page":"https://en.wikipedia.org/wiki/List_of_1904_Summer_Olympics_medal_winners","source_kind":"layers-derived-wikipedia-wikidata"}},{"type":"Feature","id":"olympic-medals-birthplace-1904-47653e9b296aa766","geometry":{"type":"Point","coordinates":[-1.4044444444444444,50.906666666666666]},"properties":{"year":1904,"medalist_wikidata_id":"Q26269","medalist_link":"https://en.wikipedia.org/wiki/Teddy_Billington","medalist_name":"Teddy Billington","medal":"bronze","delegation_wikidata_id":"Q1350274","delegation_link":"https://en.wikipedia.org/wiki/United_States_at_the_1904_Summer_Olympics","delegation_name":"United States at the 1904 Summer Olympics","country_medal_wikidata_id":"Q30","country_medal":"United States","country_medal_code2":"US","country_medal_code3":"USA","country_medal_ioc_country_code":"USA","date_of_birth":"1882-07-14","place_of_birth_wikidata_id":"Q79848","place_of_birth":"Southampton","place_of_birth_located_in_wikidata_id":"Q21683230","place_of_birth_located_in":"City of Southampton","place_of_birth_coordinates":"50.906666666666666,-1.4044444444444444","sex_or_gender_wikidata_id":"Q6581097","sex_or_gender":"male","event_wikidata_id":"Q860186","event_link":"https://en.wikipedia.org/wiki/Cycling_at_the_1904_Summer_Olympics_–_1/4_mile","event_name":"cycling at the 1904 Summer Olympics – 1/4 mile","event_part_of_wikidata_id":"Q839089","event_part_of":"cycling at the 1904 Summer Olympics","event_sport_wikidata_id":"Q221635","event_sport":"track cycling","sport_wikidata_id":"Q221635","sport":"track cycling","source_page":"https://en.wikipedia.org/wiki/List_of_1904_Summer_Olympics_medal_winners","source_kind":"layers-derived-wikipedia-wikidata"}},{"type":"Feature","id":"olympic-medals-birthplace-1904-5db99c221aafeeab","geometry":{"type":"Point","coordinates":[-73.781944444444,40.908611111111]},"properties":{"year":1904,"medalist_wikidata_id":"Q940285","medalist_link":"https://en.wikipedia.org/wiki/Marcus_Hurley","medalist_name":"Marcus Hurley","medal":"gold","delegation_wikidata_id":"Q1350274","delegation_link":"https://en.wikipedia.org/wiki/United_States_at_the_1904_Summer_Olympics","delegation_name":"United States at the 1904 Summer Olympics","country_medal_wikidata_id":"Q30","country_medal":"United States","country_medal_code2":"US","country_medal_code3":"USA","country_medal_ioc_country_code":"USA","date_of_birth":"1883-12-22","place_of_birth_wikidata_id":"Q744948","place_of_birth":"New Rochelle","place_of_birth_located_in_wikidata_id":"Q54066","place_of_birth_located_in":"Westchester County","place_of_birth_coordinates":"40.908611111111,-73.781944444444","sex_or_gender_wikidata_id":"Q6581097","sex_or_gender":"male","event_wikidata_id":"Q860454","event_link":"https://en.wikipedia.org/wiki/Cycling_at_the_1904_Summer_Olympics_–_1/3_mile","event_name":"cycling at the 1904 Summer Olympics – 1/3 mile","event_part_of_wikidata_id":"Q839089","event_part_of":"cycling at the 1904 Summer Olympics","event_sport_wikidata_id":"Q221635","event_sport":"track cycling","sport_wikidata_id":"Q221635","sport":"track cycling","source_page":"https://en.wikipedia.org/wiki/List_of_1904_Summer_Olympics_medal_winners","source_kind":"layers-derived-wikipedia-wikidata"}},{"type":"Feature","id":"olympic-medals-birthplace-1904-088c9ae82cac488d","geometry":{"type":"Point","coordinates":[-121.87277777778,37.304166666667]},"properties":{"year":1904,"medalist_wikidata_id":"Q1017119","medalist_link":"https://en.wikipedia.org/wiki/Burton_Downing","medalist_name":"Burton Downing","medal":"silver","delegation_wikidata_id":"Q1350274","delegation_link":"https://en.wikipedia.org/wiki/United_States_at_the_1904_Summer_Olympics","delegation_name":"United States at the 1904 Summer Olympics","country_medal_wikidata_id":"Q30","country_medal":"United States","country_medal_code2":"US","country_medal_code3":"USA","country_medal_ioc_country_code":"USA","date_of_birth":"1885-02-05","place_of_birth_wikidata_id":"Q16553","place_of_birth":"San Jose","place_of_birth_located_in_wikidata_id":"Q110739","place_of_birth_located_in":"Santa Clara County","place_of_birth_coordinates":"37.304166666667,-121.87277777778","sex_or_gender_wikidata_id":"Q6581097","sex_or_gender":"male","event_wikidata_id":"Q860454","event_link":"https://en.wikipedia.org/wiki/Cycling_at_the_1904_Summer_Olympics_–_1/3_mile","event_name":"cycling at the 1904 Summer Olympics – 1/3 mile","event_part_of_wikidata_id":"Q839089","event_part_of":"cycling at the 1904 Summer Olympics","event_sport_wikidata_id":"Q221635","event_sport":"track cycling","sport_wikidata_id":"Q221635","sport":"track cycling","source_page":"https://en.wikipedia.org/wiki/List_of_1904_Summer_Olympics_medal_winners","source_kind":"layers-derived-wikipedia-wikidata"}},{"type":"Feature","id":"olympic-medals-birthplace-1904-eace74281397eccf","geometry":{"type":"Point","coordinates":[-1.4044444444444444,50.906666666666666]},"properties":{"year":1904,"medalist_wikidata_id":"Q26269","medalist_link":"https://en.wikipedia.org/wiki/Teddy_Billington","medalist_name":"Teddy Billington","medal":"bronze","delegation_wikidata_id":"Q1350274","delegation_link":"https://en.wikipedia.org/wiki/United_States_at_the_1904_Summer_Olympics","delegation_name":"United States at the 1904 Summer Olympics","country_medal_wikidata_id":"Q30","country_medal":"United States","country_medal_code2":"US","country_medal_code3":"USA","country_medal_ioc_country_code":"USA","date_of_birth":"1882-07-14","place_of_birth_wikidata_id":"Q79848","place_of_birth":"Southampton","place_of_birth_located_in_wikidata_id":"Q21683230","place_of_birth_located_in":"City of Southampton","place_of_birth_coordinates":"50.906666666666666,-1.4044444444444444","sex_or_gender_wikidata_id":"Q6581097","sex_or_gender":"male","event_wikidata_id":"Q860454","event_link":"https://en.wikipedia.org/wiki/Cycling_at_the_1904_Summer_Olympics_–_1/3_mile","event_name":"cycling at the 1904 Summer Olympics – 1/3 mile","event_part_of_wikidata_id":"Q839089","event_part_of":"cycling at the 1904 Summer Olympics","event_sport_wikidata_id":"Q221635","event_sport":"track cycling","sport_wikidata_id":"Q221635","sport":"track cycling","source_page":"https://en.wikipedia.org/wiki/List_of_1904_Summer_Olympics_medal_winners","source_kind":"layers-derived-wikipedia-wikidata"}},{"type":"Feature","id":"olympic-medals-birthplace-1904-79a7a1fd099aef28","geometry":{"type":"Point","coordinates":[-73.781944444444,40.908611111111]},"properties":{"year":1904,"medalist_wikidata_id":"Q940285","medalist_link":"https://en.wikipedia.org/wiki/Marcus_Hurley","medalist_name":"Marcus Hurley","medal":"gold","delegation_wikidata_id":"Q1350274","delegation_link":"https://en.wikipedia.org/wiki/United_States_at_the_1904_Summer_Olympics","delegation_name":"United States at the 1904 Summer Olympics","country_medal_wikidata_id":"Q30","country_medal":"United States","country_medal_code2":"US","country_medal_code3":"USA","country_medal_ioc_country_code":"USA","date_of_birth":"1883-12-22","place_of_birth_wikidata_id":"Q744948","place_of_birth":"New Rochelle","place_of_birth_located_in_wikidata_id":"Q54066","place_of_birth_located_in":"Westchester County","place_of_birth_coordinates":"40.908611111111,-73.781944444444","sex_or_gender_wikidata_id":"Q6581097","sex_or_gender":"male","event_wikidata_id":"Q860168","event_link":"https://en.wikipedia.org/wiki/Cycling_at_the_1904_Summer_Olympics_–_1/2_mile","event_name":"cycling at the 1904 Summer Olympics – 1/2 mile","event_part_of_wikidata_id":"Q839089","event_part_of":"cycling at the 1904 Summer Olympics","event_sport_wikidata_id":"Q221635","event_sport":"track cycling","sport_wikidata_id":"Q221635","sport":"track cycling","source_page":"https://en.wikipedia.org/wiki/List_of_1904_Summer_Olympics_medal_winners","source_kind":"layers-derived-wikipedia-wikidata"}},{"type":"Feature","id":"olympic-medals-birthplace-1904-b26abc428af2c009","geometry":{"type":"Point","coordinates":[-1.4044444444444444,50.906666666666666]},"properties":{"year":1904,"medalist_wikidata_id":"Q26269","medalist_link":"https://en.wikipedia.org/wiki/Teddy_Billington","medalist_name":"Teddy Billington","medal":"silver","delegation_wikidata_id":"Q1350274","delegation_link":"https://en.wikipedia.org/wiki/United_States_at_the_1904_Summer_Olympics","delegation_name":"United States at the 1904 Summer Olympics","country_medal_wikidata_id":"Q30","country_medal":"United States","country_medal_code2":"US","country_medal_code3":"USA","country_medal_ioc_country_code":"USA","date_of_birth":"1882-07-14","place_of_birth_wikidata_id":"Q79848","place_of_birth":"Southampton","place_of_birth_located_in_wikidata_id":"Q21683230","place_of_birth_located_in":"City of Southampton","place_of_birth_coordinates":"50.906666666666666,-1.4044444444444444","sex_or_gender_wikidata_id":"Q6581097","sex_or_gender":"male","event_wikidata_id":"Q860168","event_link":"https://en.wikipedia.org/wiki/Cycling_at_the_1904_Summer_Olympics_–_1/2_mile","event_name":"cycling at the 1904 Summer Olympics – 1/2 mile","event_part_of_wikidata_id":"Q839089","event_part_of":"cycling at the 1904 Summer Olympics","event_sport_wikidata_id":"Q221635","event_sport":"track cycling","sport_wikidata_id":"Q221635","sport":"track cycling","source_page":"https://en.wikipedia.org/wiki/List_of_1904_Summer_Olympics_medal_winners","source_kind":"layers-derived-wikipedia-wikidata"}},{"type":"Feature","id":"olympic-medals-birthplace-1904-34d09025b4b10fbf","geometry":{"type":"Point","coordinates":[-121.87277777778,37.304166666667]},"properties":{"year":1904,"medalist_wikidata_id":"Q1017119","medalist_link":"https://en.wikipedia.org/wiki/Burton_Downing","medalist_name":"Burton Downing","medal":"bronze","delegation_wikidata_id":"Q1350274","delegation_link":"https://en.wikipedia.org/wiki/United_States_at_the_1904_Summer_Olympics","delegation_name":"United States at the 1904 Summer Olympics","country_medal_wikidata_id":"Q30","country_medal":"United States","country_medal_code2":"US","country_medal_code3":"USA","country_medal_ioc_country_code":"USA","date_of_birth":"1885-02-05","place_of_birth_wikidata_id":"Q16553","place_of_birth":"San Jose","place_of_birth_located_in_wikidata_id":"Q110739","place_of_birth_located_in":"Santa Clara County","place_of_birth_coordinates":"37.304166666667,-121.87277777778","sex_or_gender_wikidata_id":"Q6581097","sex_or_gender":"male","event_wikidata_id":"Q860168","event_link":"https://en.wikipedia.org/wiki/Cycling_at_the_1904_Summer_Olympics_–_1/2_mile","event_name":"cycling at the 1904 Summer Olympics – 1/2 mile","event_part_of_wikidata_id":"Q839089","event_part_of":"cycling at the 1904 Summer Olympics","event_sport_wikidata_id":"Q221635","event_sport":"track cycling","sport_wikidata_id":"Q221635","sport":"track cycling","source_page":"https://en.wikipedia.org/wiki/List_of_1904_Summer_Olympics_medal_winners","source_kind":"layers-derived-wikipedia-wikidata"}},{"type":"Feature","id":"olympic-medals-birthplace-1904-1f26b2526a8e0fdc","geometry":{"type":"Point","coordinates":[-73.781944444444,40.908611111111]},"properties":{"year":1904,"medalist_wikidata_id":"Q940285","medalist_link":"https://en.wikipedia.org/wiki/Marcus_Hurley","medalist_name":"Marcus Hurley","medal":"gold","delegation_wikidata_id":"Q1350274","delegation_link":"https://en.wikipedia.org/wiki/United_States_at_the_1904_Summer_Olympics","delegation_name":"United States at the 1904 Summer Olympics","country_medal_wikidata_id":"Q30","country_medal":"United States","country_medal_code2":"US","country_medal_code3":"USA","country_medal_ioc_country_code":"USA","date_of_birth":"1883-12-22","place_of_birth_wikidata_id":"Q744948","place_of_birth":"New Rochelle","place_of_birth_located_in_wikidata_id":"Q54066","place_of_birth_located_in":"Westchester County","place_of_birth_coordinates":"40.908611111111,-73.781944444444","sex_or_gender_wikidata_id":"Q6581097","sex_or_gender":"male","event_wikidata_id":"Q860238","event_link":"https://en.wikipedia.org/wiki/Cycling_at_the_1904_Summer_Olympics_–_1_mile","event_name":"cycling at the 1904 Summer Olympics – 1 mile","event_part_of_wikidata_id":"Q839089","event_part_of":"cycling at the 1904 Summer Olympics","event_sport_wikidata_id":"Q221635","event_sport":"track cycling","sport_wikidata_id":"Q221635","sport":"track cycling","source_page":"https://en.wikipedia.org/wiki/List_of_1904_Summer_Olympics_medal_winners","source_kind":"layers-derived-wikipedia-wikidata"}},{"type":"Feature","id":"olympic-medals-birthplace-1904-282eaca9967c1e14","geometry":{"type":"Point","coordinates":[-121.87277777778,37.304166666667]},"properties":{"year":1904,"medalist_wikidata_id":"Q1017119","medalist_link":"https://en.wikipedia.org/wiki/Burton_Downing","medalist_name":"Burton Downing","medal":"silver","delegation_wikidata_id":"Q1350274","delegation_link":"https://en.wikipedia.org/wiki/United_States_at_the_1904_Summer_Olympics","delegation_name":"United States at the 1904 Summer Olympics","country_medal_wikidata_id":"Q30","country_medal":"United States","country_medal_code2":"US","country_medal_code3":"USA","country_medal_ioc_country_code":"USA","date_of_birth":"1885-02-05","place_of_birth_wikidata_id":"Q16553","place_of_birth":"San Jose","place_of_birth_located_in_wikidata_id":"Q110739","place_of_birth_located_in":"Santa Clara County","place_of_birth_coordinates":"37.304166666667,-121.87277777778","sex_or_gender_wikidata_id":"Q6581097","sex_or_gender":"male","event_wikidata_id":"Q860238","event_link":"https://en.wikipedia.org/wiki/Cycling_at_the_1904_Summer_Olympics_–_1_mile","event_name":"cycling at the 1904 Summer Olympics – 1 mile","event_part_of_wikidata_id":"Q839089","event_part_of":"cycling at the 1904 Summer Olympics","event_sport_wikidata_id":"Q221635","event_sport":"track cycling","sport_wikidata_id":"Q221635","sport":"track cycling","source_page":"https://en.wikipedia.org/wiki/List_of_1904_Summer_Olympics_medal_winners","source_kind":"layers-derived-wikipedia-wikidata"}},{"type":"Feature","id":"olympic-medals-birthplace-1904-edfa1dc846170b23","geometry":{"type":"Point","coordinates":[-1.4044444444444444,50.906666666666666]},"properties":{"year":1904,"medalist_wikidata_id":"Q26269","medalist_link":"https://en.wikipedia.org/wiki/Teddy_Billington","medalist_name":"Teddy Billington","medal":"bronze","delegation_wikidata_id":"Q1350274","delegation_link":"https://en.wikipedia.org/wiki/United_States_at_the_1904_Summer_Olympics","delegation_name":"United States at the 1904 Summer Olympics","country_medal_wikidata_id":"Q30","country_medal":"United States","country_medal_code2":"US","country_medal_code3":"USA","country_medal_ioc_country_code":"USA","date_of_birth":"1882-07-14","place_of_birth_wikidata_id":"Q79848","place_of_birth":"Southampton","place_of_birth_located_in_wikidata_id":"Q21683230","place_of_birth_located_in":"City of Southampton","place_of_birth_coordinates":"50.906666666666666,-1.4044444444444444","sex_or_gender_wikidata_id":"Q6581097","sex_or_gender":"male","event_wikidata_id":"Q860238","event_link":"https://en.wikipedia.org/wiki/Cycling_at_the_1904_Summer_Olympics_–_1_mile","event_name":"cycling at the 1904 Summer Olympics – 1 mile","event_part_of_wikidata_id":"Q839089","event_part_of":"cycling at the 1904 Summer Olympics","event_sport_wikidata_id":"Q221635","event_sport":"track cycling","sport_wikidata_id":"Q221635","sport":"track cycling","source_page":"https://en.wikipedia.org/wiki/List_of_1904_Summer_Olympics_medal_winners","source_kind":"layers-derived-wikipedia-wikidata"}},{"type":"Feature","id":"olympic-medals-birthplace-1904-d66e66244ab03444","geometry":{"type":"Point","coordinates":[-121.87277777778,37.304166666667]},"properties":{"year":1904,"medalist_wikidata_id":"Q1017119","medalist_link":"https://en.wikipedia.org/wiki/Burton_Downing","medalist_name":"Burton Downing","medal":"gold","delegation_wikidata_id":"Q1350274","delegation_link":"https://en.wikipedia.org/wiki/United_States_at_the_1904_Summer_Olympics","delegation_name":"United States at the 1904 Summer Olympics","country_medal_wikidata_id":"Q30","country_medal":"United States","country_medal_code2":"US","country_medal_code3":"USA","country_medal_ioc_country_code":"USA","date_of_birth":"1885-02-05","place_of_birth_wikidata_id":"Q16553","place_of_birth":"San Jose","place_of_birth_located_in_wikidata_id":"Q110739","place_of_birth_located_in":"Santa Clara County","place_of_birth_coordinates":"37.304166666667,-121.87277777778","sex_or_gender_wikidata_id":"Q6581097","sex_or_gender":"male","event_wikidata_id":"Q2033281","event_link":"https://en.wikipedia.org/wiki/Cycling_at_the_1904_Summer_Olympics_–_2_miles","event_name":"cycling at the 1904 Summer Olympics – 2 miles","event_part_of_wikidata_id":"Q839089","event_part_of":"cycling at the 1904 Summer Olympics","event_sport_wikidata_id":"Q221635","event_sport":"track cycling","sport_wikidata_id":"Q221635","sport":"track cycling","source_page":"https://en.wikipedia.org/wiki/List_of_1904_Summer_Olympics_medal_winners","source_kind":"layers-derived-wikipedia-wikidata"}},{"type":"Feature","id":"olympic-medals-birthplace-1904-cecbed85252b112d","geometry":{"type":"Point","coordinates":[-73.94972222222222,40.65083333333333]},"properties":{"year":1904,"medalist_wikidata_id":"Q26261","medalist_link":"https://en.wikipedia.org/wiki/Oscar_Goerke","medalist_name":"Oscar Goerke","medal":"silver","delegation_wikidata_id":"Q1350274","delegation_link":"https://en.wikipedia.org/wiki/United_States_at_the_1904_Summer_Olympics","delegation_name":"United States at the 1904 Summer Olympics","country_medal_wikidata_id":"Q30","country_medal":"United States","country_medal_code2":"US","country_medal_code3":"USA","country_medal_ioc_country_code":"USA","date_of_birth":"1883-01-10","place_of_birth_wikidata_id":"Q18419","place_of_birth":"Brooklyn","place_of_birth_located_in_wikidata_id":"Q60","place_of_birth_located_in":"New York City","place_of_birth_coordinates":"40.65083333333333,-73.94972222222222","sex_or_gender_wikidata_id":"Q6581097","sex_or_gender":"male","event_wikidata_id":"Q2033281","event_link":"https://en.wikipedia.org/wiki/Cycling_at_the_1904_Summer_Olympics_–_2_miles","event_name":"cycling at the 1904 Summer Olympics – 2 miles","event_part_of_wikidata_id":"Q839089","event_part_of":"cycling at the 1904 Summer Olympics","event_sport_wikidata_id":"Q221635","event_sport":"track cycling","sport_wikidata_id":"Q221635","sport":"track cycling","source_page":"https://en.wikipedia.org/wiki/List_of_1904_Summer_Olympics_medal_winners","source_kind":"layers-derived-wikipedia-wikidata"}},{"type":"Feature","id":"olympic-medals-birthplace-1904-207afb2f7317f13b","geometry":{"type":"Point","coordinates":[-73.781944444444,40.908611111111]},"properties":{"year":1904,"medalist_wikidata_id":"Q940285","medalist_link":"https://en.wikipedia.org/wiki/Marcus_Hurley","medalist_name":"Marcus Hurley","medal":"bronze","delegation_wikidata_id":"Q1350274","delegation_link":"https://en.wikipedia.org/wiki/United_States_at_the_1904_Summer_Olympics","delegation_name":"United States at the 1904 Summer Olympics","country_medal_wikidata_id":"Q30","country_medal":"United States","country_medal_code2":"US","country_medal_code3":"USA","country_medal_ioc_country_code":"USA","date_of_birth":"1883-12-22","place_of_birth_wikidata_id":"Q744948","place_of_birth":"New Rochelle","place_of_birth_located_in_wikidata_id":"Q54066","place_of_birth_located_in":"Westchester County","place_of_birth_coordinates":"40.908611111111,-73.781944444444","sex_or_gender_wikidata_id":"Q6581097","sex_or_gender":"male","event_wikidata_id":"Q2033281","event_link":"https://en.wikipedia.org/wiki/Cycling_at_the_1904_Summer_Olympics_–_2_miles","event_name":"cycling at the 1904 Summer Olympics – 2 miles","event_part_of_wikidata_id":"Q839089","event_part_of":"cycling at the 1904 Summer Olympics","event_sport_wikidata_id":"Q221635","event_sport":"track cycling","sport_wikidata_id":"Q221635","sport":"track cycling","source_page":"https://en.wikipedia.org/wiki/List_of_1904_Summer_Olympics_medal_winners","source_kind":"layers-derived-wikipedia-wikidata"}},{"type":"Feature","id":"olympic-medals-birthplace-1904-dcc1e92441a51d93","geometry":{"type":"Point","coordinates":[12.568888888889,55.676111111111]},"properties":{"year":1904,"medalist_wikidata_id":"Q26510","medalist_link":"https://en.wikipedia.org/wiki/Charles_Schlee","medalist_name":"Charles Schlee","medal":"gold","delegation_wikidata_id":"Q1350274","delegation_link":"https://en.wikipedia.org/wiki/United_States_at_the_1904_Summer_Olympics","delegation_name":"United States at the 1904 Summer Olympics","country_medal_wikidata_id":"Q30","country_medal":"United States","country_medal_code2":"US","country_medal_code3":"USA","country_medal_ioc_country_code":"USA","date_of_birth":"1873-07-21","place_of_birth_wikidata_id":"Q1748","place_of_birth":"Copenhagen","place_of_birth_located_in_wikidata_id":"Q26073","place_of_birth_located_in":"Capital Region of Denmark","place_of_birth_coordinates":"55.676111111111,12.568888888889","sex_or_gender_wikidata_id":"Q6581097","sex_or_gender":"male","event_wikidata_id":"Q4106943","event_link":"https://en.wikipedia.org/wiki/Cycling_at_the_1904_Summer_Olympics_–_5_miles","event_name":"cycling at the 1904 Summer Olympics – 5 miles","event_part_of_wikidata_id":"Q839089","event_part_of":"cycling at the 1904 Summer Olympics","event_sport_wikidata_id":"Q221635","event_sport":"track cycling","sport_wikidata_id":"Q221635","sport":"track cycling","source_page":"https://en.wikipedia.org/wiki/List_of_1904_Summer_Olympics_medal_winners","source_kind":"layers-derived-wikipedia-wikidata"}},{"type":"Feature","id":"olympic-medals-birthplace-1904-9c88405787a9de0b","geometry":{"type":"Point","coordinates":[-74.8575,43.0428]},"properties":{"year":1904,"medalist_wikidata_id":"Q1508617","medalist_link":"https://en.wikipedia.org/wiki/George_E._Wiley","medalist_name":"George E. Wiley","medal":"silver","delegation_wikidata_id":"Q1350274","delegation_link":"https://en.wikipedia.org/wiki/United_States_at_the_1904_Summer_Olympics","delegation_name":"United States at the 1904 Summer Olympics","country_medal_wikidata_id":"Q30","country_medal":"United States","country_medal_code2":"US","country_medal_code3":"USA","country_medal_ioc_country_code":"USA","date_of_birth":"1881-05-07","place_of_birth_wikidata_id":"Q1380663","place_of_birth":"Little Falls","place_of_birth_located_in_wikidata_id":"Q487564","place_of_birth_located_in":"Herkimer County","place_of_birth_coordinates":"43.0428,-74.8575","sex_or_gender_wikidata_id":"Q6581097","sex_or_gender":"male","event_wikidata_id":"Q4106943","event_link":"https://en.wikipedia.org/wiki/Cycling_at_the_1904_Summer_Olympics_–_5_miles","event_name":"cycling at the 1904 Summer Olympics – 5 miles","event_part_of_wikidata_id":"Q839089","event_part_of":"cycling at the 1904 Summer Olympics","event_sport_wikidata_id":"Q221635","event_sport":"track cycling","sport_wikidata_id":"Q221635","sport":"track cycling","source_page":"https://en.wikipedia.org/wiki/List_of_1904_Summer_Olympics_medal_winners","source_kind":"layers-derived-wikipedia-wikidata"}},{"type":"Feature","id":"olympic-medals-birthplace-1904-3ca7968ebafafa2a","geometry":{"type":"Point","coordinates":[-85.388055555556,40.193333333333]},"properties":{"year":1904,"medalist_wikidata_id":"Q26267","medalist_link":"https://en.wikipedia.org/wiki/Arthur_F._Andrews","medalist_name":"Arthur F. Andrews","medal":"bronze","delegation_wikidata_id":"Q1350274","delegation_link":"https://en.wikipedia.org/wiki/United_States_at_the_1904_Summer_Olympics","delegation_name":"United States at the 1904 Summer Olympics","country_medal_wikidata_id":"Q30","country_medal":"United States","country_medal_code2":"US","country_medal_code3":"USA","country_medal_ioc_country_code":"USA","date_of_birth":"1876-09-01","place_of_birth_wikidata_id":"Q932981","place_of_birth":"Muncie","place_of_birth_located_in_wikidata_id":"Q509798","place_of_birth_located_in":"Delaware County","place_of_birth_coordinates":"40.193333333333,-85.388055555556","sex_or_gender_wikidata_id":"Q6581097","sex_or_gender":"male","event_wikidata_id":"Q4106943","event_link":"https://en.wikipedia.org/wiki/Cycling_at_the_1904_Summer_Olympics_–_5_miles","event_name":"cycling at the 1904 Summer Olympics – 5 miles","event_part_of_wikidata_id":"Q839089","event_part_of":"cycling at the 1904 Summer Olympics","event_sport_wikidata_id":"Q221635","event_sport":"track cycling","sport_wikidata_id":"Q221635","sport":"track cycling","source_page":"https://en.wikipedia.org/wiki/List_of_1904_Summer_Olympics_medal_winners","source_kind":"layers-derived-wikipedia-wikidata"}},{"type":"Feature","id":"olympic-medals-birthplace-1904-dec984de7f197b8c","geometry":{"type":"Point","coordinates":[-121.87277777778,37.304166666667]},"properties":{"year":1904,"medalist_wikidata_id":"Q1017119","medalist_link":"https://en.wikipedia.org/wiki/Burton_Downing","medalist_name":"Burton Downing","medal":"gold","delegation_wikidata_id":"Q1350274","delegation_link":"https://en.wikipedia.org/wiki/United_States_at_the_1904_Summer_Olympics","delegation_name":"United States at the 1904 Summer Olympics","country_medal_wikidata_id":"Q30","country_medal":"United States","country_medal_code2":"US","country_medal_code3":"USA","country_medal_ioc_country_code":"USA","date_of_birth":"1885-02-05","place_of_birth_wikidata_id":"Q16553","place_of_birth":"San Jose","place_of_birth_located_in_wikidata_id":"Q110739","place_of_birth_located_in":"Santa Clara County","place_of_birth_coordinates":"37.304166666667,-121.87277777778","sex_or_gender_wikidata_id":"Q6581097","sex_or_gender":"male","event_wikidata_id":"Q4106942","event_link":"https://en.wikipedia.org/wiki/Cycling_at_the_1904_Summer_Olympics_–_25_miles","event_name":"cycling at the 1904 Summer Olympics – 25 miles","event_part_of_wikidata_id":"Q839089","event_part_of":"cycling at the 1904 Summer Olympics","event_sport_wikidata_id":"Q221635","event_sport":"track cycling","sport_wikidata_id":"Q221635","sport":"track cycling","source_page":"https://en.wikipedia.org/wiki/List_of_1904_Summer_Olympics_medal_winners","source_kind":"layers-derived-wikipedia-wikidata"}},{"type":"Feature","id":"olympic-medals-birthplace-1904-82b464e4cc298e5a","geometry":{"type":"Point","coordinates":[-85.388055555556,40.193333333333]},"properties":{"year":1904,"medalist_wikidata_id":"Q26267","medalist_link":"https://en.wikipedia.org/wiki/Arthur_F._Andrews","medalist_name":"Arthur F. Andrews","medal":"silver","delegation_wikidata_id":"Q1350274","delegation_link":"https://en.wikipedia.org/wiki/United_States_at_the_1904_Summer_Olympics","delegation_name":"United States at the 1904 Summer Olympics","country_medal_wikidata_id":"Q30","country_medal":"United States","country_medal_code2":"US","country_medal_code3":"USA","country_medal_ioc_country_code":"USA","date_of_birth":"1876-09-01","place_of_birth_wikidata_id":"Q932981","place_of_birth":"Muncie","place_of_birth_located_in_wikidata_id":"Q509798","place_of_birth_located_in":"Delaware County","place_of_birth_coordinates":"40.193333333333,-85.388055555556","sex_or_gender_wikidata_id":"Q6581097","sex_or_gender":"male","event_wikidata_id":"Q4106942","event_link":"https://en.wikipedia.org/wiki/Cycling_at_the_1904_Summer_Olympics_–_25_miles","event_name":"cycling at the 1904 Summer Olympics – 25 miles","event_part_of_wikidata_id":"Q839089","event_part_of":"cycling at the 1904 Summer Olympics","event_sport_wikidata_id":"Q221635","event_sport":"track cycling","sport_wikidata_id":"Q221635","sport":"track cycling","source_page":"https://en.wikipedia.org/wiki/List_of_1904_Summer_Olympics_medal_winners","source_kind":"layers-derived-wikipedia-wikidata"}},{"type":"Feature","id":"olympic-medals-birthplace-1904-258f0cacacfcee6c","geometry":{"type":"Point","coordinates":[-74.8575,43.0428]},"properties":{"year":1904,"medalist_wikidata_id":"Q1508617","medalist_link":"https://en.wikipedia.org/wiki/George_E._Wiley","medalist_name":"George E. Wiley","medal":"bronze","delegation_wikidata_id":"Q1350274","delegation_link":"https://en.wikipedia.org/wiki/United_States_at_the_1904_Summer_Olympics","delegation_name":"United States at the 1904 Summer Olympics","country_medal_wikidata_id":"Q30","country_medal":"United States","country_medal_code2":"US","country_medal_code3":"USA","country_medal_ioc_country_code":"USA","date_of_birth":"1881-05-07","place_of_birth_wikidata_id":"Q1380663","place_of_birth":"Little Falls","place_of_birth_located_in_wikidata_id":"Q487564","place_of_birth_located_in":"Herkimer County","place_of_birth_coordinates":"43.0428,-74.8575","sex_or_gender_wikidata_id":"Q6581097","sex_or_gender":"male","event_wikidata_id":"Q4106942","event_link":"https://en.wikipedia.org/wiki/Cycling_at_the_1904_Summer_Olympics_–_25_miles","event_name":"cycling at the 1904 Summer Olympics – 25 miles","event_part_of_wikidata_id":"Q839089","event_part_of":"cycling at the 1904 Summer Olympics","event_sport_wikidata_id":"Q221635","event_sport":"track cycling","sport_wikidata_id":"Q221635","sport":"track cycling","source_page":"https://en.wikipedia.org/wiki/List_of_1904_Summer_Olympics_medal_winners","source_kind":"layers-derived-wikipedia-wikidata"}},{"type":"Feature","id":"olympic-medals-birthplace-1904-f575b9559cea5a30","geometry":{"type":"Point","coordinates":[-90.19944444444444,38.62638888888889]},"properties":{"year":1904,"medalist_wikidata_id":"Q1193461","medalist_link":"https://en.wikipedia.org/wiki/George_Sheldon_(diver)","medalist_name":"George Sheldon","medal":"gold","delegation_wikidata_id":"Q1350274","delegation_link":"https://en.wikipedia.org/wiki/United_States_at_the_1904_Summer_Olympics","delegation_name":"United States at the 1904 Summer Olympics","country_medal_wikidata_id":"Q30","country_medal":"United States","country_medal_code2":"US","country_medal_code3":"USA","country_medal_ioc_country_code":"USA","date_of_birth":"1874-05-17","place_of_birth_wikidata_id":"Q38022","place_of_birth":"St. Louis","place_of_birth_located_in_wikidata_id":"Q1581","place_of_birth_located_in":"Missouri","place_of_birth_coordinates":"38.62638888888889,-90.19944444444444","sex_or_gender_wikidata_id":"Q6581097","sex_or_gender":"male","event_wikidata_id":"Q859615","event_link":"https://en.wikipedia.org/wiki/Diving_at_the_1904_Summer_Olympics_–_Platform","event_name":"diving at the 1904 Summer Olympics – platform","event_part_of_wikidata_id":"Q659310","event_part_of":"diving at the 1904 Summer Olympics","event_sport_wikidata_id":"Q7735","event_sport":"diving","sport_wikidata_id":"Q7735","sport":"diving","source_page":"https://en.wikipedia.org/wiki/List_of_1904_Summer_Olympics_medal_winners","source_kind":"layers-derived-wikipedia-wikidata"}},{"type":"Feature","id":"olympic-medals-birthplace-1904-b3809737b6ebfa0f","geometry":{"type":"Point","coordinates":[-87.62777777777778,41.88194444444444]},"properties":{"year":1904,"medalist_wikidata_id":"Q1996557","medalist_link":"https://en.wikipedia.org/wiki/Frank_Kehoe","medalist_name":"Frank Kehoe","medal":"bronze","delegation_wikidata_id":"Q1350274","delegation_link":"https://en.wikipedia.org/wiki/United_States_at_the_1904_Summer_Olympics","delegation_name":"United States at the 1904 Summer Olympics","country_medal_wikidata_id":"Q30","country_medal":"United States","country_medal_code2":"US","country_medal_code3":"USA","country_medal_ioc_country_code":"USA","date_of_birth":"1882-02-08","place_of_birth_wikidata_id":"Q1297","place_of_birth":"Chicago","place_of_birth_located_in_wikidata_id":"Q108418","place_of_birth_located_in":"Cook County","place_of_birth_coordinates":"41.88194444444444,-87.62777777777778","sex_or_gender_wikidata_id":"Q6581097","sex_or_gender":"male","event_wikidata_id":"Q859615","event_link":"https://en.wikipedia.org/wiki/Diving_at_the_1904_Summer_Olympics_–_Platform","event_name":"diving at the 1904 Summer Olympics – platform","event_part_of_wikidata_id":"Q659310","event_part_of":"diving at the 1904 Summer Olympics","event_sport_wikidata_id":"Q7735","event_sport":"diving","sport_wikidata_id":"Q7735","sport":"diving","source_page":"https://en.wikipedia.org/wiki/List_of_1904_Summer_Olympics_medal_winners","source_kind":"layers-derived-wikipedia-wikidata"}},{"type":"Feature","id":"olympic-medals-birthplace-1904-d23271784d51582c","geometry":{"type":"Point","coordinates":[-74.00611111111111,40.71277777777778]},"properties":{"year":1904,"medalist_wikidata_id":"Q2445952","medalist_link":"https://en.wikipedia.org/wiki/William_Dickey_(diver)","medalist_name":"William Dickey","medal":"gold","delegation_wikidata_id":"Q1350274","delegation_link":"https://en.wikipedia.org/wiki/United_States_at_the_1904_Summer_Olympics","delegation_name":"United States at the 1904 Summer Olympics","country_medal_wikidata_id":"Q30","country_medal":"United States","country_medal_code2":"US","country_medal_code3":"USA","country_medal_ioc_country_code":"USA","date_of_birth":"1874-10-20","place_of_birth_wikidata_id":"Q60","place_of_birth":"New York City","place_of_birth_located_in_wikidata_id":"Q1384","place_of_birth_located_in":"New York","place_of_birth_coordinates":"40.71277777777778,-74.00611111111111","sex_or_gender_wikidata_id":"Q6581097","sex_or_gender":"male","event_wikidata_id":"Q859562","event_link":"https://en.wikipedia.org/wiki/Diving_at_the_1904_Summer_Olympics_–_Plunge_for_distance","event_name":"swimming at the 1904 Summer Olympics – plunge for distance","event_part_of_wikidata_id":"Q843658","event_part_of":"swimming at the 1904 Summer Olympics","event_sport_wikidata_id":"Q7735","event_sport":"diving","sport_wikidata_id":"Q7735","sport":"diving","source_page":"https://en.wikipedia.org/wiki/List_of_1904_Summer_Olympics_medal_winners","source_kind":"layers-derived-wikipedia-wikidata"}},{"type":"Feature","id":"olympic-medals-birthplace-1904-717e2b3f46d20293","geometry":{"type":"Point","coordinates":[-80.019722222222,39.341666666667]},"properties":{"year":1904,"medalist_wikidata_id":"Q3719031","medalist_link":"https://en.wikipedia.org/wiki/Edgar_Adams","medalist_name":"Edgar Adams","medal":"silver","delegation_wikidata_id":"Q1350274","delegation_link":"https://en.wikipedia.org/wiki/United_States_at_the_1904_Summer_Olympics","delegation_name":"United States at the 1904 Summer Olympics","country_medal_wikidata_id":"Q30","country_medal":"United States","country_medal_code2":"US","country_medal_code3":"USA","country_medal_ioc_country_code":"USA","date_of_birth":"1868-04-07","place_of_birth_wikidata_id":"Q1433349","place_of_birth":"Grafton","place_of_birth_located_in_wikidata_id":"Q511095","place_of_birth_located_in":"Taylor County","place_of_birth_coordinates":"39.341666666667,-80.019722222222","sex_or_gender_wikidata_id":"Q6581097","sex_or_gender":"male","event_wikidata_id":"Q859562","event_link":"https://en.wikipedia.org/wiki/Diving_at_the_1904_Summer_Olympics_–_Plunge_for_distance","event_name":"swimming at the 1904 Summer Olympics – plunge for distance","event_part_of_wikidata_id":"Q843658","event_part_of":"swimming at the 1904 Summer Olympics","event_sport_wikidata_id":"Q7735","event_sport":"diving","sport_wikidata_id":"Q7735","sport":"diving","source_page":"https://en.wikipedia.org/wiki/List_of_1904_Summer_Olympics_medal_winners","source_kind":"layers-derived-wikipedia-wikidata"}},{"type":"Feature","id":"olympic-medals-birthplace-1904-670e456fb1e9aea2","geometry":{"type":"Point","coordinates":[-74.00611111111111,40.71277777777778]},"properties":{"year":1904,"medalist_wikidata_id":"Q1818611","medalist_link":"https://en.wikipedia.org/wiki/Leo_Goodwin_(swimmer)","medalist_name":"Leo Goodwin","medal":"bronze","delegation_wikidata_id":"Q1350274","delegation_link":"https://en.wikipedia.org/wiki/United_States_at_the_1904_Summer_Olympics","delegation_name":"United States at the 1904 Summer Olympics","country_medal_wikidata_id":"Q30","country_medal":"United States","country_medal_code2":"US","country_medal_code3":"USA","country_medal_ioc_country_code":"USA","date_of_birth":"1883-11-13","place_of_birth_wikidata_id":"Q60","place_of_birth":"New York City","place_of_birth_located_in_wikidata_id":"Q1384","place_of_birth_located_in":"New York","place_of_birth_coordinates":"40.71277777777778,-74.00611111111111","sex_or_gender_wikidata_id":"Q6581097","sex_or_gender":"male","event_wikidata_id":"Q859562","event_link":"https://en.wikipedia.org/wiki/Diving_at_the_1904_Summer_Olympics_–_Plunge_for_distance","event_name":"swimming at the 1904 Summer Olympics – plunge for distance","event_part_of_wikidata_id":"Q843658","event_part_of":"swimming at the 1904 Summer Olympics","event_sport_wikidata_id":"Q7735","event_sport":"diving","sport_wikidata_id":"Q7735","sport":"diving","source_page":"https://en.wikipedia.org/wiki/List_of_1904_Summer_Olympics_medal_winners","source_kind":"layers-derived-wikipedia-wikidata"}},{"type":"Feature","id":"olympic-medals-birthplace-1904-b0817dd3354800c8","geometry":{"type":"Point","coordinates":[-82.358888888889,23.136666666667]},"properties":{"year":1904,"medalist_wikidata_id":"Q455984","medalist_link":"https://en.wikipedia.org/wiki/Ramón_Fonst","medalist_name":"Ramón Fonst","medal":"gold","delegation_wikidata_id":"Q1202034","delegation_link":"https://en.wikipedia.org/wiki/Cuba_at_the_1904_Summer_Olympics","delegation_name":"Cuba at the 1904 Summer Olympics","country_medal_wikidata_id":"Q241","country_medal":"Cuba","country_medal_code2":"CU","country_medal_code3":"CUB","country_medal_ioc_country_code":"CUB","date_of_birth":"1883-08-31","place_of_birth_wikidata_id":"Q1563","place_of_birth":"Havana","place_of_birth_located_in_wikidata_id":"Q12588","place_of_birth_located_in":"Havana Province","place_of_birth_coordinates":"23.136666666667,-82.358888888889","sex_or_gender_wikidata_id":"Q6581097","sex_or_gender":"male","event_wikidata_id":"Q862192","event_link":"https://en.wikipedia.org/wiki/Fencing_at_the_1904_Summer_Olympics_–_Men's_foil","event_name":"fencing at the 1904 Summer Olympics – men's foil","event_part_of_wikidata_id":"Q908737","event_part_of":"fencing at the 1904 Summer Olympics","event_sport_wikidata_id":"Q12100","event_sport":"fencing","sport_wikidata_id":"Q12100","sport":"fencing","source_page":"https://en.wikipedia.org/wiki/List_of_1904_Summer_Olympics_medal_winners","source_kind":"layers-derived-wikipedia-wikidata"}},{"type":"Feature","id":"olympic-medals-birthplace-1904-963fc6369b703194","geometry":{"type":"Point","coordinates":[-84.5125,39.1]},"properties":{"year":1904,"medalist_wikidata_id":"Q1369254","medalist_link":"https://en.wikipedia.org/wiki/Albertson_Van_Zo_Post","medalist_name":"Albertson Van Zo Post","medal":"silver","delegation_wikidata_id":"Q1350274","delegation_link":"https://en.wikipedia.org/wiki/United_States_at_the_1904_Summer_Olympics","delegation_name":"United States at the 1904 Summer Olympics","country_medal_wikidata_id":"Q30","country_medal":"United States","country_medal_code2":"US","country_medal_code3":"USA","country_medal_ioc_country_code":"USA","date_of_birth":"1866-07-28","place_of_birth_wikidata_id":"Q43196","place_of_birth":"Cincinnati","place_of_birth_located_in_wikidata_id":"Q152891","place_of_birth_located_in":"Hamilton County","place_of_birth_coordinates":"39.1,-84.5125","sex_or_gender_wikidata_id":"Q6581097","sex_or_gender":"male","event_wikidata_id":"Q862192","event_link":"https://en.wikipedia.org/wiki/Fencing_at_the_1904_Summer_Olympics_–_Men's_foil","event_name":"fencing at the 1904 Summer Olympics – men's foil","event_part_of_wikidata_id":"Q908737","event_part_of":"fencing at the 1904 Summer Olympics","event_sport_wikidata_id":"Q12100","event_sport":"fencing","sport_wikidata_id":"Q12100","sport":"fencing","source_page":"https://en.wikipedia.org/wiki/List_of_1904_Summer_Olympics_medal_winners","source_kind":"layers-derived-wikipedia-wikidata"}},{"type":"Feature","id":"olympic-medals-birthplace-1904-73c7bc9cef3402fe","geometry":{"type":"Point","coordinates":[-74.00611111111111,40.71277777777778]},"properties":{"year":1904,"medalist_wikidata_id":"Q1084656","medalist_link":"https://en.wikipedia.org/wiki/Charles_Tatham_(fencer)","medalist_name":"Charles Tatham","medal":"bronze","delegation_wikidata_id":"Q1350274","delegation_link":"https://en.wikipedia.org/wiki/United_States_at_the_1904_Summer_Olympics","delegation_name":"United States at the 1904 Summer Olympics","country_medal_wikidata_id":"Q30","country_medal":"United States","country_medal_code2":"US","country_medal_code3":"USA","country_medal_ioc_country_code":"USA","date_of_birth":"1854-09-03","place_of_birth_wikidata_id":"Q60","place_of_birth":"New York City","place_of_birth_located_in_wikidata_id":"Q1384","place_of_birth_located_in":"New York","place_of_birth_coordinates":"40.71277777777778,-74.00611111111111","sex_or_gender_wikidata_id":"Q6581097","sex_or_gender":"male","event_wikidata_id":"Q862192","event_link":"https://en.wikipedia.org/wiki/Fencing_at_the_1904_Summer_Olympics_–_Men's_foil","event_name":"fencing at the 1904 Summer Olympics – men's foil","event_part_of_wikidata_id":"Q908737","event_part_of":"fencing at the 1904 Summer Olympics","event_sport_wikidata_id":"Q12100","event_sport":"fencing","sport_wikidata_id":"Q12100","sport":"fencing","source_page":"https://en.wikipedia.org/wiki/List_of_1904_Summer_Olympics_medal_winners","source_kind":"layers-derived-wikipedia-wikidata"}},{"type":"Feature","id":"olympic-medals-birthplace-1904-0befeeb1d742e3e8","geometry":{"type":"Point","coordinates":[-82.358888888889,23.136666666667]},"properties":{"year":1904,"medalist_wikidata_id":"Q455984","medalist_link":"https://en.wikipedia.org/wiki/Ramón_Fonst","medalist_name":"Ramón Fonst","medal":"gold","delegation_wikidata_id":"Q1360637","delegation_link":"https://en.wikipedia.org/wiki/Mixed_team_at_the_1904_Summer_Olympics","delegation_name":"Mixed team at the 1904 Summer Olympics","country_medal_wikidata_id":"Q30","country_medal":"United States","country_medal_code2":"US","country_medal_code3":"USA","country_medal_ioc_country_code":"USA","date_of_birth":"1883-08-31","place_of_birth_wikidata_id":"Q1563","place_of_birth":"Havana","place_of_birth_located_in_wikidata_id":"Q12588","place_of_birth_located_in":"Havana Province","place_of_birth_coordinates":"23.136666666667,-82.358888888889","sex_or_gender_wikidata_id":"Q6581097","sex_or_gender":"male","event_wikidata_id":"Q862219","event_link":"https://en.wikipedia.org/wiki/Fencing_at_the_1904_Summer_Olympics_–_Men's_team_foil","event_name":"fencing at the 1904 Summer Olympics – men's team foil","event_part_of_wikidata_id":"Q908737","event_part_of":"fencing at the 1904 Summer Olympics","event_sport_wikidata_id":"Q12100","event_sport":"fencing","sport_wikidata_id":"Q12100","sport":"fencing","source_page":"https://en.wikipedia.org/wiki/List_of_1904_Summer_Olympics_medal_winners","source_kind":"layers-derived-wikipedia-wikidata"}},{"type":"Feature","id":"olympic-medals-birthplace-1904-cdeb31538340611d","geometry":{"type":"Point","coordinates":[-84.5125,39.1]},"properties":{"year":1904,"medalist_wikidata_id":"Q1369254","medalist_link":"https://en.wikipedia.org/wiki/Albertson_Van_Zo_Post","medalist_name":"Albertson Van Zo Post","medal":"gold","delegation_wikidata_id":"Q1360637","delegation_link":"https://en.wikipedia.org/wiki/Mixed_team_at_the_1904_Summer_Olympics","delegation_name":"Mixed team at the 1904 Summer Olympics","country_medal_wikidata_id":"Q30","country_medal":"United States","country_medal_code2":"US","country_medal_code3":"USA","country_medal_ioc_country_code":"USA","date_of_birth":"1866-07-28","place_of_birth_wikidata_id":"Q43196","place_of_birth":"Cincinnati","place_of_birth_located_in_wikidata_id":"Q152891","place_of_birth_located_in":"Hamilton County","place_of_birth_coordinates":"39.1,-84.5125","sex_or_gender_wikidata_id":"Q6581097","sex_or_gender":"male","event_wikidata_id":"Q862219","event_link":"https://en.wikipedia.org/wiki/Fencing_at_the_1904_Summer_Olympics_–_Men's_team_foil","event_name":"fencing at the 1904 Summer Olympics – men's team foil","event_part_of_wikidata_id":"Q908737","event_part_of":"fencing at the 1904 Summer Olympics","event_sport_wikidata_id":"Q12100","event_sport":"fencing","sport_wikidata_id":"Q12100","sport":"fencing","source_page":"https://en.wikipedia.org/wiki/List_of_1904_Summer_Olympics_medal_winners","source_kind":"layers-derived-wikipedia-wikidata"}},{"type":"Feature","id":"olympic-medals-birthplace-1904-a270644db4a7c729","geometry":{"type":"Point","coordinates":[-82.358888888889,23.136666666667]},"properties":{"year":1904,"medalist_wikidata_id":"Q1333247","medalist_link":"https://en.wikipedia.org/wiki/Manuel_Díaz_(fencer)","medalist_name":"Manuel Díaz","medal":"gold","delegation_wikidata_id":"Q1360637","delegation_link":"https://en.wikipedia.org/wiki/Mixed_team_at_the_1904_Summer_Olympics","delegation_name":"Mixed team at the 1904 Summer Olympics","country_medal_wikidata_id":"Q30","country_medal":"United States","country_medal_code2":"US","country_medal_code3":"USA","country_medal_ioc_country_code":"USA","date_of_birth":"1874-04-08","place_of_birth_wikidata_id":"Q1563","place_of_birth":"Havana","place_of_birth_located_in_wikidata_id":"Q12588","place_of_birth_located_in":"Havana Province","place_of_birth_coordinates":"23.136666666667,-82.358888888889","sex_or_gender_wikidata_id":"Q6581097","sex_or_gender":"male","event_wikidata_id":"Q862219","event_link":"https://en.wikipedia.org/wiki/Fencing_at_the_1904_Summer_Olympics_–_Men's_team_foil","event_name":"fencing at the 1904 Summer Olympics – men's team foil","event_part_of_wikidata_id":"Q908737","event_part_of":"fencing at the 1904 Summer Olympics","event_sport_wikidata_id":"Q12100","event_sport":"fencing","sport_wikidata_id":"Q12100","sport":"fencing","source_page":"https://en.wikipedia.org/wiki/List_of_1904_Summer_Olympics_medal_winners","source_kind":"layers-derived-wikipedia-wikidata"}},{"type":"Feature","id":"olympic-medals-birthplace-1904-cc45d2dc08eda4f2","geometry":{"type":"Point","coordinates":[-74.00611111111111,40.71277777777778]},"properties":{"year":1904,"medalist_wikidata_id":"Q1084656","medalist_link":"https://en.wikipedia.org/wiki/Charles_Tatham_(fencer)","medalist_name":"Charles Tatham","medal":"silver","delegation_wikidata_id":"Q1350274","delegation_link":"https://en.wikipedia.org/wiki/United_States_at_the_1904_Summer_Olympics","delegation_name":"United States at the 1904 Summer Olympics","country_medal_wikidata_id":"Q30","country_medal":"United States","country_medal_code2":"US","country_medal_code3":"USA","country_medal_ioc_country_code":"USA","date_of_birth":"1854-09-03","place_of_birth_wikidata_id":"Q60","place_of_birth":"New York City","place_of_birth_located_in_wikidata_id":"Q1384","place_of_birth_located_in":"New York","place_of_birth_coordinates":"40.71277777777778,-74.00611111111111","sex_or_gender_wikidata_id":"Q6581097","sex_or_gender":"male","event_wikidata_id":"Q862219","event_link":"https://en.wikipedia.org/wiki/Fencing_at_the_1904_Summer_Olympics_–_Men's_team_foil","event_name":"fencing at the 1904 Summer Olympics – men's team foil","event_part_of_wikidata_id":"Q908737","event_part_of":"fencing at the 1904 Summer Olympics","event_sport_wikidata_id":"Q12100","event_sport":"fencing","sport_wikidata_id":"Q12100","sport":"fencing","source_page":"https://en.wikipedia.org/wiki/List_of_1904_Summer_Olympics_medal_winners","source_kind":"layers-derived-wikipedia-wikidata"}},{"type":"Feature","id":"olympic-medals-birthplace-1904-689bbe256c852eaf","geometry":{"type":"Point","coordinates":[-74.00611111111111,40.71277777777778]},"properties":{"year":1904,"medalist_wikidata_id":"Q1111370","medalist_link":"https://en.wikipedia.org/wiki/Charles_Townsend_(fencer)","medalist_name":"Fitzhugh Townsend","medal":"silver","delegation_wikidata_id":"Q1350274","delegation_link":"https://en.wikipedia.org/wiki/United_States_at_the_1904_Summer_Olympics","delegation_name":"United States at the 1904 Summer Olympics","country_medal_wikidata_id":"Q30","country_medal":"United States","country_medal_code2":"US","country_medal_code3":"USA","country_medal_ioc_country_code":"USA","date_of_birth":"1872-04-00","place_of_birth_wikidata_id":"Q60","place_of_birth":"New York City","place_of_birth_located_in_wikidata_id":"Q1384","place_of_birth_located_in":"New York","place_of_birth_coordinates":"40.71277777777778,-74.00611111111111","sex_or_gender_wikidata_id":"Q6581097","sex_or_gender":"male","event_wikidata_id":"Q862219","event_link":"https://en.wikipedia.org/wiki/Fencing_at_the_1904_Summer_Olympics_–_Men's_team_foil","event_name":"fencing at the 1904 Summer Olympics – men's team foil","event_part_of_wikidata_id":"Q908737","event_part_of":"fencing at the 1904 Summer Olympics","event_sport_wikidata_id":"Q12100","event_sport":"fencing","sport_wikidata_id":"Q12100","sport":"fencing","source_page":"https://en.wikipedia.org/wiki/List_of_1904_Summer_Olympics_medal_winners","source_kind":"layers-derived-wikipedia-wikidata"}},{"type":"Feature","id":"olympic-medals-birthplace-1904-0490cf6e18203f12","geometry":{"type":"Point","coordinates":[-1.3002,50.7595]},"properties":{"year":1904,"medalist_wikidata_id":"Q2357856","medalist_link":"https://en.wikipedia.org/wiki/Arthur_Fox_(fencer)","medalist_name":"Arthur Fox","medal":"silver","delegation_wikidata_id":"Q1350274","delegation_link":"https://en.wikipedia.org/wiki/United_States_at_the_1904_Summer_Olympics","delegation_name":"United States at the 1904 Summer Olympics","country_medal_wikidata_id":"Q30","country_medal":"United States","country_medal_code2":"US","country_medal_code3":"USA","country_medal_ioc_country_code":"USA","date_of_birth":"1878-09-09","place_of_birth_wikidata_id":"Q587996","place_of_birth":"Cowes","place_of_birth_located_in_wikidata_id":"Q9679","place_of_birth_located_in":"Isle of Wight","place_of_birth_coordinates":"50.7595,-1.3002","sex_or_gender_wikidata_id":"Q6581097","sex_or_gender":"male","event_wikidata_id":"Q862219","event_link":"https://en.wikipedia.org/wiki/Fencing_at_the_1904_Summer_Olympics_–_Men's_team_foil","event_name":"fencing at the 1904 Summer Olympics – men's team foil","event_part_of_wikidata_id":"Q908737","event_part_of":"fencing at the 1904 Summer Olympics","event_sport_wikidata_id":"Q12100","event_sport":"fencing","sport_wikidata_id":"Q12100","sport":"fencing","source_page":"https://en.wikipedia.org/wiki/List_of_1904_Summer_Olympics_medal_winners","source_kind":"layers-derived-wikipedia-wikidata"}},{"type":"Feature","id":"olympic-medals-birthplace-1904-31fb84fb080323d1","geometry":{"type":"Point","coordinates":[-82.358888888889,23.136666666667]},"properties":{"year":1904,"medalist_wikidata_id":"Q455984","medalist_link":"https://en.wikipedia.org/wiki/Ramón_Fonst","medalist_name":"Ramón Fonst","medal":"gold","delegation_wikidata_id":"Q1202034","delegation_link":"https://en.wikipedia.org/wiki/Cuba_at_the_1904_Summer_Olympics","delegation_name":"Cuba at the 1904 Summer Olympics","country_medal_wikidata_id":"Q241","country_medal":"Cuba","country_medal_code2":"CU","country_medal_code3":"CUB","country_medal_ioc_country_code":"CUB","date_of_birth":"1883-08-31","place_of_birth_wikidata_id":"Q1563","place_of_birth":"Havana","place_of_birth_located_in_wikidata_id":"Q12588","place_of_birth_located_in":"Havana Province","place_of_birth_coordinates":"23.136666666667,-82.358888888889","sex_or_gender_wikidata_id":"Q6581097","sex_or_gender":"male","event_wikidata_id":"Q862183","event_link":"https://en.wikipedia.org/wiki/Fencing_at_the_1904_Summer_Olympics_–_Men's_épée","event_name":"fencing at the 1904 Summer Olympics – men's épée","event_part_of_wikidata_id":"Q908737","event_part_of":"fencing at the 1904 Summer Olympics","event_sport_wikidata_id":"Q12100","event_sport":"fencing","sport_wikidata_id":"Q12100","sport":"fencing","source_page":"https://en.wikipedia.org/wiki/List_of_1904_Summer_Olympics_medal_winners","source_kind":"layers-derived-wikipedia-wikidata"}},{"type":"Feature","id":"olympic-medals-birthplace-1904-3e89f71b736cc288","geometry":{"type":"Point","coordinates":[-74.00611111111111,40.71277777777778]},"properties":{"year":1904,"medalist_wikidata_id":"Q1084656","medalist_link":"https://en.wikipedia.org/wiki/Charles_Tatham_(fencer)","medalist_name":"Charles Tatham","medal":"silver","delegation_wikidata_id":"Q1350274","delegation_link":"https://en.wikipedia.org/wiki/United_States_at_the_1904_Summer_Olympics","delegation_name":"United States at the 1904 Summer Olympics","country_medal_wikidata_id":"Q30","country_medal":"United States","country_medal_code2":"US","country_medal_code3":"USA","country_medal_ioc_country_code":"USA","date_of_birth":"1854-09-03","place_of_birth_wikidata_id":"Q60","place_of_birth":"New York City","place_of_birth_located_in_wikidata_id":"Q1384","place_of_birth_located_in":"New York","place_of_birth_coordinates":"40.71277777777778,-74.00611111111111","sex_or_gender_wikidata_id":"Q6581097","sex_or_gender":"male","event_wikidata_id":"Q862183","event_link":"https://en.wikipedia.org/wiki/Fencing_at_the_1904_Summer_Olympics_–_Men's_épée","event_name":"fencing at the 1904 Summer Olympics – men's épée","event_part_of_wikidata_id":"Q908737","event_part_of":"fencing at the 1904 Summer Olympics","event_sport_wikidata_id":"Q12100","event_sport":"fencing","sport_wikidata_id":"Q12100","sport":"fencing","source_page":"https://en.wikipedia.org/wiki/List_of_1904_Summer_Olympics_medal_winners","source_kind":"layers-derived-wikipedia-wikidata"}},{"type":"Feature","id":"olympic-medals-birthplace-1904-a0a110c0375131c0","geometry":{"type":"Point","coordinates":[-84.5125,39.1]},"properties":{"year":1904,"medalist_wikidata_id":"Q1369254","medalist_link":"https://en.wikipedia.org/wiki/Albertson_Van_Zo_Post","medalist_name":"Albertson Van Zo Post","medal":"bronze","delegation_wikidata_id":"Q1350274","delegation_link":"https://en.wikipedia.org/wiki/United_States_at_the_1904_Summer_Olympics","delegation_name":"United States at the 1904 Summer Olympics","country_medal_wikidata_id":"Q30","country_medal":"United States","country_medal_code2":"US","country_medal_code3":"USA","country_medal_ioc_country_code":"USA","date_of_birth":"1866-07-28","place_of_birth_wikidata_id":"Q43196","place_of_birth":"Cincinnati","place_of_birth_located_in_wikidata_id":"Q152891","place_of_birth_located_in":"Hamilton County","place_of_birth_coordinates":"39.1,-84.5125","sex_or_gender_wikidata_id":"Q6581097","sex_or_gender":"male","event_wikidata_id":"Q862183","event_link":"https://en.wikipedia.org/wiki/Fencing_at_the_1904_Summer_Olympics_–_Men's_épée","event_name":"fencing at the 1904 Summer Olympics – men's épée","event_part_of_wikidata_id":"Q908737","event_part_of":"fencing at the 1904 Summer Olympics","event_sport_wikidata_id":"Q12100","event_sport":"fencing","sport_wikidata_id":"Q12100","sport":"fencing","source_page":"https://en.wikipedia.org/wiki/List_of_1904_Summer_Olympics_medal_winners","source_kind":"layers-derived-wikipedia-wikidata"}},{"type":"Feature","id":"olympic-medals-birthplace-1904-9a00d30a9aa02502","geometry":{"type":"Point","coordinates":[-82.358888888889,23.136666666667]},"properties":{"year":1904,"medalist_wikidata_id":"Q1333247","medalist_link":"https://en.wikipedia.org/wiki/Manuel_Díaz_(fencer)","medalist_name":"Manuel Díaz","medal":"gold","delegation_wikidata_id":"Q1202034","delegation_link":"https://en.wikipedia.org/wiki/Cuba_at_the_1904_Summer_Olympics","delegation_name":"Cuba at the 1904 Summer Olympics","country_medal_wikidata_id":"Q241","country_medal":"Cuba","country_medal_code2":"CU","country_medal_code3":"CUB","country_medal_ioc_country_code":"CUB","date_of_birth":"1874-04-08","place_of_birth_wikidata_id":"Q1563","place_of_birth":"Havana","place_of_birth_located_in_wikidata_id":"Q12588","place_of_birth_located_in":"Havana Province","place_of_birth_coordinates":"23.136666666667,-82.358888888889","sex_or_gender_wikidata_id":"Q6581097","sex_or_gender":"male","event_wikidata_id":"Q862174","event_link":"https://en.wikipedia.org/wiki/Fencing_at_the_1904_Summer_Olympics_–_Men's_sabre","event_name":"fencing at the 1904 Summer Olympics – men's sabre","event_part_of_wikidata_id":"Q908737","event_part_of":"fencing at the 1904 Summer Olympics","event_sport_wikidata_id":"Q12100","event_sport":"fencing","sport_wikidata_id":"Q12100","sport":"fencing","source_page":"https://en.wikipedia.org/wiki/List_of_1904_Summer_Olympics_medal_winners","source_kind":"layers-derived-wikipedia-wikidata"}},{"type":"Feature","id":"olympic-medals-birthplace-1904-0cd0c7b17c7a9f70","geometry":{"type":"Point","coordinates":[-87.62777777777778,41.88194444444444]},"properties":{"year":1904,"medalist_wikidata_id":"Q2357823","medalist_link":"https://en.wikipedia.org/wiki/William_Grebe","medalist_name":"William Grebe","medal":"silver","delegation_wikidata_id":"Q1350274","delegation_link":"https://en.wikipedia.org/wiki/United_States_at_the_1904_Summer_Olympics","delegation_name":"United States at the 1904 Summer Olympics","country_medal_wikidata_id":"Q30","country_medal":"United States","country_medal_code2":"US","country_medal_code3":"USA","country_medal_ioc_country_code":"USA","date_of_birth":"1870-01-01","place_of_birth_wikidata_id":"Q1297","place_of_birth":"Chicago","place_of_birth_located_in_wikidata_id":"Q108418","place_of_birth_located_in":"Cook County","place_of_birth_coordinates":"41.88194444444444,-87.62777777777778","sex_or_gender_wikidata_id":"Q6581097","sex_or_gender":"male","event_wikidata_id":"Q862174","event_link":"https://en.wikipedia.org/wiki/Fencing_at_the_1904_Summer_Olympics_–_Men's_sabre","event_name":"fencing at the 1904 Summer Olympics – men's sabre","event_part_of_wikidata_id":"Q908737","event_part_of":"fencing at the 1904 Summer Olympics","event_sport_wikidata_id":"Q12100","event_sport":"fencing","sport_wikidata_id":"Q12100","sport":"fencing","source_page":"https://en.wikipedia.org/wiki/List_of_1904_Summer_Olympics_medal_winners","source_kind":"layers-derived-wikipedia-wikidata"}},{"type":"Feature","id":"olympic-medals-birthplace-1904-ef84b1fcff81c263","geometry":{"type":"Point","coordinates":[-84.5125,39.1]},"properties":{"year":1904,"medalist_wikidata_id":"Q1369254","medalist_link":"https://en.wikipedia.org/wiki/Albertson_Van_Zo_Post","medalist_name":"Albertson Van Zo Post","medal":"bronze","delegation_wikidata_id":"Q1350274","delegation_link":"https://en.wikipedia.org/wiki/United_States_at_the_1904_Summer_Olympics","delegation_name":"United States at the 1904 Summer Olympics","country_medal_wikidata_id":"Q30","country_medal":"United States","country_medal_code2":"US","country_medal_code3":"USA","country_medal_ioc_country_code":"USA","date_of_birth":"1866-07-28","place_of_birth_wikidata_id":"Q43196","place_of_birth":"Cincinnati","place_of_birth_located_in_wikidata_id":"Q152891","place_of_birth_located_in":"Hamilton County","place_of_birth_coordinates":"39.1,-84.5125","sex_or_gender_wikidata_id":"Q6581097","sex_or_gender":"male","event_wikidata_id":"Q862174","event_link":"https://en.wikipedia.org/wiki/Fencing_at_the_1904_Summer_Olympics_–_Men's_sabre","event_name":"fencing at the 1904 Summer Olympics – men's sabre","event_part_of_wikidata_id":"Q908737","event_part_of":"fencing at the 1904 Summer Olympics","event_sport_wikidata_id":"Q12100","event_sport":"fencing","sport_wikidata_id":"Q12100","sport":"fencing","source_page":"https://en.wikipedia.org/wiki/List_of_1904_Summer_Olympics_medal_winners","source_kind":"layers-derived-wikipedia-wikidata"}},{"type":"Feature","id":"olympic-medals-birthplace-1904-7c75d1c961258a8e","geometry":{"type":"Point","coordinates":[-84.5125,39.1]},"properties":{"year":1904,"medalist_wikidata_id":"Q1369254","medalist_link":"https://en.wikipedia.org/wiki/Albertson_Van_Zo_Post","medalist_name":"Albertson Van Zo Post","medal":"gold","delegation_wikidata_id":"Q1350274","delegation_link":"https://en.wikipedia.org/wiki/United_States_at_the_1904_Summer_Olympics","delegation_name":"United States at the 1904 Summer Olympics","country_medal_wikidata_id":"Q30","country_medal":"United States","country_medal_code2":"US","country_medal_code3":"USA","country_medal_ioc_country_code":"USA","date_of_birth":"1866-07-28","place_of_birth_wikidata_id":"Q43196","place_of_birth":"Cincinnati","place_of_birth_located_in_wikidata_id":"Q152891","place_of_birth_located_in":"Hamilton County","place_of_birth_coordinates":"39.1,-84.5125","sex_or_gender_wikidata_id":"Q6581097","sex_or_gender":"male","event_wikidata_id":"Q862205","event_link":"https://en.wikipedia.org/wiki/Fencing_at_the_1904_Summer_Olympics_–_Men's_singlestick","event_name":"fencing at the 1904 Summer Olympics – men's singlestick","event_part_of_wikidata_id":"Q908737","event_part_of":"fencing at the 1904 Summer Olympics","event_sport_wikidata_id":"Q12100","event_sport":"fencing","sport_wikidata_id":"Q12100","sport":"fencing","source_page":"https://en.wikipedia.org/wiki/List_of_1904_Summer_Olympics_medal_winners","source_kind":"layers-derived-wikipedia-wikidata"}},{"type":"Feature","id":"olympic-medals-birthplace-1904-5a21c3f0db0644d3","geometry":{"type":"Point","coordinates":[-80,40.44166666666667]},"properties":{"year":1904,"medalist_wikidata_id":"Q2356426","medalist_link":"https://en.wikipedia.org/wiki/William_O'Connor_(fencer)","medalist_name":"William O'Connor","medal":"silver","delegation_wikidata_id":"Q1350274","delegation_link":"https://en.wikipedia.org/wiki/United_States_at_the_1904_Summer_Olympics","delegation_name":"United States at the 1904 Summer Olympics","country_medal_wikidata_id":"Q30","country_medal":"United States","country_medal_code2":"US","country_medal_code3":"USA","country_medal_ioc_country_code":"USA","date_of_birth":"1864-05-23","place_of_birth_wikidata_id":"Q1342","place_of_birth":"Pittsburgh","place_of_birth_located_in_wikidata_id":"Q156291","place_of_birth_located_in":"Allegheny County","place_of_birth_coordinates":"40.44166666666667,-80","sex_or_gender_wikidata_id":"Q6581097","sex_or_gender":"male","event_wikidata_id":"Q862205","event_link":"https://en.wikipedia.org/wiki/Fencing_at_the_1904_Summer_Olympics_–_Men's_singlestick","event_name":"fencing at the 1904 Summer Olympics – men's singlestick","event_part_of_wikidata_id":"Q908737","event_part_of":"fencing at the 1904 Summer Olympics","event_sport_wikidata_id":"Q12100","event_sport":"fencing","sport_wikidata_id":"Q12100","sport":"fencing","source_page":"https://en.wikipedia.org/wiki/List_of_1904_Summer_Olympics_medal_winners","source_kind":"layers-derived-wikipedia-wikidata"}},{"type":"Feature","id":"olympic-medals-birthplace-1904-464b98b57de1dec9","geometry":{"type":"Point","coordinates":[-87.62777777777778,41.88194444444444]},"properties":{"year":1904,"medalist_wikidata_id":"Q2357823","medalist_link":"https://en.wikipedia.org/wiki/William_Grebe","medalist_name":"William Grebe","medal":"bronze","delegation_wikidata_id":"Q1350274","delegation_link":"https://en.wikipedia.org/wiki/United_States_at_the_1904_Summer_Olympics","delegation_name":"United States at the 1904 Summer Olympics","country_medal_wikidata_id":"Q30","country_medal":"United States","country_medal_code2":"US","country_medal_code3":"USA","country_medal_ioc_country_code":"USA","date_of_birth":"1870-01-01","place_of_birth_wikidata_id":"Q1297","place_of_birth":"Chicago","place_of_birth_located_in_wikidata_id":"Q108418","place_of_birth_located_in":"Cook County","place_of_birth_coordinates":"41.88194444444444,-87.62777777777778","sex_or_gender_wikidata_id":"Q6581097","sex_or_gender":"male","event_wikidata_id":"Q862205","event_link":"https://en.wikipedia.org/wiki/Fencing_at_the_1904_Summer_Olympics_–_Men's_singlestick","event_name":"fencing at the 1904 Summer Olympics – men's singlestick","event_part_of_wikidata_id":"Q908737","event_part_of":"fencing at the 1904 Summer Olympics","event_sport_wikidata_id":"Q12100","event_sport":"fencing","sport_wikidata_id":"Q12100","sport":"fencing","source_page":"https://en.wikipedia.org/wiki/List_of_1904_Summer_Olympics_medal_winners","source_kind":"layers-derived-wikipedia-wikidata"}},{"type":"Feature","id":"olympic-medals-birthplace-1904-fc23f1066079746d","geometry":{"type":"Point","coordinates":[-85,50]},"properties":{"year":1904,"medalist_wikidata_id":"Q4154114","medalist_link":"https://en.wikipedia.org/wiki/George_Ducker","medalist_name":"George Ducker","medal":"gold","delegation_wikidata_id":"Q1207374","delegation_link":"https://en.wikipedia.org/wiki/Canada_at_the_1904_Summer_Olympics","delegation_name":"Canada at the 1904 Summer Olympics","country_medal_wikidata_id":"Q16","country_medal":"Canada","country_medal_code2":"CA","country_medal_code3":"CAN","country_medal_ioc_country_code":"CAN","date_of_birth":"1871-09-27","place_of_birth_wikidata_id":"Q1904","place_of_birth":"Ontario","place_of_birth_located_in_wikidata_id":"Q16","place_of_birth_located_in":"Canada","place_of_birth_coordinates":"50,-85","sex_or_gender_wikidata_id":"Q6581097","sex_or_gender":"male","event_link":null,"event_name":"Football","event_part_of_wikidata_id":null,"event_part_of":null,"event_sport_wikidata_id":null,"event_sport":"Football","sport_wikidata_id":null,"sport":"Football","source_page":"https://en.wikipedia.org/wiki/List_of_1904_Summer_Olympics_medal_winners","source_kind":"layers-derived-wikipedia-wikidata"}},{"type":"Feature","id":"olympic-medals-birthplace-1904-bb566e68f67e36d2","geometry":{"type":"Point","coordinates":[-81.99972222222222,42.333333333333336]},"properties":{"year":1904,"medalist_wikidata_id":"Q4152441","medalist_link":"https://en.wikipedia.org/wiki/John_Gourlay_(Canadian_footballer)","medalist_name":"John Gourlay","medal":"gold","delegation_wikidata_id":"Q1207374","delegation_link":"https://en.wikipedia.org/wiki/Canada_at_the_1904_Summer_Olympics","delegation_name":"Canada at the 1904 Summer Olympics","country_medal_wikidata_id":"Q16","country_medal":"Canada","country_medal_code2":"CA","country_medal_code3":"CAN","country_medal_ioc_country_code":"CAN","date_of_birth":"1872-07-26","place_of_birth_wikidata_id":"Q2906399","place_of_birth":"Blenheim","place_of_birth_located_in_wikidata_id":"Q113464","place_of_birth_located_in":"Chatham-Kent","place_of_birth_coordinates":"42.333333333333336,-81.99972222222222","sex_or_gender_wikidata_id":"Q6581097","sex_or_gender":"male","event_link":null,"event_name":"Football","event_part_of_wikidata_id":null,"event_part_of":null,"event_sport_wikidata_id":null,"event_sport":"Football","sport_wikidata_id":null,"sport":"Football","source_page":"https://en.wikipedia.org/wiki/List_of_1904_Summer_Olympics_medal_winners","source_kind":"layers-derived-wikipedia-wikidata"}},{"type":"Feature","id":"olympic-medals-birthplace-1904-d454b9b15519def1","geometry":{"type":"Point","coordinates":[-1.7832,57.5091]},"properties":{"year":1904,"medalist_wikidata_id":"Q522801","medalist_link":"https://en.wikipedia.org/wiki/Alexander_Hall_(footballer)","medalist_name":"Alexander Hall","medal":"gold","delegation_wikidata_id":"Q1207374","delegation_link":"https://en.wikipedia.org/wiki/Canada_at_the_1904_Summer_Olympics","delegation_name":"Canada at the 1904 Summer Olympics","country_medal_wikidata_id":"Q16","country_medal":"Canada","country_medal_code2":"CA","country_medal_code3":"CAN","country_medal_ioc_country_code":"CAN","date_of_birth":"1880-12-03","place_of_birth_wikidata_id":"Q1016944","place_of_birth":"Peterhead","place_of_birth_located_in_wikidata_id":"Q189912","place_of_birth_located_in":"Aberdeenshire","place_of_birth_coordinates":"57.5091,-1.7832","sex_or_gender_wikidata_id":"Q6581097","sex_or_gender":"male","event_link":null,"event_name":"Football","event_part_of_wikidata_id":null,"event_part_of":null,"event_sport_wikidata_id":null,"event_sport":"Football","sport_wikidata_id":null,"sport":"Football","source_page":"https://en.wikipedia.org/wiki/List_of_1904_Summer_Olympics_medal_winners","source_kind":"layers-derived-wikipedia-wikidata"}},{"type":"Feature","id":"olympic-medals-birthplace-1904-7ed7295c56a8d4df","geometry":{"type":"Point","coordinates":[-82.1061111111111,43.01972222222222]},"properties":{"year":1904,"medalist_wikidata_id":"Q4710591","medalist_link":"https://en.wikipedia.org/wiki/Albert_Johnston_(footballer)","medalist_name":"Albert Johnson","medal":"gold","delegation_wikidata_id":"Q1207374","delegation_link":"https://en.wikipedia.org/wiki/Canada_at_the_1904_Summer_Olympics","delegation_name":"Canada at the 1904 Summer Olympics","country_medal_wikidata_id":"Q16","country_medal":"Canada","country_medal_code2":"CA","country_medal_code3":"CAN","country_medal_ioc_country_code":"CAN","date_of_birth":"1879-11-30","place_of_birth_wikidata_id":"Q3267294","place_of_birth":"Plympton–Wyoming","place_of_birth_located_in_wikidata_id":"Q1406913","place_of_birth_located_in":"Lambton County","place_of_birth_coordinates":"43.01972222222222,-82.1061111111111","sex_or_gender_wikidata_id":"Q6581097","sex_or_gender":"male","event_link":null,"event_name":"Football","event_part_of_wikidata_id":null,"event_part_of":null,"event_sport_wikidata_id":null,"event_sport":"Football","sport_wikidata_id":null,"sport":"Football","source_page":"https://en.wikipedia.org/wiki/List_of_1904_Summer_Olympics_medal_winners","source_kind":"layers-derived-wikipedia-wikidata"}},{"type":"Feature","id":"olympic-medals-birthplace-1904-e3bfd1a0267f4664","geometry":{"type":"Point","coordinates":[-80.31056,43.35583]},"properties":{"year":1904,"medalist_wikidata_id":"Q4257503","medalist_link":"https://en.wikipedia.org/wiki/Robert_Lane_(soccer)","medalist_name":"Robert Lane","medal":"gold","delegation_wikidata_id":"Q1207374","delegation_link":"https://en.wikipedia.org/wiki/Canada_at_the_1904_Summer_Olympics","delegation_name":"Canada at the 1904 Summer Olympics","country_medal_wikidata_id":"Q16","country_medal":"Canada","country_medal_code2":"CA","country_medal_code3":"CAN","country_medal_ioc_country_code":"CAN","date_of_birth":"1882-01-15","place_of_birth_wikidata_id":"Q15982096","place_of_birth":"Galt","place_of_birth_located_in_wikidata_id":"Q1904","place_of_birth_located_in":"Ontario","place_of_birth_coordinates":"43.35583,-80.31056","sex_or_gender_wikidata_id":"Q6581097","sex_or_gender":"male","event_link":null,"event_name":"Football","event_part_of_wikidata_id":null,"event_part_of":null,"event_sport_wikidata_id":null,"event_sport":"Football","sport_wikidata_id":null,"sport":"Football","source_page":"https://en.wikipedia.org/wiki/List_of_1904_Summer_Olympics_medal_winners","source_kind":"layers-derived-wikipedia-wikidata"}},{"type":"Feature","id":"olympic-medals-birthplace-1904-85769264108cccc4","geometry":{"type":"Point","coordinates":[-80.31056,43.35583]},"properties":{"year":1904,"medalist_wikidata_id":"Q4262316","medalist_link":"https://en.wikipedia.org/wiki/Ernest_Linton","medalist_name":"Ernest Linton","medal":"gold","delegation_wikidata_id":"Q1207374","delegation_link":"https://en.wikipedia.org/wiki/Canada_at_the_1904_Summer_Olympics","delegation_name":"Canada at the 1904 Summer Olympics","country_medal_wikidata_id":"Q16","country_medal":"Canada","country_medal_code2":"CA","country_medal_code3":"CAN","country_medal_ioc_country_code":"CAN","date_of_birth":"1880-02-17","place_of_birth_wikidata_id":"Q15982096","place_of_birth":"Galt","place_of_birth_located_in_wikidata_id":"Q1904","place_of_birth_located_in":"Ontario","place_of_birth_coordinates":"43.35583,-80.31056","sex_or_gender_wikidata_id":"Q6581097","sex_or_gender":"male","event_link":null,"event_name":"Football","event_part_of_wikidata_id":null,"event_part_of":null,"event_sport_wikidata_id":null,"event_sport":"Football","sport_wikidata_id":null,"sport":"Football","source_page":"https://en.wikipedia.org/wiki/List_of_1904_Summer_Olympics_medal_winners","source_kind":"layers-derived-wikipedia-wikidata"}},{"type":"Feature","id":"olympic-medals-birthplace-1904-fd9ed2352d169937","geometry":{"type":"Point","coordinates":[-81.3017,43.6778]},"properties":{"year":1904,"medalist_wikidata_id":"Q3439367","medalist_link":"https://en.wikipedia.org/wiki/Gordon_McDonald","medalist_name":"Gordon McDonald","medal":"gold","delegation_wikidata_id":"Q1207374","delegation_link":"https://en.wikipedia.org/wiki/Canada_at_the_1904_Summer_Olympics","delegation_name":"Canada at the 1904 Summer Olympics","country_medal_wikidata_id":"Q16","country_medal":"Canada","country_medal_code2":"CA","country_medal_code3":"CAN","country_medal_ioc_country_code":"CAN","date_of_birth":"1878-02-02","place_of_birth_wikidata_id":"Q7966701","place_of_birth":"Walton","place_of_birth_located_in_wikidata_id":"Q1904","place_of_birth_located_in":"Ontario","place_of_birth_coordinates":"43.6778,-81.3017","sex_or_gender_wikidata_id":"Q6581097","sex_or_gender":"male","event_link":null,"event_name":"Football","event_part_of_wikidata_id":null,"event_part_of":null,"event_sport_wikidata_id":null,"event_sport":"Football","sport_wikidata_id":null,"sport":"Football","source_page":"https://en.wikipedia.org/wiki/List_of_1904_Summer_Olympics_medal_winners","source_kind":"layers-derived-wikipedia-wikidata"}},{"type":"Feature","id":"olympic-medals-birthplace-1904-7037fb92c1e59926","geometry":{"type":"Point","coordinates":[-79.233333333333,43.183333333333]},"properties":{"year":1904,"medalist_wikidata_id":"Q4442631","medalist_link":"https://en.wikipedia.org/wiki/Frederick_Steep","medalist_name":"Frederick Steep","medal":"gold","delegation_wikidata_id":"Q1207374","delegation_link":"https://en.wikipedia.org/wiki/Canada_at_the_1904_Summer_Olympics","delegation_name":"Canada at the 1904 Summer Olympics","country_medal_wikidata_id":"Q16","country_medal":"Canada","country_medal_code2":"CA","country_medal_code3":"CAN","country_medal_ioc_country_code":"CAN","date_of_birth":"1874-12-20","place_of_birth_wikidata_id":"Q126805","place_of_birth":"St. Catharines","place_of_birth_located_in_wikidata_id":"Q381896","place_of_birth_located_in":"Regional Municipality of Niagara","place_of_birth_coordinates":"43.183333333333,-79.233333333333","sex_or_gender_wikidata_id":"Q6581097","sex_or_gender":"male","event_link":null,"event_name":"Football","event_part_of_wikidata_id":null,"event_part_of":null,"event_sport_wikidata_id":null,"event_sport":"Football","sport_wikidata_id":null,"sport":"Football","source_page":"https://en.wikipedia.org/wiki/List_of_1904_Summer_Olympics_medal_winners","source_kind":"layers-derived-wikipedia-wikidata"}},{"type":"Feature","id":"olympic-medals-birthplace-1904-eb87253a21e1e3fc","geometry":{"type":"Point","coordinates":[-80.31056,43.35583]},"properties":{"year":1904,"medalist_wikidata_id":"Q2639261","medalist_link":"https://en.wikipedia.org/wiki/Tom_Taylor_(soccer)","medalist_name":"Tom Taylor","medal":"gold","delegation_wikidata_id":"Q1207374","delegation_link":"https://en.wikipedia.org/wiki/Canada_at_the_1904_Summer_Olympics","delegation_name":"Canada at the 1904 Summer Olympics","country_medal_wikidata_id":"Q16","country_medal":"Canada","country_medal_code2":"CA","country_medal_code3":"CAN","country_medal_ioc_country_code":"CAN","date_of_birth":"1880-12-04","place_of_birth_wikidata_id":"Q15982096","place_of_birth":"Galt","place_of_birth_located_in_wikidata_id":"Q1904","place_of_birth_located_in":"Ontario","place_of_birth_coordinates":"43.35583,-80.31056","sex_or_gender_wikidata_id":"Q6581097","sex_or_gender":"male","event_link":null,"event_name":"Football","event_part_of_wikidata_id":null,"event_part_of":null,"event_sport_wikidata_id":null,"event_sport":"Football","sport_wikidata_id":null,"sport":"Football","source_page":"https://en.wikipedia.org/wiki/List_of_1904_Summer_Olympics_medal_winners","source_kind":"layers-derived-wikipedia-wikidata"}},{"type":"Feature","id":"olympic-medals-birthplace-1904-e6544e1c7a20c2ec","geometry":{"type":"Point","coordinates":[-80.31056,43.35583]},"properties":{"year":1904,"medalist_wikidata_id":"Q4464780","medalist_link":"https://en.wikipedia.org/wiki/William_Twaits_(footballer)","medalist_name":"William Twaits","medal":"gold","delegation_wikidata_id":"Q1207374","delegation_link":"https://en.wikipedia.org/wiki/Canada_at_the_1904_Summer_Olympics","delegation_name":"Canada at the 1904 Summer Olympics","country_medal_wikidata_id":"Q16","country_medal":"Canada","country_medal_code2":"CA","country_medal_code3":"CAN","country_medal_ioc_country_code":"CAN","date_of_birth":"1879-08-20","place_of_birth_wikidata_id":"Q15982096","place_of_birth":"Galt","place_of_birth_located_in_wikidata_id":"Q1904","place_of_birth_located_in":"Ontario","place_of_birth_coordinates":"43.35583,-80.31056","sex_or_gender_wikidata_id":"Q6581097","sex_or_gender":"male","event_link":null,"event_name":"Football","event_part_of_wikidata_id":null,"event_part_of":null,"event_sport_wikidata_id":null,"event_sport":"Football","sport_wikidata_id":null,"sport":"Football","source_page":"https://en.wikipedia.org/wiki/List_of_1904_Summer_Olympics_medal_winners","source_kind":"layers-derived-wikipedia-wikidata"}},{"type":"Feature","id":"olympic-medals-birthplace-1904-e302c04b6c2f62c4","geometry":{"type":"Point","coordinates":[-80.31056,43.35583]},"properties":{"year":1904,"medalist_wikidata_id":"Q2831234","medalist_link":"https://en.wikipedia.org/wiki/Albert_Henderson_(soccer)","medalist_name":"Albert Henderson","medal":"gold","delegation_wikidata_id":"Q1207374","delegation_link":"https://en.wikipedia.org/wiki/Canada_at_the_1904_Summer_Olympics","delegation_name":"Canada at the 1904 Summer Olympics","country_medal_wikidata_id":"Q16","country_medal":"Canada","country_medal_code2":"CA","country_medal_code3":"CAN","country_medal_ioc_country_code":"CAN","date_of_birth":"1881-08-29","place_of_birth_wikidata_id":"Q15982096","place_of_birth":"Galt","place_of_birth_located_in_wikidata_id":"Q1904","place_of_birth_located_in":"Ontario","place_of_birth_coordinates":"43.35583,-80.31056","sex_or_gender_wikidata_id":"Q6581097","sex_or_gender":"male","event_link":null,"event_name":"Football","event_part_of_wikidata_id":null,"event_part_of":null,"event_sport_wikidata_id":null,"event_sport":"Football","sport_wikidata_id":null,"sport":"Football","source_page":"https://en.wikipedia.org/wiki/List_of_1904_Summer_Olympics_medal_winners","source_kind":"layers-derived-wikipedia-wikidata"}},{"type":"Feature","id":"olympic-medals-birthplace-1904-af89089acd800cb8","geometry":{"type":"Point","coordinates":[-90.05194444444444,35.14611111111111]},"properties":{"year":1904,"medalist_wikidata_id":"Q3440864","medalist_link":"https://en.wikipedia.org/wiki/Charles_Bartliff","medalist_name":"Charles Bartliff","medal":"silver","delegation_wikidata_id":"Q1350274","delegation_link":"https://en.wikipedia.org/wiki/United_States_at_the_1904_Summer_Olympics","delegation_name":"United States at the 1904 Summer Olympics","country_medal_wikidata_id":"Q30","country_medal":"United States","country_medal_code2":"US","country_medal_code3":"USA","country_medal_ioc_country_code":"USA","date_of_birth":"1886-08-18","place_of_birth_wikidata_id":"Q16563","place_of_birth":"Memphis","place_of_birth_located_in_wikidata_id":"Q501602","place_of_birth_located_in":"Shelby County","place_of_birth_coordinates":"35.14611111111111,-90.05194444444444","sex_or_gender_wikidata_id":"Q6581097","sex_or_gender":"male","event_link":null,"event_name":"Football","event_part_of_wikidata_id":null,"event_part_of":null,"event_sport_wikidata_id":null,"event_sport":"Football","sport_wikidata_id":null,"sport":"Football","source_page":"https://en.wikipedia.org/wiki/List_of_1904_Summer_Olympics_medal_winners","source_kind":"layers-derived-wikipedia-wikidata"}},{"type":"Feature","id":"olympic-medals-birthplace-1904-3cc95a5423a5be01","geometry":{"type":"Point","coordinates":[-90.19944444444444,38.62638888888889]},"properties":{"year":1904,"medalist_wikidata_id":"Q1809185","medalist_link":"https://en.wikipedia.org/wiki/Warren_Brittingham","medalist_name":"Warren Brittingham","medal":"silver","delegation_wikidata_id":"Q1350274","delegation_link":"https://en.wikipedia.org/wiki/United_States_at_the_1904_Summer_Olympics","delegation_name":"United States at the 1904 Summer Olympics","country_medal_wikidata_id":"Q30","country_medal":"United States","country_medal_code2":"US","country_medal_code3":"USA","country_medal_ioc_country_code":"USA","date_of_birth":"1886-09-02","place_of_birth_wikidata_id":"Q38022","place_of_birth":"St. Louis","place_of_birth_located_in_wikidata_id":"Q1581","place_of_birth_located_in":"Missouri","place_of_birth_coordinates":"38.62638888888889,-90.19944444444444","sex_or_gender_wikidata_id":"Q6581097","sex_or_gender":"male","event_link":null,"event_name":"Football","event_part_of_wikidata_id":null,"event_part_of":null,"event_sport_wikidata_id":null,"event_sport":"Football","sport_wikidata_id":null,"sport":"Football","source_page":"https://en.wikipedia.org/wiki/List_of_1904_Summer_Olympics_medal_winners","source_kind":"layers-derived-wikipedia-wikidata"}},{"type":"Feature","id":"olympic-medals-birthplace-1904-729b8cc8dc659856","geometry":{"type":"Point","coordinates":[-90.19944444444444,38.62638888888889]},"properties":{"year":1904,"medalist_wikidata_id":"Q3440870","medalist_link":"https://en.wikipedia.org/wiki/Oscar_Brockmeyer","medalist_name":"Oscar Brockmeyer","medal":"silver","delegation_wikidata_id":"Q1350274","delegation_link":"https://en.wikipedia.org/wiki/United_States_at_the_1904_Summer_Olympics","delegation_name":"United States at the 1904 Summer Olympics","country_medal_wikidata_id":"Q30","country_medal":"United States","country_medal_code2":"US","country_medal_code3":"USA","country_medal_ioc_country_code":"USA","date_of_birth":"1883-11-13","place_of_birth_wikidata_id":"Q38022","place_of_birth":"St. Louis","place_of_birth_located_in_wikidata_id":"Q1581","place_of_birth_located_in":"Missouri","place_of_birth_coordinates":"38.62638888888889,-90.19944444444444","sex_or_gender_wikidata_id":"Q6581097","sex_or_gender":"male","event_link":null,"event_name":"Football","event_part_of_wikidata_id":null,"event_part_of":null,"event_sport_wikidata_id":null,"event_sport":"Football","sport_wikidata_id":null,"sport":"Football","source_page":"https://en.wikipedia.org/wiki/List_of_1904_Summer_Olympics_medal_winners","source_kind":"layers-derived-wikipedia-wikidata"}},{"type":"Feature","id":"olympic-medals-birthplace-1904-6b65e2860f8c558d","geometry":{"type":"Point","coordinates":[-98.18107,26.39672]},"properties":{"year":1904,"medalist_wikidata_id":"Q1809205","medalist_link":"https://en.wikipedia.org/wiki/Charles_January","medalist_name":"Charles January","medal":"silver","delegation_wikidata_id":"Q1350274","delegation_link":"https://en.wikipedia.org/wiki/United_States_at_the_1904_Summer_Olympics","delegation_name":"United States at the 1904 Summer Olympics","country_medal_wikidata_id":"Q30","country_medal":"United States","country_medal_code2":"US","country_medal_code3":"USA","country_medal_ioc_country_code":"USA","date_of_birth":"1888-02-01","place_of_birth_wikidata_id":"Q26519","place_of_birth":"Hidalgo County","place_of_birth_located_in_wikidata_id":"Q1439","place_of_birth_located_in":"Texas","place_of_birth_coordinates":"26.39672,-98.18107","sex_or_gender_wikidata_id":"Q6581097","sex_or_gender":"male","event_link":null,"event_name":"Football","event_part_of_wikidata_id":null,"event_part_of":null,"event_sport_wikidata_id":null,"event_sport":"Football","sport_wikidata_id":null,"sport":"Football","source_page":"https://en.wikipedia.org/wiki/List_of_1904_Summer_Olympics_medal_winners","source_kind":"layers-derived-wikipedia-wikidata"}},{"type":"Feature","id":"olympic-medals-birthplace-1904-ba3f8428d4a8e566","geometry":{"type":"Point","coordinates":[-90.19944444444444,38.62638888888889]},"properties":{"year":1904,"medalist_wikidata_id":"Q1809366","medalist_link":"https://en.wikipedia.org/wiki/John_January","medalist_name":"John January","medal":"silver","delegation_wikidata_id":"Q1350274","delegation_link":"https://en.wikipedia.org/wiki/United_States_at_the_1904_Summer_Olympics","delegation_name":"United States at the 1904 Summer Olympics","country_medal_wikidata_id":"Q30","country_medal":"United States","country_medal_code2":"US","country_medal_code3":"USA","country_medal_ioc_country_code":"USA","date_of_birth":"1882-03-06","place_of_birth_wikidata_id":"Q38022","place_of_birth":"St. Louis","place_of_birth_located_in_wikidata_id":"Q1581","place_of_birth_located_in":"Missouri","place_of_birth_coordinates":"38.62638888888889,-90.19944444444444","sex_or_gender_wikidata_id":"Q6581097","sex_or_gender":"male","event_link":null,"event_name":"Football","event_part_of_wikidata_id":null,"event_part_of":null,"event_sport_wikidata_id":null,"event_sport":"Football","sport_wikidata_id":null,"sport":"Football","source_page":"https://en.wikipedia.org/wiki/List_of_1904_Summer_Olympics_medal_winners","source_kind":"layers-derived-wikipedia-wikidata"}},{"type":"Feature","id":"olympic-medals-birthplace-1904-9817452c29dd8d04","geometry":{"type":"Point","coordinates":[-90.19944444444444,38.62638888888889]},"properties":{"year":1904,"medalist_wikidata_id":"Q1810229","medalist_link":"https://en.wikipedia.org/wiki/Thomas_January","medalist_name":"Thomas January","medal":"silver","delegation_wikidata_id":"Q1350274","delegation_link":"https://en.wikipedia.org/wiki/United_States_at_the_1904_Summer_Olympics","delegation_name":"United States at the 1904 Summer Olympics","country_medal_wikidata_id":"Q30","country_medal":"United States","country_medal_code2":"US","country_medal_code3":"USA","country_medal_ioc_country_code":"USA","date_of_birth":"1886-01-08","place_of_birth_wikidata_id":"Q38022","place_of_birth":"St. Louis","place_of_birth_located_in_wikidata_id":"Q1581","place_of_birth_located_in":"Missouri","place_of_birth_coordinates":"38.62638888888889,-90.19944444444444","sex_or_gender_wikidata_id":"Q6581097","sex_or_gender":"male","event_link":null,"event_name":"Football","event_part_of_wikidata_id":null,"event_part_of":null,"event_sport_wikidata_id":null,"event_sport":"Football","sport_wikidata_id":null,"sport":"Football","source_page":"https://en.wikipedia.org/wiki/List_of_1904_Summer_Olympics_medal_winners","source_kind":"layers-derived-wikipedia-wikidata"}},{"type":"Feature","id":"olympic-medals-birthplace-1904-8042f907206591ca","geometry":{"type":"Point","coordinates":[-90.19944444444444,38.62638888888889]},"properties":{"year":1904,"medalist_wikidata_id":"Q3440511","medalist_link":"https://en.wikipedia.org/wiki/Raymond_Lawler","medalist_name":"Raymond Lawler","medal":"silver","delegation_wikidata_id":"Q1350274","delegation_link":"https://en.wikipedia.org/wiki/United_States_at_the_1904_Summer_Olympics","delegation_name":"United States at the 1904 Summer Olympics","country_medal_wikidata_id":"Q30","country_medal":"United States","country_medal_code2":"US","country_medal_code3":"USA","country_medal_ioc_country_code":"USA","date_of_birth":"1888-02-22","place_of_birth_wikidata_id":"Q38022","place_of_birth":"St. Louis","place_of_birth_located_in_wikidata_id":"Q1581","place_of_birth_located_in":"Missouri","place_of_birth_coordinates":"38.62638888888889,-90.19944444444444","sex_or_gender_wikidata_id":"Q6581097","sex_or_gender":"male","event_link":null,"event_name":"Football","event_part_of_wikidata_id":null,"event_part_of":null,"event_sport_wikidata_id":null,"event_sport":"Football","sport_wikidata_id":null,"sport":"Football","source_page":"https://en.wikipedia.org/wiki/List_of_1904_Summer_Olympics_medal_winners","source_kind":"layers-derived-wikipedia-wikidata"}},{"type":"Feature","id":"olympic-medals-birthplace-1904-c5c9759a5fed5a9e","geometry":{"type":"Point","coordinates":[-8.95,53.9417]},"properties":{"year":1904,"medalist_wikidata_id":"Q949803","medalist_link":"https://en.wikipedia.org/wiki/Joe_Lydon_(boxer)","medalist_name":"Joe Lydon","medal":"silver","delegation_wikidata_id":"Q1350274","delegation_link":"https://en.wikipedia.org/wiki/United_States_at_the_1904_Summer_Olympics","delegation_name":"United States at the 1904 Summer Olympics","country_medal_wikidata_id":"Q30","country_medal":"United States","country_medal_code2":"US","country_medal_code3":"USA","country_medal_ioc_country_code":"USA","date_of_birth":"1878-02-02","place_of_birth_wikidata_id":"Q2038011","place_of_birth":"Swinford","place_of_birth_located_in_wikidata_id":"Q178626","place_of_birth_located_in":"County Mayo","place_of_birth_coordinates":"53.9417,-8.95","sex_or_gender_wikidata_id":"Q6581097","sex_or_gender":"male","event_link":null,"event_name":"Football","event_part_of_wikidata_id":null,"event_part_of":null,"event_sport_wikidata_id":null,"event_sport":"Football","sport_wikidata_id":null,"sport":"Football","source_page":"https://en.wikipedia.org/wiki/List_of_1904_Summer_Olympics_medal_winners","source_kind":"layers-derived-wikipedia-wikidata"}},{"type":"Feature","id":"olympic-medals-birthplace-1904-1f151af7594abc97","geometry":{"type":"Point","coordinates":[-90.1575,38.625]},"properties":{"year":1904,"medalist_wikidata_id":"Q3440857","medalist_link":"https://en.wikipedia.org/wiki/Louis_Menges","medalist_name":"Louis Menges","medal":"silver","delegation_wikidata_id":"Q1350274","delegation_link":"https://en.wikipedia.org/wiki/United_States_at_the_1904_Summer_Olympics","delegation_name":"United States at the 1904 Summer Olympics","country_medal_wikidata_id":"Q30","country_medal":"United States","country_medal_code2":"US","country_medal_code3":"USA","country_medal_ioc_country_code":"USA","date_of_birth":"1888-10-30","place_of_birth_wikidata_id":"Q577891","place_of_birth":"East St. Louis","place_of_birth_located_in_wikidata_id":"Q486507","place_of_birth_located_in":"St. Clair County","place_of_birth_coordinates":"38.625,-90.1575","sex_or_gender_wikidata_id":"Q6581097","sex_or_gender":"male","event_link":null,"event_name":"Football","event_part_of_wikidata_id":null,"event_part_of":null,"event_sport_wikidata_id":null,"event_sport":"Football","sport_wikidata_id":null,"sport":"Football","source_page":"https://en.wikipedia.org/wiki/List_of_1904_Summer_Olympics_medal_winners","source_kind":"layers-derived-wikipedia-wikidata"}},{"type":"Feature","id":"olympic-medals-birthplace-1904-d75b72e20442110e","geometry":{"type":"Point","coordinates":[-90.19944444444444,38.62638888888889]},"properties":{"year":1904,"medalist_wikidata_id":"Q1610450","medalist_link":"https://en.wikipedia.org/wiki/Peter_Ratican","medalist_name":"Peter Ratican","medal":"silver","delegation_wikidata_id":"Q1350274","delegation_link":"https://en.wikipedia.org/wiki/United_States_at_the_1904_Summer_Olympics","delegation_name":"United States at the 1904 Summer Olympics","country_medal_wikidata_id":"Q30","country_medal":"United States","country_medal_code2":"US","country_medal_code3":"USA","country_medal_ioc_country_code":"USA","date_of_birth":"1887-04-13","place_of_birth_wikidata_id":"Q38022","place_of_birth":"St. Louis","place_of_birth_located_in_wikidata_id":"Q1581","place_of_birth_located_in":"Missouri","place_of_birth_coordinates":"38.62638888888889,-90.19944444444444","sex_or_gender_wikidata_id":"Q6581097","sex_or_gender":"male","event_link":null,"event_name":"Football","event_part_of_wikidata_id":null,"event_part_of":null,"event_sport_wikidata_id":null,"event_sport":"Football","sport_wikidata_id":null,"sport":"Football","source_page":"https://en.wikipedia.org/wiki/List_of_1904_Summer_Olympics_medal_winners","source_kind":"layers-derived-wikipedia-wikidata"}},{"type":"Feature","id":"olympic-medals-birthplace-1904-ca68d6b4ec79ae8f","geometry":{"type":"Point","coordinates":[-90.19944444444444,38.62638888888889]},"properties":{"year":1904,"medalist_wikidata_id":"Q3440504","medalist_link":"https://en.wikipedia.org/wiki/George_Edwin_Cooke","medalist_name":"George Edwin Cooke","medal":"bronze","delegation_wikidata_id":"Q1350274","delegation_link":"https://en.wikipedia.org/wiki/United_States_at_the_1904_Summer_Olympics","delegation_name":"United States at the 1904 Summer Olympics","country_medal_wikidata_id":"Q30","country_medal":"United States","country_medal_code2":"US","country_medal_code3":"USA","country_medal_ioc_country_code":"USA","date_of_birth":"1883-02-17","place_of_birth_wikidata_id":"Q38022","place_of_birth":"St. Louis","place_of_birth_located_in_wikidata_id":"Q1581","place_of_birth_located_in":"Missouri","place_of_birth_coordinates":"38.62638888888889,-90.19944444444444","sex_or_gender_wikidata_id":"Q6581097","sex_or_gender":"male","event_link":null,"event_name":"Football","event_part_of_wikidata_id":null,"event_part_of":null,"event_sport_wikidata_id":null,"event_sport":"Football","sport_wikidata_id":null,"sport":"Football","source_page":"https://en.wikipedia.org/wiki/List_of_1904_Summer_Olympics_medal_winners","source_kind":"layers-derived-wikipedia-wikidata"}},{"type":"Feature","id":"olympic-medals-birthplace-1904-db7dcb10ef3de70b","geometry":{"type":"Point","coordinates":[-90.19944444444444,38.62638888888889]},"properties":{"year":1904,"medalist_wikidata_id":"Q3440850","medalist_link":"https://en.wikipedia.org/wiki/Thomas_Cooke_(soccer)","medalist_name":"Thomas Cooke","medal":"bronze","delegation_wikidata_id":"Q1350274","delegation_link":"https://en.wikipedia.org/wiki/United_States_at_the_1904_Summer_Olympics","delegation_name":"United States at the 1904 Summer Olympics","country_medal_wikidata_id":"Q30","country_medal":"United States","country_medal_code2":"US","country_medal_code3":"USA","country_medal_ioc_country_code":"USA","date_of_birth":"1885-08-22","place_of_birth_wikidata_id":"Q38022","place_of_birth":"St. Louis","place_of_birth_located_in_wikidata_id":"Q1581","place_of_birth_located_in":"Missouri","place_of_birth_coordinates":"38.62638888888889,-90.19944444444444","sex_or_gender_wikidata_id":"Q6581097","sex_or_gender":"male","event_link":null,"event_name":"Football","event_part_of_wikidata_id":null,"event_part_of":null,"event_sport_wikidata_id":null,"event_sport":"Football","sport_wikidata_id":null,"sport":"Football","source_page":"https://en.wikipedia.org/wiki/List_of_1904_Summer_Olympics_medal_winners","source_kind":"layers-derived-wikipedia-wikidata"}},{"type":"Feature","id":"olympic-medals-birthplace-1904-701c2c79e2b99857","geometry":{"type":"Point","coordinates":[-89.0908,41.3411]},"properties":{"year":1904,"medalist_wikidata_id":"Q1610948","medalist_link":"https://en.wikipedia.org/wiki/Cormic_Cosgrove","medalist_name":"Cormic Cosgrove","medal":"bronze","delegation_wikidata_id":"Q1350274","delegation_link":"https://en.wikipedia.org/wiki/United_States_at_the_1904_Summer_Olympics","delegation_name":"United States at the 1904 Summer Olympics","country_medal_wikidata_id":"Q30","country_medal":"United States","country_medal_code2":"US","country_medal_code3":"USA","country_medal_ioc_country_code":"USA","date_of_birth":"1869-02-15","place_of_birth_wikidata_id":"Q577923","place_of_birth":"LaSalle","place_of_birth_located_in_wikidata_id":"Q487003","place_of_birth_located_in":"LaSalle County","place_of_birth_coordinates":"41.3411,-89.0908","sex_or_gender_wikidata_id":"Q6581097","sex_or_gender":"male","event_link":null,"event_name":"Football","event_part_of_wikidata_id":null,"event_part_of":null,"event_sport_wikidata_id":null,"event_sport":"Football","sport_wikidata_id":null,"sport":"Football","source_page":"https://en.wikipedia.org/wiki/List_of_1904_Summer_Olympics_medal_winners","source_kind":"layers-derived-wikipedia-wikidata"}},{"type":"Feature","id":"olympic-medals-birthplace-1904-d894622ee884b467","geometry":{"type":"Point","coordinates":[-90.19944444444444,38.62638888888889]},"properties":{"year":1904,"medalist_wikidata_id":"Q5342590","medalist_link":"https://en.wikipedia.org/wiki/Edward_Dierkes","medalist_name":"Edward Dierkes","medal":"bronze","delegation_wikidata_id":"Q1350274","delegation_link":"https://en.wikipedia.org/wiki/United_States_at_the_1904_Summer_Olympics","delegation_name":"United States at the 1904 Summer Olympics","country_medal_wikidata_id":"Q30","country_medal":"United States","country_medal_code2":"US","country_medal_code3":"USA","country_medal_ioc_country_code":"USA","date_of_birth":"1886-03-14","place_of_birth_wikidata_id":"Q38022","place_of_birth":"St. Louis","place_of_birth_located_in_wikidata_id":"Q1581","place_of_birth_located_in":"Missouri","place_of_birth_coordinates":"38.62638888888889,-90.19944444444444","sex_or_gender_wikidata_id":"Q6581097","sex_or_gender":"male","event_link":null,"event_name":"Football","event_part_of_wikidata_id":null,"event_part_of":null,"event_sport_wikidata_id":null,"event_sport":"Football","sport_wikidata_id":null,"sport":"Football","source_page":"https://en.wikipedia.org/wiki/List_of_1904_Summer_Olympics_medal_winners","source_kind":"layers-derived-wikipedia-wikidata"}},{"type":"Feature","id":"olympic-medals-birthplace-1904-03091b469c7b0ec8","geometry":{"type":"Point","coordinates":[-90.15972,38.90028]},"properties":{"year":1904,"medalist_wikidata_id":"Q1809384","medalist_link":"https://en.wikipedia.org/wiki/Martin_Dooling","medalist_name":"Martin Dooling","medal":"bronze","delegation_wikidata_id":"Q1350274","delegation_link":"https://en.wikipedia.org/wiki/United_States_at_the_1904_Summer_Olympics","delegation_name":"United States at the 1904 Summer Olympics","country_medal_wikidata_id":"Q30","country_medal":"United States","country_medal_code2":"US","country_medal_code3":"USA","country_medal_ioc_country_code":"USA","date_of_birth":"1886-12-18","place_of_birth_wikidata_id":"Q443852","place_of_birth":"Alton","place_of_birth_located_in_wikidata_id":"Q486448","place_of_birth_located_in":"Madison County","place_of_birth_coordinates":"38.90028,-90.15972","sex_or_gender_wikidata_id":"Q6581097","sex_or_gender":"male","event_link":null,"event_name":"Football","event_part_of_wikidata_id":null,"event_part_of":null,"event_sport_wikidata_id":null,"event_sport":"Football","sport_wikidata_id":null,"sport":"Football","source_page":"https://en.wikipedia.org/wiki/List_of_1904_Summer_Olympics_medal_winners","source_kind":"layers-derived-wikipedia-wikidata"}},{"type":"Feature","id":"olympic-medals-birthplace-1904-d41d55e707126c90","geometry":{"type":"Point","coordinates":[-90.19944444444444,38.62638888888889]},"properties":{"year":1904,"medalist_wikidata_id":"Q3440485","medalist_link":"https://en.wikipedia.org/wiki/Claude_Jameson","medalist_name":"Claude Jameson","medal":"bronze","delegation_wikidata_id":"Q1350274","delegation_link":"https://en.wikipedia.org/wiki/United_States_at_the_1904_Summer_Olympics","delegation_name":"United States at the 1904 Summer Olympics","country_medal_wikidata_id":"Q30","country_medal":"United States","country_medal_code2":"US","country_medal_code3":"USA","country_medal_ioc_country_code":"USA","date_of_birth":"1886-01-20","place_of_birth_wikidata_id":"Q38022","place_of_birth":"St. Louis","place_of_birth_located_in_wikidata_id":"Q1581","place_of_birth_located_in":"Missouri","place_of_birth_coordinates":"38.62638888888889,-90.19944444444444","sex_or_gender_wikidata_id":"Q6581097","sex_or_gender":"male","event_link":null,"event_name":"Football","event_part_of_wikidata_id":null,"event_part_of":null,"event_sport_wikidata_id":null,"event_sport":"Football","sport_wikidata_id":null,"sport":"Football","source_page":"https://en.wikipedia.org/wiki/List_of_1904_Summer_Olympics_medal_winners","source_kind":"layers-derived-wikipedia-wikidata"}},{"type":"Feature","id":"olympic-medals-birthplace-1904-cf1a82630035891d","geometry":{"type":"Point","coordinates":[-90.19944444444444,38.62638888888889]},"properties":{"year":1904,"medalist_wikidata_id":"Q3440844","medalist_link":"https://en.wikipedia.org/wiki/Henry_Jameson","medalist_name":"Henry Jameson","medal":"bronze","delegation_wikidata_id":"Q1350274","delegation_link":"https://en.wikipedia.org/wiki/United_States_at_the_1904_Summer_Olympics","delegation_name":"United States at the 1904 Summer Olympics","country_medal_wikidata_id":"Q30","country_medal":"United States","country_medal_code2":"US","country_medal_code3":"USA","country_medal_ioc_country_code":"USA","date_of_birth":"1883-04-19","place_of_birth_wikidata_id":"Q38022","place_of_birth":"St. Louis","place_of_birth_located_in_wikidata_id":"Q1581","place_of_birth_located_in":"Missouri","place_of_birth_coordinates":"38.62638888888889,-90.19944444444444","sex_or_gender_wikidata_id":"Q6581097","sex_or_gender":"male","event_link":null,"event_name":"Football","event_part_of_wikidata_id":null,"event_part_of":null,"event_sport_wikidata_id":null,"event_sport":"Football","sport_wikidata_id":null,"sport":"Football","source_page":"https://en.wikipedia.org/wiki/List_of_1904_Summer_Olympics_medal_winners","source_kind":"layers-derived-wikipedia-wikidata"}},{"type":"Feature","id":"olympic-medals-birthplace-1904-6778258cb45bc9ed","geometry":{"type":"Point","coordinates":[-90.19944444444444,38.62638888888889]},"properties":{"year":1904,"medalist_wikidata_id":"Q6524107","medalist_link":"https://en.wikipedia.org/wiki/Leo_O'Connell","medalist_name":"Leo O'Connell","medal":"bronze","delegation_wikidata_id":"Q1350274","delegation_link":"https://en.wikipedia.org/wiki/United_States_at_the_1904_Summer_Olympics","delegation_name":"United States at the 1904 Summer Olympics","country_medal_wikidata_id":"Q30","country_medal":"United States","country_medal_code2":"US","country_medal_code3":"USA","country_medal_ioc_country_code":"USA","date_of_birth":"1883-08-31","place_of_birth_wikidata_id":"Q38022","place_of_birth":"St. Louis","place_of_birth_located_in_wikidata_id":"Q1581","place_of_birth_located_in":"Missouri","place_of_birth_coordinates":"38.62638888888889,-90.19944444444444","sex_or_gender_wikidata_id":"Q6581097","sex_or_gender":"male","event_link":null,"event_name":"Football","event_part_of_wikidata_id":null,"event_part_of":null,"event_sport_wikidata_id":null,"event_sport":"Football","sport_wikidata_id":null,"sport":"Football","source_page":"https://en.wikipedia.org/wiki/List_of_1904_Summer_Olympics_medal_winners","source_kind":"layers-derived-wikipedia-wikidata"}},{"type":"Feature","id":"olympic-medals-birthplace-1904-9bd1f0d8abc9a795","geometry":{"type":"Point","coordinates":[-90.19944444444444,38.62638888888889]},"properties":{"year":1904,"medalist_wikidata_id":"Q3440498","medalist_link":"https://en.wikipedia.org/wiki/Harry_Tate_(footballer)","medalist_name":"Harry Tate","medal":"bronze","delegation_wikidata_id":"Q1350274","delegation_link":"https://en.wikipedia.org/wiki/United_States_at_the_1904_Summer_Olympics","delegation_name":"United States at the 1904 Summer Olympics","country_medal_wikidata_id":"Q30","country_medal":"United States","country_medal_code2":"US","country_medal_code3":"USA","country_medal_ioc_country_code":"USA","date_of_birth":"1886-07-31","place_of_birth_wikidata_id":"Q38022","place_of_birth":"St. Louis","place_of_birth_located_in_wikidata_id":"Q1581","place_of_birth_located_in":"Missouri","place_of_birth_coordinates":"38.62638888888889,-90.19944444444444","sex_or_gender_wikidata_id":"Q6581097","sex_or_gender":"male","event_link":null,"event_name":"Football","event_part_of_wikidata_id":null,"event_part_of":null,"event_sport_wikidata_id":null,"event_sport":"Football","sport_wikidata_id":null,"sport":"Football","source_page":"https://en.wikipedia.org/wiki/List_of_1904_Summer_Olympics_medal_winners","source_kind":"layers-derived-wikipedia-wikidata"}},{"type":"Feature","id":"olympic-medals-birthplace-1904-82fd357800608e2e","geometry":{"type":"Point","coordinates":[-79.43722222222222,43.87138888888889]},"properties":{"year":1904,"medalist_wikidata_id":"Q1507810","medalist_link":"https://en.wikipedia.org/wiki/George_Lyon_(golfer)","medalist_name":"George Lyon","medal":"gold","delegation_wikidata_id":"Q1207374","delegation_link":"https://en.wikipedia.org/wiki/Canada_at_the_1904_Summer_Olympics","delegation_name":"Canada at the 1904 Summer Olympics","country_medal_wikidata_id":"Q16","country_medal":"Canada","country_medal_code2":"CA","country_medal_code3":"CAN","country_medal_ioc_country_code":"CAN","date_of_birth":"1858-07-27","place_of_birth_wikidata_id":"Q52998","place_of_birth":"Richmond Hill","place_of_birth_located_in_wikidata_id":"Q18458","place_of_birth_located_in":"Regional Municipality of York","place_of_birth_coordinates":"43.87138888888889,-79.43722222222222","sex_or_gender_wikidata_id":"Q6581097","sex_or_gender":"male","event_wikidata_id":"Q860085","event_link":"https://en.wikipedia.org/wiki/Golf_at_the_1904_Summer_Olympics_–_Men's_individual","event_name":"golf at the 1904 Summer Olympics – men's individual","event_part_of_wikidata_id":"Q898827","event_part_of":"golf at the 1904 Summer Olympics","event_sport_wikidata_id":"Q5377","event_sport":"golf","sport_wikidata_id":"Q5377","sport":"golf","source_page":"https://en.wikipedia.org/wiki/List_of_1904_Summer_Olympics_medal_winners","source_kind":"layers-derived-wikipedia-wikidata"}},{"type":"Feature","id":"olympic-medals-birthplace-1904-1e6438e2b38e7c34","geometry":{"type":"Point","coordinates":[-87.62777777777778,41.88194444444444]},"properties":{"year":1904,"medalist_wikidata_id":"Q2638533","medalist_link":"https://en.wikipedia.org/wiki/Chandler_Egan","medalist_name":"Chandler Egan","medal":"silver","delegation_wikidata_id":"Q1350274","delegation_link":"https://en.wikipedia.org/wiki/United_States_at_the_1904_Summer_Olympics","delegation_name":"United States at the 1904 Summer Olympics","country_medal_wikidata_id":"Q30","country_medal":"United States","country_medal_code2":"US","country_medal_code3":"USA","country_medal_ioc_country_code":"USA","date_of_birth":"1884-08-21","place_of_birth_wikidata_id":"Q1297","place_of_birth":"Chicago","place_of_birth_located_in_wikidata_id":"Q108418","place_of_birth_located_in":"Cook County","place_of_birth_coordinates":"41.88194444444444,-87.62777777777778","sex_or_gender_wikidata_id":"Q6581097","sex_or_gender":"male","event_wikidata_id":"Q860085","event_link":"https://en.wikipedia.org/wiki/Golf_at_the_1904_Summer_Olympics_–_Men's_individual","event_name":"golf at the 1904 Summer Olympics – men's individual","event_part_of_wikidata_id":"Q898827","event_part_of":"golf at the 1904 Summer Olympics","event_sport_wikidata_id":"Q5377","event_sport":"golf","sport_wikidata_id":"Q5377","sport":"golf","source_page":"https://en.wikipedia.org/wiki/List_of_1904_Summer_Olympics_medal_winners","source_kind":"layers-derived-wikipedia-wikidata"}},{"type":"Feature","id":"olympic-medals-birthplace-1904-2a11dbee74676183","geometry":{"type":"Point","coordinates":[-94.7119,38.1764]},"properties":{"year":1904,"medalist_wikidata_id":"Q2444599","medalist_link":"https://en.wikipedia.org/wiki/Burt_McKinnie","medalist_name":"Burt McKinnie","medal":"bronze","delegation_wikidata_id":"Q1350274","delegation_link":"https://en.wikipedia.org/wiki/United_States_at_the_1904_Summer_Olympics","delegation_name":"United States at the 1904 Summer Olympics","country_medal_wikidata_id":"Q30","country_medal":"United States","country_medal_code2":"US","country_medal_code3":"USA","country_medal_ioc_country_code":"USA","date_of_birth":"1879-01-17","place_of_birth_wikidata_id":"Q2666651","place_of_birth":"Pleasanton","place_of_birth_located_in_wikidata_id":"Q376053","place_of_birth_located_in":"Linn County","place_of_birth_coordinates":"38.1764,-94.7119","sex_or_gender_wikidata_id":"Q6581097","sex_or_gender":"male","event_wikidata_id":"Q860085","event_link":"https://en.wikipedia.org/wiki/Golf_at_the_1904_Summer_Olympics_–_Men's_individual","event_name":"golf at the 1904 Summer Olympics – men's individual","event_part_of_wikidata_id":"Q898827","event_part_of":"golf at the 1904 Summer Olympics","event_sport_wikidata_id":"Q5377","event_sport":"golf","sport_wikidata_id":"Q5377","sport":"golf","source_page":"https://en.wikipedia.org/wiki/List_of_1904_Summer_Olympics_medal_winners","source_kind":"layers-derived-wikipedia-wikidata"}},{"type":"Feature","id":"olympic-medals-birthplace-1904-918818f767c765b3","geometry":{"type":"Point","coordinates":[-77.036666666667,38.895]},"properties":{"year":1904,"medalist_wikidata_id":"Q2444576","medalist_link":"https://en.wikipedia.org/wiki/Francis_Newton_(golfer)","medalist_name":"Francis Newton","medal":"bronze","delegation_wikidata_id":"Q1350274","delegation_link":"https://en.wikipedia.org/wiki/United_States_at_the_1904_Summer_Olympics","delegation_name":"United States at the 1904 Summer Olympics","country_medal_wikidata_id":"Q30","country_medal":"United States","country_medal_code2":"US","country_medal_code3":"USA","country_medal_ioc_country_code":"USA","date_of_birth":"1874-01-03","place_of_birth_wikidata_id":"Q61","place_of_birth":"Washington, D.C.","place_of_birth_located_in_wikidata_id":"Q3551781","place_of_birth_located_in":"District of Columbia","place_of_birth_coordinates":"38.895,-77.036666666667","sex_or_gender_wikidata_id":"Q6581097","sex_or_gender":"male","event_wikidata_id":"Q860085","event_link":"https://en.wikipedia.org/wiki/Golf_at_the_1904_Summer_Olympics_–_Men's_individual","event_name":"golf at the 1904 Summer Olympics – men's individual","event_part_of_wikidata_id":"Q898827","event_part_of":"golf at the 1904 Summer Olympics","event_sport_wikidata_id":"Q5377","event_sport":"golf","sport_wikidata_id":"Q5377","sport":"golf","source_page":"https://en.wikipedia.org/wiki/List_of_1904_Summer_Olympics_medal_winners","source_kind":"layers-derived-wikipedia-wikidata"}},{"type":"Feature","id":"olympic-medals-birthplace-1904-29c07ac22ce88a21","geometry":{"type":"Point","coordinates":[-87.62777777777778,41.88194444444444]},"properties":{"year":1904,"medalist_wikidata_id":"Q2444536","medalist_link":"https://en.wikipedia.org/wiki/Edward_Cummins","medalist_name":"Edward Cummins","medal":"gold","delegation_wikidata_id":"Q1350274","delegation_link":"https://en.wikipedia.org/wiki/United_States_at_the_1904_Summer_Olympics","delegation_name":"United States at the 1904 Summer Olympics","country_medal_wikidata_id":"Q30","country_medal":"United States","country_medal_code2":"US","country_medal_code3":"USA","country_medal_ioc_country_code":"USA","date_of_birth":"1886-07-25","place_of_birth_wikidata_id":"Q1297","place_of_birth":"Chicago","place_of_birth_located_in_wikidata_id":"Q108418","place_of_birth_located_in":"Cook County","place_of_birth_coordinates":"41.88194444444444,-87.62777777777778","sex_or_gender_wikidata_id":"Q6581097","sex_or_gender":"male","event_wikidata_id":"Q4142798","event_link":"https://en.wikipedia.org/wiki/Golf_at_the_1904_Summer_Olympics_–_Men's_team","event_name":"golf at the 1904 Summer Olympics – men's team","event_part_of_wikidata_id":"Q898827","event_part_of":"golf at the 1904 Summer Olympics","event_sport_wikidata_id":"Q5377","event_sport":"golf","sport_wikidata_id":"Q5377","sport":"golf","source_page":"https://en.wikipedia.org/wiki/List_of_1904_Summer_Olympics_medal_winners","source_kind":"layers-derived-wikipedia-wikidata"}},{"type":"Feature","id":"olympic-medals-birthplace-1904-519e3017ef60d3d2","geometry":{"type":"Point","coordinates":[-87.62777777777778,41.88194444444444]},"properties":{"year":1904,"medalist_wikidata_id":"Q2444591","medalist_link":"https://en.wikipedia.org/wiki/Kenneth_Edwards_(golfer)","medalist_name":"Kenneth Edwards","medal":"gold","delegation_wikidata_id":"Q1350274","delegation_link":"https://en.wikipedia.org/wiki/United_States_at_the_1904_Summer_Olympics","delegation_name":"United States at the 1904 Summer Olympics","country_medal_wikidata_id":"Q30","country_medal":"United States","country_medal_code2":"US","country_medal_code3":"USA","country_medal_ioc_country_code":"USA","date_of_birth":"1886-03-09","place_of_birth_wikidata_id":"Q1297","place_of_birth":"Chicago","place_of_birth_located_in_wikidata_id":"Q108418","place_of_birth_located_in":"Cook County","place_of_birth_coordinates":"41.88194444444444,-87.62777777777778","sex_or_gender_wikidata_id":"Q6581097","sex_or_gender":"male","event_wikidata_id":"Q4142798","event_link":"https://en.wikipedia.org/wiki/Golf_at_the_1904_Summer_Olympics_–_Men's_team","event_name":"golf at the 1904 Summer Olympics – men's team","event_part_of_wikidata_id":"Q898827","event_part_of":"golf at the 1904 Summer Olympics","event_sport_wikidata_id":"Q5377","event_sport":"golf","sport_wikidata_id":"Q5377","sport":"golf","source_page":"https://en.wikipedia.org/wiki/List_of_1904_Summer_Olympics_medal_winners","source_kind":"layers-derived-wikipedia-wikidata"}},{"type":"Feature","id":"olympic-medals-birthplace-1904-d632a64039f40776","geometry":{"type":"Point","coordinates":[-87.62777777777778,41.88194444444444]},"properties":{"year":1904,"medalist_wikidata_id":"Q2638533","medalist_link":"https://en.wikipedia.org/wiki/Chandler_Egan","medalist_name":"Chandler Egan","medal":"gold","delegation_wikidata_id":"Q1350274","delegation_link":"https://en.wikipedia.org/wiki/United_States_at_the_1904_Summer_Olympics","delegation_name":"United States at the 1904 Summer Olympics","country_medal_wikidata_id":"Q30","country_medal":"United States","country_medal_code2":"US","country_medal_code3":"USA","country_medal_ioc_country_code":"USA","date_of_birth":"1884-08-21","place_of_birth_wikidata_id":"Q1297","place_of_birth":"Chicago","place_of_birth_located_in_wikidata_id":"Q108418","place_of_birth_located_in":"Cook County","place_of_birth_coordinates":"41.88194444444444,-87.62777777777778","sex_or_gender_wikidata_id":"Q6581097","sex_or_gender":"male","event_wikidata_id":"Q4142798","event_link":"https://en.wikipedia.org/wiki/Golf_at_the_1904_Summer_Olympics_–_Men's_team","event_name":"golf at the 1904 Summer Olympics – men's team","event_part_of_wikidata_id":"Q898827","event_part_of":"golf at the 1904 Summer Olympics","event_sport_wikidata_id":"Q5377","event_sport":"golf","sport_wikidata_id":"Q5377","sport":"golf","source_page":"https://en.wikipedia.org/wiki/List_of_1904_Summer_Olympics_medal_winners","source_kind":"layers-derived-wikipedia-wikidata"}},{"type":"Feature","id":"olympic-medals-birthplace-1904-64171d4bed25f5e3","geometry":{"type":"Point","coordinates":[-87.62777777777778,41.88194444444444]},"properties":{"year":1904,"medalist_wikidata_id":"Q1803758","medalist_link":"https://en.wikipedia.org/wiki/Walter_Egan_(golfer)","medalist_name":"Walter Egan","medal":"gold","delegation_wikidata_id":"Q1350274","delegation_link":"https://en.wikipedia.org/wiki/United_States_at_the_1904_Summer_Olympics","delegation_name":"United States at the 1904 Summer Olympics","country_medal_wikidata_id":"Q30","country_medal":"United States","country_medal_code2":"US","country_medal_code3":"USA","country_medal_ioc_country_code":"USA","date_of_birth":"1881-06-02","place_of_birth_wikidata_id":"Q1297","place_of_birth":"Chicago","place_of_birth_located_in_wikidata_id":"Q108418","place_of_birth_located_in":"Cook County","place_of_birth_coordinates":"41.88194444444444,-87.62777777777778","sex_or_gender_wikidata_id":"Q6581097","sex_or_gender":"male","event_wikidata_id":"Q4142798","event_link":"https://en.wikipedia.org/wiki/Golf_at_the_1904_Summer_Olympics_–_Men's_team","event_name":"golf at the 1904 Summer Olympics – men's team","event_part_of_wikidata_id":"Q898827","event_part_of":"golf at the 1904 Summer Olympics","event_sport_wikidata_id":"Q5377","event_sport":"golf","sport_wikidata_id":"Q5377","sport":"golf","source_page":"https://en.wikipedia.org/wiki/List_of_1904_Summer_Olympics_medal_winners","source_kind":"layers-derived-wikipedia-wikidata"}},{"type":"Feature","id":"olympic-medals-birthplace-1904-039599986338488d","geometry":{"type":"Point","coordinates":[-87.62777777777778,41.88194444444444]},"properties":{"year":1904,"medalist_wikidata_id":"Q2445408","medalist_link":"https://en.wikipedia.org/wiki/Robert_Hunter_(golfer)","medalist_name":"Robert Hunter","medal":"gold","delegation_wikidata_id":"Q1350274","delegation_link":"https://en.wikipedia.org/wiki/United_States_at_the_1904_Summer_Olympics","delegation_name":"United States at the 1904 Summer Olympics","country_medal_wikidata_id":"Q30","country_medal":"United States","country_medal_code2":"US","country_medal_code3":"USA","country_medal_ioc_country_code":"USA","date_of_birth":"1886-11-20","place_of_birth_wikidata_id":"Q1297","place_of_birth":"Chicago","place_of_birth_located_in_wikidata_id":"Q108418","place_of_birth_located_in":"Cook County","place_of_birth_coordinates":"41.88194444444444,-87.62777777777778","sex_or_gender_wikidata_id":"Q6581097","sex_or_gender":"male","event_wikidata_id":"Q4142798","event_link":"https://en.wikipedia.org/wiki/Golf_at_the_1904_Summer_Olympics_–_Men's_team","event_name":"golf at the 1904 Summer Olympics – men's team","event_part_of_wikidata_id":"Q898827","event_part_of":"golf at the 1904 Summer Olympics","event_sport_wikidata_id":"Q5377","event_sport":"golf","sport_wikidata_id":"Q5377","sport":"golf","source_page":"https://en.wikipedia.org/wiki/List_of_1904_Summer_Olympics_medal_winners","source_kind":"layers-derived-wikipedia-wikidata"}},{"type":"Feature","id":"olympic-medals-birthplace-1904-fb0671675f5e9fdb","geometry":{"type":"Point","coordinates":[-87.62777777777778,41.88194444444444]},"properties":{"year":1904,"medalist_wikidata_id":"Q2445676","medalist_link":"https://en.wikipedia.org/wiki/Nathaniel_Moore_(golfer)","medalist_name":"Nathaniel Moore","medal":"gold","delegation_wikidata_id":"Q1350274","delegation_link":"https://en.wikipedia.org/wiki/United_States_at_the_1904_Summer_Olympics","delegation_name":"United States at the 1904 Summer Olympics","country_medal_wikidata_id":"Q30","country_medal":"United States","country_medal_code2":"US","country_medal_code3":"USA","country_medal_ioc_country_code":"USA","date_of_birth":"1884-01-25","place_of_birth_wikidata_id":"Q1297","place_of_birth":"Chicago","place_of_birth_located_in_wikidata_id":"Q108418","place_of_birth_located_in":"Cook County","place_of_birth_coordinates":"41.88194444444444,-87.62777777777778","sex_or_gender_wikidata_id":"Q6581097","sex_or_gender":"male","event_wikidata_id":"Q4142798","event_link":"https://en.wikipedia.org/wiki/Golf_at_the_1904_Summer_Olympics_–_Men's_team","event_name":"golf at the 1904 Summer Olympics – men's team","event_part_of_wikidata_id":"Q898827","event_part_of":"golf at the 1904 Summer Olympics","event_sport_wikidata_id":"Q5377","event_sport":"golf","sport_wikidata_id":"Q5377","sport":"golf","source_page":"https://en.wikipedia.org/wiki/List_of_1904_Summer_Olympics_medal_winners","source_kind":"layers-derived-wikipedia-wikidata"}},{"type":"Feature","id":"olympic-medals-birthplace-1904-afbcc72a03457ab8","geometry":{"type":"Point","coordinates":[-87.62777777777778,41.88194444444444]},"properties":{"year":1904,"medalist_wikidata_id":"Q1803763","medalist_link":"https://en.wikipedia.org/wiki/Mason_Phelps","medalist_name":"Mason Phelps","medal":"gold","delegation_wikidata_id":"Q1350274","delegation_link":"https://en.wikipedia.org/wiki/United_States_at_the_1904_Summer_Olympics","delegation_name":"United States at the 1904 Summer Olympics","country_medal_wikidata_id":"Q30","country_medal":"United States","country_medal_code2":"US","country_medal_code3":"USA","country_medal_ioc_country_code":"USA","date_of_birth":"1885-12-07","place_of_birth_wikidata_id":"Q1297","place_of_birth":"Chicago","place_of_birth_located_in_wikidata_id":"Q108418","place_of_birth_located_in":"Cook County","place_of_birth_coordinates":"41.88194444444444,-87.62777777777778","sex_or_gender_wikidata_id":"Q6581097","sex_or_gender":"male","event_wikidata_id":"Q4142798","event_link":"https://en.wikipedia.org/wiki/Golf_at_the_1904_Summer_Olympics_–_Men's_team","event_name":"golf at the 1904 Summer Olympics – men's team","event_part_of_wikidata_id":"Q898827","event_part_of":"golf at the 1904 Summer Olympics","event_sport_wikidata_id":"Q5377","event_sport":"golf","sport_wikidata_id":"Q5377","sport":"golf","source_page":"https://en.wikipedia.org/wiki/List_of_1904_Summer_Olympics_medal_winners","source_kind":"layers-derived-wikipedia-wikidata"}},{"type":"Feature","id":"olympic-medals-birthplace-1904-5260fb47fa8149e9","geometry":{"type":"Point","coordinates":[-92.646388888889,44.201388888889]},"properties":{"year":1904,"medalist_wikidata_id":"Q2444528","medalist_link":"https://en.wikipedia.org/wiki/Daniel_Sawyer","medalist_name":"Daniel Sawyer","medal":"gold","delegation_wikidata_id":"Q1350274","delegation_link":"https://en.wikipedia.org/wiki/United_States_at_the_1904_Summer_Olympics","delegation_name":"United States at the 1904 Summer Olympics","country_medal_wikidata_id":"Q30","country_medal":"United States","country_medal_code2":"US","country_medal_code3":"USA","country_medal_ioc_country_code":"USA","date_of_birth":"1882-06-20","place_of_birth_wikidata_id":"Q2229465","place_of_birth":"Pine Island","place_of_birth_located_in_wikidata_id":"Q486243","place_of_birth_located_in":"Goodhue County","place_of_birth_coordinates":"44.201388888889,-92.646388888889","sex_or_gender_wikidata_id":"Q6581097","sex_or_gender":"male","event_wikidata_id":"Q4142798","event_link":"https://en.wikipedia.org/wiki/Golf_at_the_1904_Summer_Olympics_–_Men's_team","event_name":"golf at the 1904 Summer Olympics – men's team","event_part_of_wikidata_id":"Q898827","event_part_of":"golf at the 1904 Summer Olympics","event_sport_wikidata_id":"Q5377","event_sport":"golf","sport_wikidata_id":"Q5377","sport":"golf","source_page":"https://en.wikipedia.org/wiki/List_of_1904_Summer_Olympics_medal_winners","source_kind":"layers-derived-wikipedia-wikidata"}},{"type":"Feature","id":"olympic-medals-birthplace-1904-c7b0aa29f6a80126","geometry":{"type":"Point","coordinates":[-87.806944444444,42.1825]},"properties":{"year":1904,"medalist_wikidata_id":"Q2444568","medalist_link":"https://en.wikipedia.org/wiki/Clement_Smoot","medalist_name":"Clement Smoot","medal":"gold","delegation_wikidata_id":"Q1350274","delegation_link":"https://en.wikipedia.org/wiki/United_States_at_the_1904_Summer_Olympics","delegation_name":"United States at the 1904 Summer Olympics","country_medal_wikidata_id":"Q30","country_medal":"United States","country_medal_code2":"US","country_medal_code3":"USA","country_medal_ioc_country_code":"USA","date_of_birth":"1884-04-07","place_of_birth_wikidata_id":"Q576671","place_of_birth":"Highland Park","place_of_birth_located_in_wikidata_id":"Q484263","place_of_birth_located_in":"Lake County","place_of_birth_coordinates":"42.1825,-87.806944444444","sex_or_gender_wikidata_id":"Q6581097","sex_or_gender":"male","event_wikidata_id":"Q4142798","event_link":"https://en.wikipedia.org/wiki/Golf_at_the_1904_Summer_Olympics_–_Men's_team","event_name":"golf at the 1904 Summer Olympics – men's team","event_part_of_wikidata_id":"Q898827","event_part_of":"golf at the 1904 Summer Olympics","event_sport_wikidata_id":"Q5377","event_sport":"golf","sport_wikidata_id":"Q5377","sport":"golf","source_page":"https://en.wikipedia.org/wiki/List_of_1904_Summer_Olympics_medal_winners","source_kind":"layers-derived-wikipedia-wikidata"}},{"type":"Feature","id":"olympic-medals-birthplace-1904-6e5a0d457ad7553e","geometry":{"type":"Point","coordinates":[-87.62777777777778,41.88194444444444]},"properties":{"year":1904,"medalist_wikidata_id":"Q1832636","medalist_link":"https://en.wikipedia.org/wiki/Warren_Wood","medalist_name":"Warren Wood","medal":"gold","delegation_wikidata_id":"Q1350274","delegation_link":"https://en.wikipedia.org/wiki/United_States_at_the_1904_Summer_Olympics","delegation_name":"United States at the 1904 Summer Olympics","country_medal_wikidata_id":"Q30","country_medal":"United States","country_medal_code2":"US","country_medal_code3":"USA","country_medal_ioc_country_code":"USA","date_of_birth":"1887-04-27","place_of_birth_wikidata_id":"Q1297","place_of_birth":"Chicago","place_of_birth_located_in_wikidata_id":"Q108418","place_of_birth_located_in":"Cook County","place_of_birth_coordinates":"41.88194444444444,-87.62777777777778","sex_or_gender_wikidata_id":"Q6581097","sex_or_gender":"male","event_wikidata_id":"Q4142798","event_link":"https://en.wikipedia.org/wiki/Golf_at_the_1904_Summer_Olympics_–_Men's_team","event_name":"golf at the 1904 Summer Olympics – men's team","event_part_of_wikidata_id":"Q898827","event_part_of":"golf at the 1904 Summer Olympics","event_sport_wikidata_id":"Q5377","event_sport":"golf","sport_wikidata_id":"Q5377","sport":"golf","source_page":"https://en.wikipedia.org/wiki/List_of_1904_Summer_Olympics_medal_winners","source_kind":"layers-derived-wikipedia-wikidata"}},{"type":"Feature","id":"olympic-medals-birthplace-1904-7dd0565829c091b0","geometry":{"type":"Point","coordinates":[-89.25027777777778,40.000277777777775]},"properties":{"year":1904,"medalist_wikidata_id":"Q1810222","medalist_link":"https://en.wikipedia.org/wiki/John_Cady_(golfer)","medalist_name":"John Cady","medal":"silver","delegation_wikidata_id":"Q1350274","delegation_link":"https://en.wikipedia.org/wiki/United_States_at_the_1904_Summer_Olympics","delegation_name":"United States at the 1904 Summer Olympics","country_medal_wikidata_id":"Q30","country_medal":"United States","country_medal_code2":"US","country_medal_code3":"USA","country_medal_ioc_country_code":"USA","date_of_birth":"1866-01-26","place_of_birth_wikidata_id":"Q1204","place_of_birth":"Illinois","place_of_birth_located_in_wikidata_id":"Q30","place_of_birth_located_in":"United States","place_of_birth_coordinates":"40.000277777777775,-89.25027777777778","sex_or_gender_wikidata_id":"Q6581097","sex_or_gender":"male","event_wikidata_id":"Q4142798","event_link":"https://en.wikipedia.org/wiki/Golf_at_the_1904_Summer_Olympics_–_Men's_team","event_name":"golf at the 1904 Summer Olympics – men's team","event_part_of_wikidata_id":"Q898827","event_part_of":"golf at the 1904 Summer Olympics","event_sport_wikidata_id":"Q5377","event_sport":"golf","sport_wikidata_id":"Q5377","sport":"golf","source_page":"https://en.wikipedia.org/wiki/List_of_1904_Summer_Olympics_medal_winners","source_kind":"layers-derived-wikipedia-wikidata"}},{"type":"Feature","id":"olympic-medals-birthplace-1904-da5af881ee615cd7","geometry":{"type":"Point","coordinates":[-90.19944444444444,38.62638888888889]},"properties":{"year":1904,"medalist_wikidata_id":"Q1809858","medalist_link":"https://en.wikipedia.org/wiki/Albert_Bond_Lambert","medalist_name":"Albert Bond Lambert","medal":"silver","delegation_wikidata_id":"Q1350274","delegation_link":"https://en.wikipedia.org/wiki/United_States_at_the_1904_Summer_Olympics","delegation_name":"United States at the 1904 Summer Olympics","country_medal_wikidata_id":"Q30","country_medal":"United States","country_medal_code2":"US","country_medal_code3":"USA","country_medal_ioc_country_code":"USA","date_of_birth":"1875-12-06","place_of_birth_wikidata_id":"Q38022","place_of_birth":"St. Louis","place_of_birth_located_in_wikidata_id":"Q1581","place_of_birth_located_in":"Missouri","place_of_birth_coordinates":"38.62638888888889,-90.19944444444444","sex_or_gender_wikidata_id":"Q6581097","sex_or_gender":"male","event_wikidata_id":"Q4142798","event_link":"https://en.wikipedia.org/wiki/Golf_at_the_1904_Summer_Olympics_–_Men's_team","event_name":"golf at the 1904 Summer Olympics – men's team","event_part_of_wikidata_id":"Q898827","event_part_of":"golf at the 1904 Summer Olympics","event_sport_wikidata_id":"Q5377","event_sport":"golf","sport_wikidata_id":"Q5377","sport":"golf","source_page":"https://en.wikipedia.org/wiki/List_of_1904_Summer_Olympics_medal_winners","source_kind":"layers-derived-wikipedia-wikidata"}},{"type":"Feature","id":"olympic-medals-birthplace-1904-4a8133c0d1e043be","geometry":{"type":"Point","coordinates":[-90.9389,40.7856]},"properties":{"year":1904,"medalist_wikidata_id":"Q2445959","medalist_link":"https://en.wikipedia.org/wiki/John_Maxwell_(golfer)","medalist_name":"John Maxwell","medal":"silver","delegation_wikidata_id":"Q1350274","delegation_link":"https://en.wikipedia.org/wiki/United_States_at_the_1904_Summer_Olympics","delegation_name":"United States at the 1904 Summer Olympics","country_medal_wikidata_id":"Q30","country_medal":"United States","country_medal_code2":"US","country_medal_code3":"USA","country_medal_ioc_country_code":"USA","date_of_birth":"1871-07-16","place_of_birth_wikidata_id":"Q7086344","place_of_birth":"Olena","place_of_birth_located_in_wikidata_id":"Q486444","place_of_birth_located_in":"Henderson County","place_of_birth_coordinates":"40.7856,-90.9389","sex_or_gender_wikidata_id":"Q6581097","sex_or_gender":"male","event_wikidata_id":"Q4142798","event_link":"https://en.wikipedia.org/wiki/Golf_at_the_1904_Summer_Olympics_–_Men's_team","event_name":"golf at the 1904 Summer Olympics – men's team","event_part_of_wikidata_id":"Q898827","event_part_of":"golf at the 1904 Summer Olympics","event_sport_wikidata_id":"Q5377","event_sport":"golf","sport_wikidata_id":"Q5377","sport":"golf","source_page":"https://en.wikipedia.org/wiki/List_of_1904_Summer_Olympics_medal_winners","source_kind":"layers-derived-wikipedia-wikidata"}},{"type":"Feature","id":"olympic-medals-birthplace-1904-e59e79bf11b0e7e5","geometry":{"type":"Point","coordinates":[-94.7119,38.1764]},"properties":{"year":1904,"medalist_wikidata_id":"Q2444599","medalist_link":"https://en.wikipedia.org/wiki/Burt_McKinnie","medalist_name":"Burt McKinnie","medal":"silver","delegation_wikidata_id":"Q1350274","delegation_link":"https://en.wikipedia.org/wiki/United_States_at_the_1904_Summer_Olympics","delegation_name":"United States at the 1904 Summer Olympics","country_medal_wikidata_id":"Q30","country_medal":"United States","country_medal_code2":"US","country_medal_code3":"USA","country_medal_ioc_country_code":"USA","date_of_birth":"1879-01-17","place_of_birth_wikidata_id":"Q2666651","place_of_birth":"Pleasanton","place_of_birth_located_in_wikidata_id":"Q376053","place_of_birth_located_in":"Linn County","place_of_birth_coordinates":"38.1764,-94.7119","sex_or_gender_wikidata_id":"Q6581097","sex_or_gender":"male","event_wikidata_id":"Q4142798","event_link":"https://en.wikipedia.org/wiki/Golf_at_the_1904_Summer_Olympics_–_Men's_team","event_name":"golf at the 1904 Summer Olympics – men's team","event_part_of_wikidata_id":"Q898827","event_part_of":"golf at the 1904 Summer Olympics","event_sport_wikidata_id":"Q5377","event_sport":"golf","sport_wikidata_id":"Q5377","sport":"golf","source_page":"https://en.wikipedia.org/wiki/List_of_1904_Summer_Olympics_medal_winners","source_kind":"layers-derived-wikipedia-wikidata"}},{"type":"Feature","id":"olympic-medals-birthplace-1904-91fbe5f8e88a0960","geometry":{"type":"Point","coordinates":[-90.19944444444444,38.62638888888889]},"properties":{"year":1904,"medalist_wikidata_id":"Q54541","medalist_link":"https://en.wikipedia.org/wiki/Ralph_McKittrick","medalist_name":"Ralph McKittrick","medal":"silver","delegation_wikidata_id":"Q1350274","delegation_link":"https://en.wikipedia.org/wiki/United_States_at_the_1904_Summer_Olympics","delegation_name":"United States at the 1904 Summer Olympics","country_medal_wikidata_id":"Q30","country_medal":"United States","country_medal_code2":"US","country_medal_code3":"USA","country_medal_ioc_country_code":"USA","date_of_birth":"1877-08-17","place_of_birth_wikidata_id":"Q38022","place_of_birth":"St. Louis","place_of_birth_located_in_wikidata_id":"Q1581","place_of_birth_located_in":"Missouri","place_of_birth_coordinates":"38.62638888888889,-90.19944444444444","sex_or_gender_wikidata_id":"Q6581097","sex_or_gender":"male","event_wikidata_id":"Q4142798","event_link":"https://en.wikipedia.org/wiki/Golf_at_the_1904_Summer_Olympics_–_Men's_team","event_name":"golf at the 1904 Summer Olympics – men's team","event_part_of_wikidata_id":"Q898827","event_part_of":"golf at the 1904 Summer Olympics","event_sport_wikidata_id":"Q5377","event_sport":"golf","sport_wikidata_id":"Q5377","sport":"golf","source_page":"https://en.wikipedia.org/wiki/List_of_1904_Summer_Olympics_medal_winners","source_kind":"layers-derived-wikipedia-wikidata"}},{"type":"Feature","id":"olympic-medals-birthplace-1904-e0e3110594ea013b","geometry":{"type":"Point","coordinates":[-77.036666666667,38.895]},"properties":{"year":1904,"medalist_wikidata_id":"Q2444576","medalist_link":"https://en.wikipedia.org/wiki/Francis_Newton_(golfer)","medalist_name":"Francis Newton","medal":"silver","delegation_wikidata_id":"Q1350274","delegation_link":"https://en.wikipedia.org/wiki/United_States_at_the_1904_Summer_Olympics","delegation_name":"United States at the 1904 Summer Olympics","country_medal_wikidata_id":"Q30","country_medal":"United States","country_medal_code2":"US","country_medal_code3":"USA","country_medal_ioc_country_code":"USA","date_of_birth":"1874-01-03","place_of_birth_wikidata_id":"Q61","place_of_birth":"Washington, D.C.","place_of_birth_located_in_wikidata_id":"Q3551781","place_of_birth_located_in":"District of Columbia","place_of_birth_coordinates":"38.895,-77.036666666667","sex_or_gender_wikidata_id":"Q6581097","sex_or_gender":"male","event_wikidata_id":"Q4142798","event_link":"https://en.wikipedia.org/wiki/Golf_at_the_1904_Summer_Olympics_–_Men's_team","event_name":"golf at the 1904 Summer Olympics – men's team","event_part_of_wikidata_id":"Q898827","event_part_of":"golf at the 1904 Summer Olympics","event_sport_wikidata_id":"Q5377","event_sport":"golf","sport_wikidata_id":"Q5377","sport":"golf","source_page":"https://en.wikipedia.org/wiki/List_of_1904_Summer_Olympics_medal_winners","source_kind":"layers-derived-wikipedia-wikidata"}},{"type":"Feature","id":"olympic-medals-birthplace-1904-f47f92f1fba5cfed","geometry":{"type":"Point","coordinates":[-90.19944444444444,38.62638888888889]},"properties":{"year":1904,"medalist_wikidata_id":"Q1809924","medalist_link":"https://en.wikipedia.org/wiki/Henry_Potter_(golfer)","medalist_name":"Henry Potter","medal":"silver","delegation_wikidata_id":"Q1350274","delegation_link":"https://en.wikipedia.org/wiki/United_States_at_the_1904_Summer_Olympics","delegation_name":"United States at the 1904 Summer Olympics","country_medal_wikidata_id":"Q30","country_medal":"United States","country_medal_code2":"US","country_medal_code3":"USA","country_medal_ioc_country_code":"USA","date_of_birth":"1881-10-04","place_of_birth_wikidata_id":"Q38022","place_of_birth":"St. Louis","place_of_birth_located_in_wikidata_id":"Q1581","place_of_birth_located_in":"Missouri","place_of_birth_coordinates":"38.62638888888889,-90.19944444444444","sex_or_gender_wikidata_id":"Q6581097","sex_or_gender":"male","event_wikidata_id":"Q4142798","event_link":"https://en.wikipedia.org/wiki/Golf_at_the_1904_Summer_Olympics_–_Men's_team","event_name":"golf at the 1904 Summer Olympics – men's team","event_part_of_wikidata_id":"Q898827","event_part_of":"golf at the 1904 Summer Olympics","event_sport_wikidata_id":"Q5377","event_sport":"golf","sport_wikidata_id":"Q5377","sport":"golf","source_page":"https://en.wikipedia.org/wiki/List_of_1904_Summer_Olympics_medal_winners","source_kind":"layers-derived-wikipedia-wikidata"}},{"type":"Feature","id":"olympic-medals-birthplace-1904-1cc5ec46b46678d9","geometry":{"type":"Point","coordinates":[-90.19944444444444,38.62638888888889]},"properties":{"year":1904,"medalist_wikidata_id":"Q1809846","medalist_link":"https://en.wikipedia.org/wiki/Frederick_Semple","medalist_name":"Frederick Semple","medal":"silver","delegation_wikidata_id":"Q1350274","delegation_link":"https://en.wikipedia.org/wiki/United_States_at_the_1904_Summer_Olympics","delegation_name":"United States at the 1904 Summer Olympics","country_medal_wikidata_id":"Q30","country_medal":"United States","country_medal_code2":"US","country_medal_code3":"USA","country_medal_ioc_country_code":"USA","date_of_birth":"1872-12-24","place_of_birth_wikidata_id":"Q38022","place_of_birth":"St. Louis","place_of_birth_located_in_wikidata_id":"Q1581","place_of_birth_located_in":"Missouri","place_of_birth_coordinates":"38.62638888888889,-90.19944444444444","sex_or_gender_wikidata_id":"Q6581097","sex_or_gender":"male","event_wikidata_id":"Q4142798","event_link":"https://en.wikipedia.org/wiki/Golf_at_the_1904_Summer_Olympics_–_Men's_team","event_name":"golf at the 1904 Summer Olympics – men's team","event_part_of_wikidata_id":"Q898827","event_part_of":"golf at the 1904 Summer Olympics","event_sport_wikidata_id":"Q5377","event_sport":"golf","sport_wikidata_id":"Q5377","sport":"golf","source_page":"https://en.wikipedia.org/wiki/List_of_1904_Summer_Olympics_medal_winners","source_kind":"layers-derived-wikipedia-wikidata"}},{"type":"Feature","id":"olympic-medals-birthplace-1904-51be327bb913d4d7","geometry":{"type":"Point","coordinates":[-90.19944444444444,38.62638888888889]},"properties":{"year":1904,"medalist_wikidata_id":"Q2444517","medalist_link":"https://en.wikipedia.org/wiki/Stuart_Stickney","medalist_name":"Stuart Stickney","medal":"silver","delegation_wikidata_id":"Q1350274","delegation_link":"https://en.wikipedia.org/wiki/United_States_at_the_1904_Summer_Olympics","delegation_name":"United States at the 1904 Summer Olympics","country_medal_wikidata_id":"Q30","country_medal":"United States","country_medal_code2":"US","country_medal_code3":"USA","country_medal_ioc_country_code":"USA","date_of_birth":"1877-03-09","place_of_birth_wikidata_id":"Q38022","place_of_birth":"St. Louis","place_of_birth_located_in_wikidata_id":"Q1581","place_of_birth_located_in":"Missouri","place_of_birth_coordinates":"38.62638888888889,-90.19944444444444","sex_or_gender_wikidata_id":"Q6581097","sex_or_gender":"male","event_wikidata_id":"Q4142798","event_link":"https://en.wikipedia.org/wiki/Golf_at_the_1904_Summer_Olympics_–_Men's_team","event_name":"golf at the 1904 Summer Olympics – men's team","event_part_of_wikidata_id":"Q898827","event_part_of":"golf at the 1904 Summer Olympics","event_sport_wikidata_id":"Q5377","event_sport":"golf","sport_wikidata_id":"Q5377","sport":"golf","source_page":"https://en.wikipedia.org/wiki/List_of_1904_Summer_Olympics_medal_winners","source_kind":"layers-derived-wikipedia-wikidata"}},{"type":"Feature","id":"olympic-medals-birthplace-1904-26c7647fe1c650a9","geometry":{"type":"Point","coordinates":[-90.19944444444444,38.62638888888889]},"properties":{"year":1904,"medalist_wikidata_id":"Q2444408","medalist_link":"https://en.wikipedia.org/wiki/William_Stickney_(golfer)","medalist_name":"William Stickney","medal":"silver","delegation_wikidata_id":"Q1350274","delegation_link":"https://en.wikipedia.org/wiki/United_States_at_the_1904_Summer_Olympics","delegation_name":"United States at the 1904 Summer Olympics","country_medal_wikidata_id":"Q30","country_medal":"United States","country_medal_code2":"US","country_medal_code3":"USA","country_medal_ioc_country_code":"USA","date_of_birth":"1879-05-25","place_of_birth_wikidata_id":"Q38022","place_of_birth":"St. Louis","place_of_birth_located_in_wikidata_id":"Q1581","place_of_birth_located_in":"Missouri","place_of_birth_coordinates":"38.62638888888889,-90.19944444444444","sex_or_gender_wikidata_id":"Q6581097","sex_or_gender":"male","event_wikidata_id":"Q4142798","event_link":"https://en.wikipedia.org/wiki/Golf_at_the_1904_Summer_Olympics_–_Men's_team","event_name":"golf at the 1904 Summer Olympics – men's team","event_part_of_wikidata_id":"Q898827","event_part_of":"golf at the 1904 Summer Olympics","event_sport_wikidata_id":"Q5377","event_sport":"golf","sport_wikidata_id":"Q5377","sport":"golf","source_page":"https://en.wikipedia.org/wiki/List_of_1904_Summer_Olympics_medal_winners","source_kind":"layers-derived-wikipedia-wikidata"}},{"type":"Feature","id":"olympic-medals-birthplace-1904-0b9a4da335689872","geometry":{"type":"Point","coordinates":[-89.25027777777778,40.000277777777775]},"properties":{"year":1904,"medalist_wikidata_id":"Q2445620","medalist_link":"https://en.wikipedia.org/wiki/Douglass_Cadwallader","medalist_name":"Douglass Cadwallader","medal":"bronze","delegation_wikidata_id":"Q1350274","delegation_link":"https://en.wikipedia.org/wiki/United_States_at_the_1904_Summer_Olympics","delegation_name":"United States at the 1904 Summer Olympics","country_medal_wikidata_id":"Q30","country_medal":"United States","country_medal_code2":"US","country_medal_code3":"USA","country_medal_ioc_country_code":"USA","date_of_birth":"1884-01-29","place_of_birth_wikidata_id":"Q1204","place_of_birth":"Illinois","place_of_birth_located_in_wikidata_id":"Q30","place_of_birth_located_in":"United States","place_of_birth_coordinates":"40.000277777777775,-89.25027777777778","sex_or_gender_wikidata_id":"Q6581097","sex_or_gender":"male","event_wikidata_id":"Q4142798","event_link":"https://en.wikipedia.org/wiki/Golf_at_the_1904_Summer_Olympics_–_Men's_team","event_name":"golf at the 1904 Summer Olympics – men's team","event_part_of_wikidata_id":"Q898827","event_part_of":"golf at the 1904 Summer Olympics","event_sport_wikidata_id":"Q5377","event_sport":"golf","sport_wikidata_id":"Q5377","sport":"golf","source_page":"https://en.wikipedia.org/wiki/List_of_1904_Summer_Olympics_medal_winners","source_kind":"layers-derived-wikipedia-wikidata"}},{"type":"Feature","id":"olympic-medals-birthplace-1904-77a8f92d79271e23","geometry":{"type":"Point","coordinates":[-78.7625,39.65277777777778]},"properties":{"year":1904,"medalist_wikidata_id":"Q2445421","medalist_link":"https://en.wikipedia.org/wiki/Jesse_Carleton","medalist_name":"Jesse Carleton","medal":"bronze","delegation_wikidata_id":"Q1350274","delegation_link":"https://en.wikipedia.org/wiki/United_States_at_the_1904_Summer_Olympics","delegation_name":"United States at the 1904 Summer Olympics","country_medal_wikidata_id":"Q30","country_medal":"United States","country_medal_code2":"US","country_medal_code3":"USA","country_medal_ioc_country_code":"USA","date_of_birth":"1862-08-20","place_of_birth_wikidata_id":"Q754868","place_of_birth":"Cumberland","place_of_birth_located_in_wikidata_id":"Q156257","place_of_birth_located_in":"Allegany County","place_of_birth_coordinates":"39.65277777777778,-78.7625","sex_or_gender_wikidata_id":"Q6581097","sex_or_gender":"male","event_wikidata_id":"Q4142798","event_link":"https://en.wikipedia.org/wiki/Golf_at_the_1904_Summer_Olympics_–_Men's_team","event_name":"golf at the 1904 Summer Olympics – men's team","event_part_of_wikidata_id":"Q898827","event_part_of":"golf at the 1904 Summer Olympics","event_sport_wikidata_id":"Q5377","event_sport":"golf","sport_wikidata_id":"Q5377","sport":"golf","source_page":"https://en.wikipedia.org/wiki/List_of_1904_Summer_Olympics_medal_winners","source_kind":"layers-derived-wikipedia-wikidata"}},{"type":"Feature","id":"olympic-medals-birthplace-1904-b0fe5fe783b11f4a","geometry":{"type":"Point","coordinates":[-80.746666666667,43.130555555556]},"properties":{"year":1904,"medalist_wikidata_id":"Q2444510","medalist_link":"https://en.wikipedia.org/wiki/Harold_Fraser_(golfer)","medalist_name":"Harold Fraser","medal":"bronze","delegation_wikidata_id":"Q1350274","delegation_link":"https://en.wikipedia.org/wiki/United_States_at_the_1904_Summer_Olympics","delegation_name":"United States at the 1904 Summer Olympics","country_medal_wikidata_id":"Q30","country_medal":"United States","country_medal_code2":"US","country_medal_code3":"USA","country_medal_ioc_country_code":"USA","date_of_birth":"1872-10-26","place_of_birth_wikidata_id":"Q1642364","place_of_birth":"Woodstock","place_of_birth_located_in_wikidata_id":"Q382652","place_of_birth_located_in":"Oxford County","place_of_birth_coordinates":"43.130555555556,-80.746666666667","sex_or_gender_wikidata_id":"Q6581097","sex_or_gender":"male","event_wikidata_id":"Q4142798","event_link":"https://en.wikipedia.org/wiki/Golf_at_the_1904_Summer_Olympics_–_Men's_team","event_name":"golf at the 1904 Summer Olympics – men's team","event_part_of_wikidata_id":"Q898827","event_part_of":"golf at the 1904 Summer Olympics","event_sport_wikidata_id":"Q5377","event_sport":"golf","sport_wikidata_id":"Q5377","sport":"golf","source_page":"https://en.wikipedia.org/wiki/List_of_1904_Summer_Olympics_medal_winners","source_kind":"layers-derived-wikipedia-wikidata"}},{"type":"Feature","id":"olympic-medals-birthplace-1904-31c950ba934c3683","geometry":{"type":"Point","coordinates":[-83.53777777777778,41.65277777777778]},"properties":{"year":1904,"medalist_wikidata_id":"Q2445584","medalist_link":"https://en.wikipedia.org/wiki/Arthur_Hussey","medalist_name":"Arthur Hussey","medal":"bronze","delegation_wikidata_id":"Q1350274","delegation_link":"https://en.wikipedia.org/wiki/United_States_at_the_1904_Summer_Olympics","delegation_name":"United States at the 1904 Summer Olympics","country_medal_wikidata_id":"Q30","country_medal":"United States","country_medal_code2":"US","country_medal_code3":"USA","country_medal_ioc_country_code":"USA","date_of_birth":"1882-03-05","place_of_birth_wikidata_id":"Q49239","place_of_birth":"Toledo","place_of_birth_located_in_wikidata_id":"Q112107","place_of_birth_located_in":"Lucas County","place_of_birth_coordinates":"41.65277777777778,-83.53777777777778","sex_or_gender_wikidata_id":"Q6581097","sex_or_gender":"male","event_wikidata_id":"Q4142798","event_link":"https://en.wikipedia.org/wiki/Golf_at_the_1904_Summer_Olympics_–_Men's_team","event_name":"golf at the 1904 Summer Olympics – men's team","event_part_of_wikidata_id":"Q898827","event_part_of":"golf at the 1904 Summer Olympics","event_sport_wikidata_id":"Q5377","event_sport":"golf","sport_wikidata_id":"Q5377","sport":"golf","source_page":"https://en.wikipedia.org/wiki/List_of_1904_Summer_Olympics_medal_winners","source_kind":"layers-derived-wikipedia-wikidata"}},{"type":"Feature","id":"olympic-medals-birthplace-1904-fb5e7ba83a477e2f","geometry":{"type":"Point","coordinates":[-82.6397,39.0508]},"properties":{"year":1904,"medalist_wikidata_id":"Q2445649","medalist_link":"https://en.wikipedia.org/wiki/Orus_Jones","medalist_name":"Orus Jones","medal":"bronze","delegation_wikidata_id":"Q1350274","delegation_link":"https://en.wikipedia.org/wiki/United_States_at_the_1904_Summer_Olympics","delegation_name":"United States at the 1904 Summer Olympics","country_medal_wikidata_id":"Q30","country_medal":"United States","country_medal_code2":"US","country_medal_code3":"USA","country_medal_ioc_country_code":"USA","date_of_birth":"1867-03-08","place_of_birth_wikidata_id":"Q1903275","place_of_birth":"Jackson","place_of_birth_located_in_wikidata_id":"Q738043","place_of_birth_located_in":"Jackson County","place_of_birth_coordinates":"39.0508,-82.6397","sex_or_gender_wikidata_id":"Q6581097","sex_or_gender":"male","event_wikidata_id":"Q4142798","event_link":"https://en.wikipedia.org/wiki/Golf_at_the_1904_Summer_Olympics_–_Men's_team","event_name":"golf at the 1904 Summer Olympics – men's team","event_part_of_wikidata_id":"Q898827","event_part_of":"golf at the 1904 Summer Olympics","event_sport_wikidata_id":"Q5377","event_sport":"golf","sport_wikidata_id":"Q5377","sport":"golf","source_page":"https://en.wikipedia.org/wiki/List_of_1904_Summer_Olympics_medal_winners","source_kind":"layers-derived-wikipedia-wikidata"}},{"type":"Feature","id":"olympic-medals-birthplace-1904-8497a27b90ca0feb","geometry":{"type":"Point","coordinates":[-84.458611111111,38.049722222222]},"properties":{"year":1904,"medalist_wikidata_id":"Q2638697","medalist_link":"https://en.wikipedia.org/wiki/Allen_Lard","medalist_name":"Allen Lard","medal":"bronze","delegation_wikidata_id":"Q1350274","delegation_link":"https://en.wikipedia.org/wiki/United_States_at_the_1904_Summer_Olympics","delegation_name":"United States at the 1904 Summer Olympics","country_medal_wikidata_id":"Q30","country_medal":"United States","country_medal_code2":"US","country_medal_code3":"USA","country_medal_ioc_country_code":"USA","date_of_birth":"1866-08-06","place_of_birth_wikidata_id":"Q49241","place_of_birth":"Lexington","place_of_birth_located_in_wikidata_id":"Q491931","place_of_birth_located_in":"Fayette County","place_of_birth_coordinates":"38.049722222222,-84.458611111111","sex_or_gender_wikidata_id":"Q6581097","sex_or_gender":"male","event_wikidata_id":"Q4142798","event_link":"https://en.wikipedia.org/wiki/Golf_at_the_1904_Summer_Olympics_–_Men's_team","event_name":"golf at the 1904 Summer Olympics – men's team","event_part_of_wikidata_id":"Q898827","event_part_of":"golf at the 1904 Summer Olympics","event_sport_wikidata_id":"Q5377","event_sport":"golf","sport_wikidata_id":"Q5377","sport":"golf","source_page":"https://en.wikipedia.org/wiki/List_of_1904_Summer_Olympics_medal_winners","source_kind":"layers-derived-wikipedia-wikidata"}},{"type":"Feature","id":"olympic-medals-birthplace-1904-00b8cae9e9b6a0ab","geometry":{"type":"Point","coordinates":[-82.45861111111111,27.9475]},"properties":{"year":1904,"medalist_wikidata_id":"Q765500","medalist_link":"https://en.wikipedia.org/wiki/George_Oliver_(golfer)","medalist_name":"George Oliver","medal":"bronze","delegation_wikidata_id":"Q1350274","delegation_link":"https://en.wikipedia.org/wiki/United_States_at_the_1904_Summer_Olympics","delegation_name":"United States at the 1904 Summer Olympics","country_medal_wikidata_id":"Q30","country_medal":"United States","country_medal_code2":"US","country_medal_code3":"USA","country_medal_ioc_country_code":"USA","date_of_birth":"1883-01-18","place_of_birth_wikidata_id":"Q49255","place_of_birth":"Tampa","place_of_birth_located_in_wikidata_id":"Q488874","place_of_birth_located_in":"Hillsborough County","place_of_birth_coordinates":"27.9475,-82.45861111111111","sex_or_gender_wikidata_id":"Q6581097","sex_or_gender":"male","event_wikidata_id":"Q4142798","event_link":"https://en.wikipedia.org/wiki/Golf_at_the_1904_Summer_Olympics_–_Men's_team","event_name":"golf at the 1904 Summer Olympics – men's team","event_part_of_wikidata_id":"Q898827","event_part_of":"golf at the 1904 Summer Olympics","event_sport_wikidata_id":"Q5377","event_sport":"golf","sport_wikidata_id":"Q5377","sport":"golf","source_page":"https://en.wikipedia.org/wiki/List_of_1904_Summer_Olympics_medal_winners","source_kind":"layers-derived-wikipedia-wikidata"}},{"type":"Feature","id":"olympic-medals-birthplace-1904-cf58ce4ae2c26017","geometry":{"type":"Point","coordinates":[-90.19944444444444,38.62638888888889]},"properties":{"year":1904,"medalist_wikidata_id":"Q2444623","medalist_link":"https://en.wikipedia.org/wiki/Simeon_Price","medalist_name":"Simeon Price","medal":"bronze","delegation_wikidata_id":"Q1350274","delegation_link":"https://en.wikipedia.org/wiki/United_States_at_the_1904_Summer_Olympics","delegation_name":"United States at the 1904 Summer Olympics","country_medal_wikidata_id":"Q30","country_medal":"United States","country_medal_code2":"US","country_medal_code3":"USA","country_medal_ioc_country_code":"USA","date_of_birth":"1882-05-16","place_of_birth_wikidata_id":"Q38022","place_of_birth":"St. Louis","place_of_birth_located_in_wikidata_id":"Q1581","place_of_birth_located_in":"Missouri","place_of_birth_coordinates":"38.62638888888889,-90.19944444444444","sex_or_gender_wikidata_id":"Q6581097","sex_or_gender":"male","event_wikidata_id":"Q4142798","event_link":"https://en.wikipedia.org/wiki/Golf_at_the_1904_Summer_Olympics_–_Men's_team","event_name":"golf at the 1904 Summer Olympics – men's team","event_part_of_wikidata_id":"Q898827","event_part_of":"golf at the 1904 Summer Olympics","event_sport_wikidata_id":"Q5377","event_sport":"golf","sport_wikidata_id":"Q5377","sport":"golf","source_page":"https://en.wikipedia.org/wiki/List_of_1904_Summer_Olympics_medal_winners","source_kind":"layers-derived-wikipedia-wikidata"}},{"type":"Feature","id":"olympic-medals-birthplace-1904-20b55186d8b420e7","geometry":{"type":"Point","coordinates":[-77.43666666666667,37.54083333333333]},"properties":{"year":1904,"medalist_wikidata_id":"Q2445594","medalist_link":"https://en.wikipedia.org/wiki/John_Rahm","medalist_name":"John Rahm","medal":"bronze","delegation_wikidata_id":"Q1350274","delegation_link":"https://en.wikipedia.org/wiki/United_States_at_the_1904_Summer_Olympics","delegation_name":"United States at the 1904 Summer Olympics","country_medal_wikidata_id":"Q30","country_medal":"United States","country_medal_code2":"US","country_medal_code3":"USA","country_medal_ioc_country_code":"USA","date_of_birth":"1854-01-08","place_of_birth_wikidata_id":"Q43421","place_of_birth":"Richmond","place_of_birth_located_in_wikidata_id":"Q1370","place_of_birth_located_in":"Virginia","place_of_birth_coordinates":"37.54083333333333,-77.43666666666667","sex_or_gender_wikidata_id":"Q6581097","sex_or_gender":"male","event_wikidata_id":"Q4142798","event_link":"https://en.wikipedia.org/wiki/Golf_at_the_1904_Summer_Olympics_–_Men's_team","event_name":"golf at the 1904 Summer Olympics – men's team","event_part_of_wikidata_id":"Q898827","event_part_of":"golf at the 1904 Summer Olympics","event_sport_wikidata_id":"Q5377","event_sport":"golf","sport_wikidata_id":"Q5377","sport":"golf","source_page":"https://en.wikipedia.org/wiki/List_of_1904_Summer_Olympics_medal_winners","source_kind":"layers-derived-wikipedia-wikidata"}},{"type":"Feature","id":"olympic-medals-birthplace-1904-267cc15156859531","geometry":{"type":"Point","coordinates":[-83.53777777777778,41.65277777777778]},"properties":{"year":1904,"medalist_wikidata_id":"Q2444545","medalist_link":"https://en.wikipedia.org/wiki/Harold_Weber","medalist_name":"Harold Weber","medal":"bronze","delegation_wikidata_id":"Q1350274","delegation_link":"https://en.wikipedia.org/wiki/United_States_at_the_1904_Summer_Olympics","delegation_name":"United States at the 1904 Summer Olympics","country_medal_wikidata_id":"Q30","country_medal":"United States","country_medal_code2":"US","country_medal_code3":"USA","country_medal_ioc_country_code":"USA","date_of_birth":"1882-03-20","place_of_birth_wikidata_id":"Q49239","place_of_birth":"Toledo","place_of_birth_located_in_wikidata_id":"Q112107","place_of_birth_located_in":"Lucas County","place_of_birth_coordinates":"41.65277777777778,-83.53777777777778","sex_or_gender_wikidata_id":"Q6581097","sex_or_gender":"male","event_wikidata_id":"Q4142798","event_link":"https://en.wikipedia.org/wiki/Golf_at_the_1904_Summer_Olympics_–_Men's_team","event_name":"golf at the 1904 Summer Olympics – men's team","event_part_of_wikidata_id":"Q898827","event_part_of":"golf at the 1904 Summer Olympics","event_sport_wikidata_id":"Q5377","event_sport":"golf","sport_wikidata_id":"Q5377","sport":"golf","source_page":"https://en.wikipedia.org/wiki/List_of_1904_Summer_Olympics_medal_winners","source_kind":"layers-derived-wikipedia-wikidata"}},{"type":"Feature","id":"olympic-medals-birthplace-1904-b9a5a94d24d5f80d","geometry":{"type":"Point","coordinates":[16.3725,48.208333333333336]},"properties":{"year":1904,"medalist_wikidata_id":"Q78942","medalist_link":"https://en.wikipedia.org/wiki/Julius_Lenhart","medalist_name":"Julius Lenhart","medal":"gold","delegation_wikidata_id":"Q141919","delegation_link":"https://en.wikipedia.org/wiki/Austria_at_the_1904_Summer_Olympics","delegation_name":"Austria at the 1904 Summer Olympics","country_medal_wikidata_id":"Q28513","country_medal":"Austria–Hungary","country_medal_code2":null,"country_medal_code3":null,"country_medal_ioc_country_code":null,"date_of_birth":"1875-11-27","place_of_birth_wikidata_id":"Q1741","place_of_birth":"Vienna","place_of_birth_located_in_wikidata_id":"Q40","place_of_birth_located_in":"Austria","place_of_birth_coordinates":"48.208333333333336,16.3725","sex_or_gender_wikidata_id":"Q6581097","sex_or_gender":"male","event_wikidata_id":"Q1046525","event_link":"https://en.wikipedia.org/wiki/Gymnastics_at_the_1904_Summer_Olympics_–_Men's_all-around","event_name":"gymnastics at the 1904 Summer Olympics – men's artistic individual all-around","event_part_of_wikidata_id":"Q532793","event_part_of":"gymnastics at the 1904 Summer Olympics","event_sport_wikidata_id":"Q43450","event_sport":"gymnastics","sport_wikidata_id":"Q43450","sport":"gymnastics","source_page":"https://en.wikipedia.org/wiki/List_of_1904_Summer_Olympics_medal_winners","source_kind":"layers-derived-wikipedia-wikidata"}},{"type":"Feature","id":"olympic-medals-birthplace-1904-7a37b85aa960ff4c","geometry":{"type":"Point","coordinates":[13.383333333333,52.516666666667]},"properties":{"year":1904,"medalist_wikidata_id":"Q1803445","medalist_link":"https://en.wikipedia.org/wiki/Wilhelm_Weber_(gymnast)","medalist_name":"Wilhelm Weber","medal":"silver","delegation_wikidata_id":"Q143137","delegation_link":"https://en.wikipedia.org/wiki/Germany_at_the_1904_Summer_Olympics","delegation_name":"Germany at the 1904 Summer Olympics","country_medal_wikidata_id":"Q1206012","country_medal":"German Reich","country_medal_code2":null,"country_medal_code3":null,"country_medal_ioc_country_code":null,"date_of_birth":"1880-01-01","place_of_birth_wikidata_id":"Q64","place_of_birth":"Berlin","place_of_birth_located_in_wikidata_id":"Q148499","place_of_birth_located_in":"Margraviate of Brandenburg","place_of_birth_coordinates":"52.516666666667,13.383333333333","sex_or_gender_wikidata_id":"Q6581097","sex_or_gender":"male","event_wikidata_id":"Q1046525","event_link":"https://en.wikipedia.org/wiki/Gymnastics_at_the_1904_Summer_Olympics_–_Men's_all-around","event_name":"gymnastics at the 1904 Summer Olympics – men's artistic individual all-around","event_part_of_wikidata_id":"Q532793","event_part_of":"gymnastics at the 1904 Summer Olympics","event_sport_wikidata_id":"Q43450","event_sport":"gymnastics","sport_wikidata_id":"Q43450","sport":"gymnastics","source_page":"https://en.wikipedia.org/wiki/List_of_1904_Summer_Olympics_medal_winners","source_kind":"layers-derived-wikipedia-wikidata"}},{"type":"Feature","id":"olympic-medals-birthplace-1904-6862d8b3680554ac","geometry":{"type":"Point","coordinates":[7.735,47.483888888889]},"properties":{"year":1904,"medalist_wikidata_id":"Q364287","medalist_link":"https://en.wikipedia.org/wiki/Adolf_Spinnler","medalist_name":"Adolf Spinnler","medal":"bronze","delegation_wikidata_id":"Q142403","delegation_link":"https://en.wikipedia.org/wiki/Switzerland_at_the_1904_Summer_Olympics","delegation_name":"Switzerland at the 1904 Summer Olympics","country_medal_wikidata_id":"Q39","country_medal":"Switzerland","country_medal_code2":"CH","country_medal_code3":"CHE","country_medal_ioc_country_code":"SUI","date_of_birth":"1879-07-18","place_of_birth_wikidata_id":"Q68972","place_of_birth":"Liestal","place_of_birth_located_in_wikidata_id":"Q659800","place_of_birth_located_in":"Liestal District","place_of_birth_coordinates":"47.483888888889,7.735","sex_or_gender_wikidata_id":"Q6581097","sex_or_gender":"male","event_wikidata_id":"Q1046525","event_link":"https://en.wikipedia.org/wiki/Gymnastics_at_the_1904_Summer_Olympics_–_Men's_all-around","event_name":"gymnastics at the 1904 Summer Olympics – men's artistic individual all-around","event_part_of_wikidata_id":"Q532793","event_part_of":"gymnastics at the 1904 Summer Olympics","event_sport_wikidata_id":"Q43450","event_sport":"gymnastics","sport_wikidata_id":"Q43450","sport":"gymnastics","source_page":"https://en.wikipedia.org/wiki/List_of_1904_Summer_Olympics_medal_winners","source_kind":"layers-derived-wikipedia-wikidata"}},{"type":"Feature","id":"olympic-medals-birthplace-1904-0154141db547f3e9","geometry":{"type":"Point","coordinates":[14.421388888888888,50.0875]},"properties":{"year":1904,"medalist_wikidata_id":"Q180207","medalist_link":"https://en.wikipedia.org/wiki/Anton_Heida","medalist_name":"Anton Heida","medal":"gold","delegation_wikidata_id":"Q1350274","delegation_link":"https://en.wikipedia.org/wiki/United_States_at_the_1904_Summer_Olympics","delegation_name":"United States at the 1904 Summer Olympics","country_medal_wikidata_id":"Q30","country_medal":"United States","country_medal_code2":"US","country_medal_code3":"USA","country_medal_ioc_country_code":"USA","date_of_birth":"1878-01-01","place_of_birth_wikidata_id":"Q1085","place_of_birth":"Prague","place_of_birth_located_in_wikidata_id":"Q2162698","place_of_birth_located_in":"Duchy of Bohemia","place_of_birth_coordinates":"50.0875,14.421388888888888","sex_or_gender_wikidata_id":"Q6581097","sex_or_gender":"male","event_wikidata_id":"Q1046731","event_link":"https://en.wikipedia.org/wiki/Gymnastics_at_the_1904_Summer_Olympics_–_Men's_combined","event_name":"gymnastics at the 1904 Summer Olympics – men's combined","event_part_of_wikidata_id":"Q532793","event_part_of":"gymnastics at the 1904 Summer Olympics","event_sport_wikidata_id":"Q43450","event_sport":"gymnastics","sport_wikidata_id":"Q43450","sport":"gymnastics","source_page":"https://en.wikipedia.org/wiki/List_of_1904_Summer_Olympics_medal_winners","source_kind":"layers-derived-wikipedia-wikidata"}},{"type":"Feature","id":"olympic-medals-birthplace-1904-9c51609ab947abc2","geometry":{"type":"Point","coordinates":[10.139444444444,54.323333333333]},"properties":{"year":1904,"medalist_wikidata_id":"Q556883","medalist_link":"https://en.wikipedia.org/wiki/George_Eyser","medalist_name":"George Eyser","medal":"silver","delegation_wikidata_id":"Q1350274","delegation_link":"https://en.wikipedia.org/wiki/United_States_at_the_1904_Summer_Olympics","delegation_name":"United States at the 1904 Summer Olympics","country_medal_wikidata_id":"Q30","country_medal":"United States","country_medal_code2":"US","country_medal_code3":"USA","country_medal_ioc_country_code":"USA","date_of_birth":"1870-08-31","place_of_birth_wikidata_id":"Q1707","place_of_birth":"Kiel","place_of_birth_located_in_wikidata_id":"Q1194","place_of_birth_located_in":"Schleswig-Holstein","place_of_birth_coordinates":"54.323333333333,10.139444444444","sex_or_gender_wikidata_id":"Q6581097","sex_or_gender":"male","event_wikidata_id":"Q1046731","event_link":"https://en.wikipedia.org/wiki/Gymnastics_at_the_1904_Summer_Olympics_–_Men's_combined","event_name":"gymnastics at the 1904 Summer Olympics – men's combined","event_part_of_wikidata_id":"Q532793","event_part_of":"gymnastics at the 1904 Summer Olympics","event_sport_wikidata_id":"Q43450","event_sport":"gymnastics","sport_wikidata_id":"Q43450","sport":"gymnastics","source_page":"https://en.wikipedia.org/wiki/List_of_1904_Summer_Olympics_medal_winners","source_kind":"layers-derived-wikipedia-wikidata"}},{"type":"Feature","id":"olympic-medals-birthplace-1904-5ac79a860f59d069","geometry":{"type":"Point","coordinates":[-89.9997593,38.2095923]},"properties":{"year":1904,"medalist_wikidata_id":"Q2638690","medalist_link":"https://en.wikipedia.org/wiki/William_Merz","medalist_name":"William Merz","medal":"bronze","delegation_wikidata_id":"Q1350274","delegation_link":"https://en.wikipedia.org/wiki/United_States_at_the_1904_Summer_Olympics","delegation_name":"United States at the 1904 Summer Olympics","country_medal_wikidata_id":"Q30","country_medal":"United States","country_medal_code2":"US","country_medal_code3":"USA","country_medal_ioc_country_code":"USA","date_of_birth":"1878-04-25","place_of_birth_wikidata_id":"Q574895","place_of_birth":"Red Bud","place_of_birth_located_in_wikidata_id":"Q486499","place_of_birth_located_in":"Randolph County","place_of_birth_coordinates":"38.2095923,-89.9997593","sex_or_gender_wikidata_id":"Q6581097","sex_or_gender":"male","event_wikidata_id":"Q1046731","event_link":"https://en.wikipedia.org/wiki/Gymnastics_at_the_1904_Summer_Olympics_–_Men's_combined","event_name":"gymnastics at the 1904 Summer Olympics – men's combined","event_part_of_wikidata_id":"Q532793","event_part_of":"gymnastics at the 1904 Summer Olympics","event_sport_wikidata_id":"Q43450","event_sport":"gymnastics","sport_wikidata_id":"Q43450","sport":"gymnastics","source_page":"https://en.wikipedia.org/wiki/List_of_1904_Summer_Olympics_medal_winners","source_kind":"layers-derived-wikipedia-wikidata"}},{"type":"Feature","id":"olympic-medals-birthplace-1904-1d43e6947ff28c23","geometry":{"type":"Point","coordinates":[7.735,47.483888888889]},"properties":{"year":1904,"medalist_wikidata_id":"Q364287","medalist_link":"https://en.wikipedia.org/wiki/Adolf_Spinnler","medalist_name":"Adolf Spinnler","medal":"gold","delegation_wikidata_id":"Q142403","delegation_link":"https://en.wikipedia.org/wiki/Switzerland_at_the_1904_Summer_Olympics","delegation_name":"Switzerland at the 1904 Summer Olympics","country_medal_wikidata_id":"Q39","country_medal":"Switzerland","country_medal_code2":"CH","country_medal_code3":"CHE","country_medal_ioc_country_code":"SUI","date_of_birth":"1879-07-18","place_of_birth_wikidata_id":"Q68972","place_of_birth":"Liestal","place_of_birth_located_in_wikidata_id":"Q659800","place_of_birth_located_in":"Liestal District","place_of_birth_coordinates":"47.483888888889,7.735","sex_or_gender_wikidata_id":"Q6581097","sex_or_gender":"male","event_wikidata_id":"Q1047316","event_link":"https://en.wikipedia.org/wiki/Gymnastics_at_the_1904_Summer_Olympics_–_Men's_triathlon","event_name":"gymnastics at the 1904 Summer Olympics – men's triathlon","event_part_of_wikidata_id":"Q532793","event_part_of":"gymnastics at the 1904 Summer Olympics","event_sport_wikidata_id":"Q43450","event_sport":"gymnastics","sport_wikidata_id":"Q43450","sport":"gymnastics","source_page":"https://en.wikipedia.org/wiki/List_of_1904_Summer_Olympics_medal_winners","source_kind":"layers-derived-wikipedia-wikidata"}},{"type":"Feature","id":"olympic-medals-birthplace-1904-cc76ed312c61c81e","geometry":{"type":"Point","coordinates":[16.3725,48.208333333333336]},"properties":{"year":1904,"medalist_wikidata_id":"Q78942","medalist_link":"https://en.wikipedia.org/wiki/Julius_Lenhart","medalist_name":"Julius Lenhart","medal":"silver","delegation_wikidata_id":"Q141919","delegation_link":"https://en.wikipedia.org/wiki/Austria_at_the_1904_Summer_Olympics","delegation_name":"Austria at the 1904 Summer Olympics","country_medal_wikidata_id":"Q28513","country_medal":"Austria–Hungary","country_medal_code2":null,"country_medal_code3":null,"country_medal_ioc_country_code":null,"date_of_birth":"1875-11-27","place_of_birth_wikidata_id":"Q1741","place_of_birth":"Vienna","place_of_birth_located_in_wikidata_id":"Q40","place_of_birth_located_in":"Austria","place_of_birth_coordinates":"48.208333333333336,16.3725","sex_or_gender_wikidata_id":"Q6581097","sex_or_gender":"male","event_wikidata_id":"Q1047316","event_link":"https://en.wikipedia.org/wiki/Gymnastics_at_the_1904_Summer_Olympics_–_Men's_triathlon","event_name":"gymnastics at the 1904 Summer Olympics – men's triathlon","event_part_of_wikidata_id":"Q532793","event_part_of":"gymnastics at the 1904 Summer Olympics","event_sport_wikidata_id":"Q43450","event_sport":"gymnastics","sport_wikidata_id":"Q43450","sport":"gymnastics","source_page":"https://en.wikipedia.org/wiki/List_of_1904_Summer_Olympics_medal_winners","source_kind":"layers-derived-wikipedia-wikidata"}},{"type":"Feature","id":"olympic-medals-birthplace-1904-7d293b1a8e92190a","geometry":{"type":"Point","coordinates":[13.383333333333,52.516666666667]},"properties":{"year":1904,"medalist_wikidata_id":"Q1803445","medalist_link":"https://en.wikipedia.org/wiki/Wilhelm_Weber_(gymnast)","medalist_name":"Wilhelm Weber","medal":"bronze","delegation_wikidata_id":"Q143137","delegation_link":"https://en.wikipedia.org/wiki/Germany_at_the_1904_Summer_Olympics","delegation_name":"Germany at the 1904 Summer Olympics","country_medal_wikidata_id":"Q1206012","country_medal":"German Reich","country_medal_code2":null,"country_medal_code3":null,"country_medal_ioc_country_code":null,"date_of_birth":"1880-01-01","place_of_birth_wikidata_id":"Q64","place_of_birth":"Berlin","place_of_birth_located_in_wikidata_id":"Q148499","place_of_birth_located_in":"Margraviate of Brandenburg","place_of_birth_coordinates":"52.516666666667,13.383333333333","sex_or_gender_wikidata_id":"Q6581097","sex_or_gender":"male","event_wikidata_id":"Q1047316","event_link":"https://en.wikipedia.org/wiki/Gymnastics_at_the_1904_Summer_Olympics_–_Men's_triathlon","event_name":"gymnastics at the 1904 Summer Olympics – men's triathlon","event_part_of_wikidata_id":"Q532793","event_part_of":"gymnastics at the 1904 Summer Olympics","event_sport_wikidata_id":"Q43450","event_sport":"gymnastics","sport_wikidata_id":"Q43450","sport":"gymnastics","source_page":"https://en.wikipedia.org/wiki/List_of_1904_Summer_Olympics_medal_winners","source_kind":"layers-derived-wikipedia-wikidata"}},{"type":"Feature","id":"olympic-medals-birthplace-1904-4ee0886d769b41c5","geometry":{"type":"Point","coordinates":[-75.163611111111,39.952777777778]},"properties":{"year":1904,"medalist_wikidata_id":"Q2445635","medalist_link":"https://en.wikipedia.org/wiki/John_Grieb","medalist_name":"John Grieb","medal":"gold","delegation_wikidata_id":"Q1360637","delegation_link":"https://en.wikipedia.org/wiki/Mixed_team_at_the_1904_Summer_Olympics","delegation_name":"Mixed team at the 1904 Summer Olympics","country_medal_wikidata_id":"Q30","country_medal":"United States","country_medal_code2":"US","country_medal_code3":"USA","country_medal_ioc_country_code":"USA","date_of_birth":"1879-11-19","place_of_birth_wikidata_id":"Q1345","place_of_birth":"Philadelphia","place_of_birth_located_in_wikidata_id":"Q496900","place_of_birth_located_in":"Philadelphia County","place_of_birth_coordinates":"39.952777777778,-75.163611111111","sex_or_gender_wikidata_id":"Q6581097","sex_or_gender":"male","event_wikidata_id":"Q861735","event_link":"https://en.wikipedia.org/wiki/Gymnastics_at_the_1904_Summer_Olympics_–_Men's_team","event_name":"gymnastics at the 1904 Summer Olympics – men's team","event_part_of_wikidata_id":"Q532793","event_part_of":"gymnastics at the 1904 Summer Olympics","event_sport_wikidata_id":"Q43450","event_sport":"gymnastics","sport_wikidata_id":"Q43450","sport":"gymnastics","source_page":"https://en.wikipedia.org/wiki/List_of_1904_Summer_Olympics_medal_winners","source_kind":"layers-derived-wikipedia-wikidata"}},{"type":"Feature","id":"olympic-medals-birthplace-1904-54e95f75caafbe68","geometry":{"type":"Point","coordinates":[14.421388888888888,50.0875]},"properties":{"year":1904,"medalist_wikidata_id":"Q180207","medalist_link":"https://en.wikipedia.org/wiki/Anton_Heida","medalist_name":"Anton Heida","medal":"gold","delegation_wikidata_id":"Q1360637","delegation_link":"https://en.wikipedia.org/wiki/Mixed_team_at_the_1904_Summer_Olympics","delegation_name":"Mixed team at the 1904 Summer Olympics","country_medal_wikidata_id":"Q30","country_medal":"United States","country_medal_code2":"US","country_medal_code3":"USA","country_medal_ioc_country_code":"USA","date_of_birth":"1878-01-01","place_of_birth_wikidata_id":"Q1085","place_of_birth":"Prague","place_of_birth_located_in_wikidata_id":"Q2162698","place_of_birth_located_in":"Duchy of Bohemia","place_of_birth_coordinates":"50.0875,14.421388888888888","sex_or_gender_wikidata_id":"Q6581097","sex_or_gender":"male","event_wikidata_id":"Q861735","event_link":"https://en.wikipedia.org/wiki/Gymnastics_at_the_1904_Summer_Olympics_–_Men's_team","event_name":"gymnastics at the 1904 Summer Olympics – men's team","event_part_of_wikidata_id":"Q532793","event_part_of":"gymnastics at the 1904 Summer Olympics","event_sport_wikidata_id":"Q43450","event_sport":"gymnastics","sport_wikidata_id":"Q43450","sport":"gymnastics","source_page":"https://en.wikipedia.org/wiki/List_of_1904_Summer_Olympics_medal_winners","source_kind":"layers-derived-wikipedia-wikidata"}},{"type":"Feature","id":"olympic-medals-birthplace-1904-6bc13779298d7110","geometry":{"type":"Point","coordinates":[10.957869444444444,50.258469444444444]},"properties":{"year":1904,"medalist_wikidata_id":"Q1803431","medalist_link":"https://en.wikipedia.org/wiki/Max_Hess_(gymnast)","medalist_name":"Max Hess","medal":"gold","delegation_wikidata_id":"Q1360637","delegation_link":"https://en.wikipedia.org/wiki/Mixed_team_at_the_1904_Summer_Olympics","delegation_name":"Mixed team at the 1904 Summer Olympics","country_medal_wikidata_id":"Q30","country_medal":"United States","country_medal_code2":"US","country_medal_code3":"USA","country_medal_ioc_country_code":"USA","date_of_birth":"1877-12-29","place_of_birth_wikidata_id":"Q14821","place_of_birth":"Coburg","place_of_birth_located_in_wikidata_id":"Q700663","place_of_birth_located_in":"Saxe-Coburg-Saalfeld","place_of_birth_coordinates":"50.258469444444444,10.957869444444444","sex_or_gender_wikidata_id":"Q6581097","sex_or_gender":"male","event_wikidata_id":"Q861735","event_link":"https://en.wikipedia.org/wiki/Gymnastics_at_the_1904_Summer_Olympics_–_Men's_team","event_name":"gymnastics at the 1904 Summer Olympics – men's team","event_part_of_wikidata_id":"Q532793","event_part_of":"gymnastics at the 1904 Summer Olympics","event_sport_wikidata_id":"Q43450","event_sport":"gymnastics","sport_wikidata_id":"Q43450","sport":"gymnastics","source_page":"https://en.wikipedia.org/wiki/List_of_1904_Summer_Olympics_medal_winners","source_kind":"layers-derived-wikipedia-wikidata"}},{"type":"Feature","id":"olympic-medals-birthplace-1904-da3db79bac63847b","geometry":{"type":"Point","coordinates":[10,51]},"properties":{"year":1904,"medalist_wikidata_id":"Q1803461","medalist_link":"https://en.wikipedia.org/wiki/Philip_Kassel","medalist_name":"Philip Kassel","medal":"gold","delegation_wikidata_id":"Q1360637","delegation_link":"https://en.wikipedia.org/wiki/Mixed_team_at_the_1904_Summer_Olympics","delegation_name":"Mixed team at the 1904 Summer Olympics","country_medal_wikidata_id":"Q30","country_medal":"United States","country_medal_code2":"US","country_medal_code3":"USA","country_medal_ioc_country_code":"USA","date_of_birth":"1876-09-26","place_of_birth_wikidata_id":"Q183","place_of_birth":"Germany","place_of_birth_located_in_wikidata_id":null,"place_of_birth_located_in":null,"place_of_birth_coordinates":"51,10","sex_or_gender_wikidata_id":"Q6581097","sex_or_gender":"male","event_wikidata_id":"Q861735","event_link":"https://en.wikipedia.org/wiki/Gymnastics_at_the_1904_Summer_Olympics_–_Men's_team","event_name":"gymnastics at the 1904 Summer Olympics – men's team","event_part_of_wikidata_id":"Q532793","event_part_of":"gymnastics at the 1904 Summer Olympics","event_sport_wikidata_id":"Q43450","event_sport":"gymnastics","sport_wikidata_id":"Q43450","sport":"gymnastics","source_page":"https://en.wikipedia.org/wiki/List_of_1904_Summer_Olympics_medal_winners","source_kind":"layers-derived-wikipedia-wikidata"}},{"type":"Feature","id":"olympic-medals-birthplace-1904-f6967588e8e4669b","geometry":{"type":"Point","coordinates":[16.3725,48.208333333333336]},"properties":{"year":1904,"medalist_wikidata_id":"Q78942","medalist_link":"https://en.wikipedia.org/wiki/Julius_Lenhart","medalist_name":"Julius Lenhart","medal":"gold","delegation_wikidata_id":"Q1360637","delegation_link":"https://en.wikipedia.org/wiki/Mixed_team_at_the_1904_Summer_Olympics","delegation_name":"Mixed team at the 1904 Summer Olympics","country_medal_wikidata_id":"Q30","country_medal":"United States","country_medal_code2":"US","country_medal_code3":"USA","country_medal_ioc_country_code":"USA","date_of_birth":"1875-11-27","place_of_birth_wikidata_id":"Q1741","place_of_birth":"Vienna","place_of_birth_located_in_wikidata_id":"Q40","place_of_birth_located_in":"Austria","place_of_birth_coordinates":"48.208333333333336,16.3725","sex_or_gender_wikidata_id":"Q6581097","sex_or_gender":"male","event_wikidata_id":"Q861735","event_link":"https://en.wikipedia.org/wiki/Gymnastics_at_the_1904_Summer_Olympics_–_Men's_team","event_name":"gymnastics at the 1904 Summer Olympics – men's team","event_part_of_wikidata_id":"Q532793","event_part_of":"gymnastics at the 1904 Summer Olympics","event_sport_wikidata_id":"Q43450","event_sport":"gymnastics","sport_wikidata_id":"Q43450","sport":"gymnastics","source_page":"https://en.wikipedia.org/wiki/List_of_1904_Summer_Olympics_medal_winners","source_kind":"layers-derived-wikipedia-wikidata"}},{"type":"Feature","id":"olympic-medals-birthplace-1904-50e13d54d28f8175","geometry":{"type":"Point","coordinates":[10.59656,50.555161]},"properties":{"year":1904,"medalist_wikidata_id":"Q2444794","medalist_link":"https://en.wikipedia.org/wiki/Ernst_Reckeweg","medalist_name":"Ernst Reckeweg","medal":"gold","delegation_wikidata_id":"Q1360637","delegation_link":"https://en.wikipedia.org/wiki/Mixed_team_at_the_1904_Summer_Olympics","delegation_name":"Mixed team at the 1904 Summer Olympics","country_medal_wikidata_id":"Q30","country_medal":"United States","country_medal_code2":"US","country_medal_code3":"USA","country_medal_ioc_country_code":"USA","date_of_birth":"1873-04-18","place_of_birth_wikidata_id":"Q556680","place_of_birth":"Oberstadt","place_of_birth_located_in_wikidata_id":"Q7872","place_of_birth_located_in":"Hildburghausen","place_of_birth_coordinates":"50.555161,10.59656","sex_or_gender_wikidata_id":"Q6581097","sex_or_gender":"male","event_wikidata_id":"Q861735","event_link":"https://en.wikipedia.org/wiki/Gymnastics_at_the_1904_Summer_Olympics_–_Men's_team","event_name":"gymnastics at the 1904 Summer Olympics – men's team","event_part_of_wikidata_id":"Q532793","event_part_of":"gymnastics at the 1904 Summer Olympics","event_sport_wikidata_id":"Q43450","event_sport":"gymnastics","sport_wikidata_id":"Q43450","sport":"gymnastics","source_page":"https://en.wikipedia.org/wiki/List_of_1904_Summer_Olympics_medal_winners","source_kind":"layers-derived-wikipedia-wikidata"}},{"type":"Feature","id":"olympic-medals-birthplace-1904-b28c622d3031d2c0","geometry":{"type":"Point","coordinates":[-75,43]},"properties":{"year":1904,"medalist_wikidata_id":"Q1803421","medalist_link":"https://en.wikipedia.org/wiki/Emil_Beyer","medalist_name":"Emil Beyer","medal":"silver","delegation_wikidata_id":"Q1350274","delegation_link":"https://en.wikipedia.org/wiki/United_States_at_the_1904_Summer_Olympics","delegation_name":"United States at the 1904 Summer Olympics","country_medal_wikidata_id":"Q30","country_medal":"United States","country_medal_code2":"US","country_medal_code3":"USA","country_medal_ioc_country_code":"USA","date_of_birth":"1876-11-22","place_of_birth_wikidata_id":"Q1384","place_of_birth":"New York","place_of_birth_located_in_wikidata_id":"Q30","place_of_birth_located_in":"United States","place_of_birth_coordinates":"43,-75","sex_or_gender_wikidata_id":"Q6581097","sex_or_gender":"male","event_wikidata_id":"Q861735","event_link":"https://en.wikipedia.org/wiki/Gymnastics_at_the_1904_Summer_Olympics_–_Men's_team","event_name":"gymnastics at the 1904 Summer Olympics – men's team","event_part_of_wikidata_id":"Q532793","event_part_of":"gymnastics at the 1904 Summer Olympics","event_sport_wikidata_id":"Q43450","event_sport":"gymnastics","sport_wikidata_id":"Q43450","sport":"gymnastics","source_page":"https://en.wikipedia.org/wiki/List_of_1904_Summer_Olympics_medal_winners","source_kind":"layers-derived-wikipedia-wikidata"}},{"type":"Feature","id":"olympic-medals-birthplace-1904-d10c17d1e45f3f1b","geometry":{"type":"Point","coordinates":[-74.00611111111111,40.71277777777778]},"properties":{"year":1904,"medalist_wikidata_id":"Q1803397","medalist_link":"https://en.wikipedia.org/wiki/John_Bissinger","medalist_name":"John Bissinger","medal":"silver","delegation_wikidata_id":"Q1350274","delegation_link":"https://en.wikipedia.org/wiki/United_States_at_the_1904_Summer_Olympics","delegation_name":"United States at the 1904 Summer Olympics","country_medal_wikidata_id":"Q30","country_medal":"United States","country_medal_code2":"US","country_medal_code3":"USA","country_medal_ioc_country_code":"USA","date_of_birth":"1879-01-07","place_of_birth_wikidata_id":"Q60","place_of_birth":"New York City","place_of_birth_located_in_wikidata_id":"Q1384","place_of_birth_located_in":"New York","place_of_birth_coordinates":"40.71277777777778,-74.00611111111111","sex_or_gender_wikidata_id":"Q6581097","sex_or_gender":"male","event_wikidata_id":"Q861735","event_link":"https://en.wikipedia.org/wiki/Gymnastics_at_the_1904_Summer_Olympics_–_Men's_team","event_name":"gymnastics at the 1904 Summer Olympics – men's team","event_part_of_wikidata_id":"Q532793","event_part_of":"gymnastics at the 1904 Summer Olympics","event_sport_wikidata_id":"Q43450","event_sport":"gymnastics","sport_wikidata_id":"Q43450","sport":"gymnastics","source_page":"https://en.wikipedia.org/wiki/List_of_1904_Summer_Olympics_medal_winners","source_kind":"layers-derived-wikipedia-wikidata"}},{"type":"Feature","id":"olympic-medals-birthplace-1904-222570ad6956275c","geometry":{"type":"Point","coordinates":[-74.00611111111111,40.71277777777778]},"properties":{"year":1904,"medalist_wikidata_id":"Q490532","medalist_link":"https://en.wikipedia.org/wiki/Arthur_Rosenkampff","medalist_name":"Arthur Rosenkampff","medal":"silver","delegation_wikidata_id":"Q1350274","delegation_link":"https://en.wikipedia.org/wiki/United_States_at_the_1904_Summer_Olympics","delegation_name":"United States at the 1904 Summer Olympics","country_medal_wikidata_id":"Q30","country_medal":"United States","country_medal_code2":"US","country_medal_code3":"USA","country_medal_ioc_country_code":"USA","date_of_birth":"1884-11-03","place_of_birth_wikidata_id":"Q60","place_of_birth":"New York City","place_of_birth_located_in_wikidata_id":"Q1384","place_of_birth_located_in":"New York","place_of_birth_coordinates":"40.71277777777778,-74.00611111111111","sex_or_gender_wikidata_id":"Q6581097","sex_or_gender":"male","event_wikidata_id":"Q861735","event_link":"https://en.wikipedia.org/wiki/Gymnastics_at_the_1904_Summer_Olympics_–_Men's_team","event_name":"gymnastics at the 1904 Summer Olympics – men's team","event_part_of_wikidata_id":"Q532793","event_part_of":"gymnastics at the 1904 Summer Olympics","event_sport_wikidata_id":"Q43450","event_sport":"gymnastics","sport_wikidata_id":"Q43450","sport":"gymnastics","source_page":"https://en.wikipedia.org/wiki/List_of_1904_Summer_Olympics_medal_winners","source_kind":"layers-derived-wikipedia-wikidata"}},{"type":"Feature","id":"olympic-medals-birthplace-1904-648ed138f1ac297c","geometry":{"type":"Point","coordinates":[-74.0325,40.745]},"properties":{"year":1904,"medalist_wikidata_id":"Q1804930","medalist_link":"https://en.wikipedia.org/wiki/Julian_Schmitz","medalist_name":"Julian Schmitz","medal":"silver","delegation_wikidata_id":"Q1350274","delegation_link":"https://en.wikipedia.org/wiki/United_States_at_the_1904_Summer_Olympics","delegation_name":"United States at the 1904 Summer Olympics","country_medal_wikidata_id":"Q30","country_medal":"United States","country_medal_code2":"US","country_medal_code3":"USA","country_medal_ioc_country_code":"USA","date_of_birth":"1881-09-15","place_of_birth_wikidata_id":"Q138578","place_of_birth":"Hoboken","place_of_birth_located_in_wikidata_id":"Q490505","place_of_birth_located_in":"Hudson County","place_of_birth_coordinates":"40.745,-74.0325","sex_or_gender_wikidata_id":"Q6581097","sex_or_gender":"male","event_wikidata_id":"Q861735","event_link":"https://en.wikipedia.org/wiki/Gymnastics_at_the_1904_Summer_Olympics_–_Men's_team","event_name":"gymnastics at the 1904 Summer Olympics – men's team","event_part_of_wikidata_id":"Q532793","event_part_of":"gymnastics at the 1904 Summer Olympics","event_sport_wikidata_id":"Q43450","event_sport":"gymnastics","sport_wikidata_id":"Q43450","sport":"gymnastics","source_page":"https://en.wikipedia.org/wiki/List_of_1904_Summer_Olympics_medal_winners","source_kind":"layers-derived-wikipedia-wikidata"}},{"type":"Feature","id":"olympic-medals-birthplace-1904-6ef1eec6d062b94e","geometry":{"type":"Point","coordinates":[7.3252777777778,49.701944444444]},"properties":{"year":1904,"medalist_wikidata_id":"Q1804809","medalist_link":"https://en.wikipedia.org/wiki/Otto_Steffen","medalist_name":"Otto Steffen","medal":"silver","delegation_wikidata_id":"Q1350274","delegation_link":"https://en.wikipedia.org/wiki/United_States_at_the_1904_Summer_Olympics","delegation_name":"United States at the 1904 Summer Olympics","country_medal_wikidata_id":"Q30","country_medal":"United States","country_medal_code2":"US","country_medal_code3":"USA","country_medal_ioc_country_code":"USA","date_of_birth":"1874-08-09","place_of_birth_wikidata_id":"Q16119","place_of_birth":"Idar-Oberstein","place_of_birth_located_in_wikidata_id":"Q8575","place_of_birth_located_in":"Birkenfeld District","place_of_birth_coordinates":"49.701944444444,7.3252777777778","sex_or_gender_wikidata_id":"Q6581097","sex_or_gender":"male","event_wikidata_id":"Q861735","event_link":"https://en.wikipedia.org/wiki/Gymnastics_at_the_1904_Summer_Olympics_–_Men's_team","event_name":"gymnastics at the 1904 Summer Olympics – men's team","event_part_of_wikidata_id":"Q532793","event_part_of":"gymnastics at the 1904 Summer Olympics","event_sport_wikidata_id":"Q43450","event_sport":"gymnastics","sport_wikidata_id":"Q43450","sport":"gymnastics","source_page":"https://en.wikipedia.org/wiki/List_of_1904_Summer_Olympics_medal_winners","source_kind":"layers-derived-wikipedia-wikidata"}},{"type":"Feature","id":"olympic-medals-birthplace-1904-57a9862c5552d30c","geometry":{"type":"Point","coordinates":[-87.62777777777778,41.88194444444444]},"properties":{"year":1904,"medalist_wikidata_id":"Q1803438","medalist_link":"https://en.wikipedia.org/wiki/John_Duha","medalist_name":"John Duha","medal":"bronze","delegation_wikidata_id":"Q1350274","delegation_link":"https://en.wikipedia.org/wiki/United_States_at_the_1904_Summer_Olympics","delegation_name":"United States at the 1904 Summer Olympics","country_medal_wikidata_id":"Q30","country_medal":"United States","country_medal_code2":"US","country_medal_code3":"USA","country_medal_ioc_country_code":"USA","date_of_birth":"1875-02-16","place_of_birth_wikidata_id":"Q1297","place_of_birth":"Chicago","place_of_birth_located_in_wikidata_id":"Q108418","place_of_birth_located_in":"Cook County","place_of_birth_coordinates":"41.88194444444444,-87.62777777777778","sex_or_gender_wikidata_id":"Q6581097","sex_or_gender":"male","event_wikidata_id":"Q861735","event_link":"https://en.wikipedia.org/wiki/Gymnastics_at_the_1904_Summer_Olympics_–_Men's_team","event_name":"gymnastics at the 1904 Summer Olympics – men's team","event_part_of_wikidata_id":"Q532793","event_part_of":"gymnastics at the 1904 Summer Olympics","event_sport_wikidata_id":"Q43450","event_sport":"gymnastics","sport_wikidata_id":"Q43450","sport":"gymnastics","source_page":"https://en.wikipedia.org/wiki/List_of_1904_Summer_Olympics_medal_winners","source_kind":"layers-derived-wikipedia-wikidata"}},{"type":"Feature","id":"olympic-medals-birthplace-1904-10fe228339b249a2","geometry":{"type":"Point","coordinates":[8.9833333333333,49.2]},"properties":{"year":1904,"medalist_wikidata_id":"Q1995917","medalist_link":"https://en.wikipedia.org/wiki/Robert_Maysack","medalist_name":"Robert Maysack","medal":"bronze","delegation_wikidata_id":"Q1350274","delegation_link":"https://en.wikipedia.org/wiki/United_States_at_the_1904_Summer_Olympics","delegation_name":"United States at the 1904 Summer Olympics","country_medal_wikidata_id":"Q30","country_medal":"United States","country_medal_code2":"US","country_medal_code3":"USA","country_medal_ioc_country_code":"USA","date_of_birth":"1872-11-25","place_of_birth_wikidata_id":"Q539754","place_of_birth":"Kirchardt","place_of_birth_located_in_wikidata_id":"Q7166","place_of_birth_located_in":"Heilbronn District","place_of_birth_coordinates":"49.2,8.9833333333333","sex_or_gender_wikidata_id":"Q6581097","sex_or_gender":"male","event_wikidata_id":"Q861735","event_link":"https://en.wikipedia.org/wiki/Gymnastics_at_the_1904_Summer_Olympics_–_Men's_team","event_name":"gymnastics at the 1904 Summer Olympics – men's team","event_part_of_wikidata_id":"Q532793","event_part_of":"gymnastics at the 1904 Summer Olympics","event_sport_wikidata_id":"Q43450","event_sport":"gymnastics","sport_wikidata_id":"Q43450","sport":"gymnastics","source_page":"https://en.wikipedia.org/wiki/List_of_1904_Summer_Olympics_medal_winners","source_kind":"layers-derived-wikipedia-wikidata"}},{"type":"Feature","id":"olympic-medals-birthplace-1904-5cc435ec533707cb","geometry":{"type":"Point","coordinates":[-89.5,44.5]},"properties":{"year":1904,"medalist_wikidata_id":"Q1806481","medalist_link":"https://en.wikipedia.org/wiki/Philip_Schuster_(gymnast)","medalist_name":"Philip Schuster","medal":"bronze","delegation_wikidata_id":"Q1350274","delegation_link":"https://en.wikipedia.org/wiki/United_States_at_the_1904_Summer_Olympics","delegation_name":"United States at the 1904 Summer Olympics","country_medal_wikidata_id":"Q30","country_medal":"United States","country_medal_code2":"US","country_medal_code3":"USA","country_medal_ioc_country_code":"USA","date_of_birth":"1883-01-24","place_of_birth_wikidata_id":"Q1537","place_of_birth":"Wisconsin","place_of_birth_located_in_wikidata_id":"Q30","place_of_birth_located_in":"United States","place_of_birth_coordinates":"44.5,-89.5","sex_or_gender_wikidata_id":"Q6581097","sex_or_gender":"male","event_wikidata_id":"Q861735","event_link":"https://en.wikipedia.org/wiki/Gymnastics_at_the_1904_Summer_Olympics_–_Men's_team","event_name":"gymnastics at the 1904 Summer Olympics – men's team","event_part_of_wikidata_id":"Q532793","event_part_of":"gymnastics at the 1904 Summer Olympics","event_sport_wikidata_id":"Q43450","event_sport":"gymnastics","sport_wikidata_id":"Q43450","sport":"gymnastics","source_page":"https://en.wikipedia.org/wiki/List_of_1904_Summer_Olympics_medal_winners","source_kind":"layers-derived-wikipedia-wikidata"}},{"type":"Feature","id":"olympic-medals-birthplace-1904-860a03d5cd13c3b2","geometry":{"type":"Point","coordinates":[-87.62777777777778,41.88194444444444]},"properties":{"year":1904,"medalist_wikidata_id":"Q1806476","medalist_link":"https://en.wikipedia.org/wiki/Edward_Siegler","medalist_name":"Edward Siegler","medal":"bronze","delegation_wikidata_id":"Q1350274","delegation_link":"https://en.wikipedia.org/wiki/United_States_at_the_1904_Summer_Olympics","delegation_name":"United States at the 1904 Summer Olympics","country_medal_wikidata_id":"Q30","country_medal":"United States","country_medal_code2":"US","country_medal_code3":"USA","country_medal_ioc_country_code":"USA","date_of_birth":"1881-08-14","place_of_birth_wikidata_id":"Q1297","place_of_birth":"Chicago","place_of_birth_located_in_wikidata_id":"Q108418","place_of_birth_located_in":"Cook County","place_of_birth_coordinates":"41.88194444444444,-87.62777777777778","sex_or_gender_wikidata_id":"Q6581097","sex_or_gender":"male","event_wikidata_id":"Q861735","event_link":"https://en.wikipedia.org/wiki/Gymnastics_at_the_1904_Summer_Olympics_–_Men's_team","event_name":"gymnastics at the 1904 Summer Olympics – men's team","event_part_of_wikidata_id":"Q532793","event_part_of":"gymnastics at the 1904 Summer Olympics","event_sport_wikidata_id":"Q43450","event_sport":"gymnastics","sport_wikidata_id":"Q43450","sport":"gymnastics","source_page":"https://en.wikipedia.org/wiki/List_of_1904_Summer_Olympics_medal_winners","source_kind":"layers-derived-wikipedia-wikidata"}},{"type":"Feature","id":"olympic-medals-birthplace-1904-b17c6d09c938671e","geometry":{"type":"Point","coordinates":[14.421388888888888,50.0875]},"properties":{"year":1904,"medalist_wikidata_id":"Q180207","medalist_link":"https://en.wikipedia.org/wiki/Anton_Heida","medalist_name":"Anton Heida","medal":"gold","delegation_wikidata_id":"Q1350274","delegation_link":"https://en.wikipedia.org/wiki/United_States_at_the_1904_Summer_Olympics","delegation_name":"United States at the 1904 Summer Olympics","country_medal_wikidata_id":"Q30","country_medal":"United States","country_medal_code2":"US","country_medal_code3":"USA","country_medal_ioc_country_code":"USA","date_of_birth":"1878-01-01","place_of_birth_wikidata_id":"Q1085","place_of_birth":"Prague","place_of_birth_located_in_wikidata_id":"Q2162698","place_of_birth_located_in":"Duchy of Bohemia","place_of_birth_coordinates":"50.0875,14.421388888888888","sex_or_gender_wikidata_id":"Q6581097","sex_or_gender":"male","event_wikidata_id":"Q1046746","event_link":"https://en.wikipedia.org/wiki/Gymnastics_at_the_1904_Summer_Olympics_–_Men's_horizontal_bar","event_name":"gymnastics at the 1904 Summer Olympics – men's horizontal bar","event_part_of_wikidata_id":"Q532793","event_part_of":"gymnastics at the 1904 Summer Olympics","event_sport_wikidata_id":"Q43450","event_sport":"gymnastics","sport_wikidata_id":"Q43450","sport":"gymnastics","source_page":"https://en.wikipedia.org/wiki/List_of_1904_Summer_Olympics_medal_winners","source_kind":"layers-derived-wikipedia-wikidata"}},{"type":"Feature","id":"olympic-medals-birthplace-1904-5efa48caf64f88f5","geometry":{"type":"Point","coordinates":[10.139444444444,54.323333333333]},"properties":{"year":1904,"medalist_wikidata_id":"Q556883","medalist_link":"https://en.wikipedia.org/wiki/George_Eyser","medalist_name":"George Eyser","medal":"bronze","delegation_wikidata_id":"Q1350274","delegation_link":"https://en.wikipedia.org/wiki/United_States_at_the_1904_Summer_Olympics","delegation_name":"United States at the 1904 Summer Olympics","country_medal_wikidata_id":"Q30","country_medal":"United States","country_medal_code2":"US","country_medal_code3":"USA","country_medal_ioc_country_code":"USA","date_of_birth":"1870-08-31","place_of_birth_wikidata_id":"Q1707","place_of_birth":"Kiel","place_of_birth_located_in_wikidata_id":"Q1194","place_of_birth_located_in":"Schleswig-Holstein","place_of_birth_coordinates":"54.323333333333,10.139444444444","sex_or_gender_wikidata_id":"Q6581097","sex_or_gender":"male","event_wikidata_id":"Q1046746","event_link":"https://en.wikipedia.org/wiki/Gymnastics_at_the_1904_Summer_Olympics_–_Men's_horizontal_bar","event_name":"gymnastics at the 1904 Summer Olympics – men's horizontal bar","event_part_of_wikidata_id":"Q532793","event_part_of":"gymnastics at the 1904 Summer Olympics","event_sport_wikidata_id":"Q43450","event_sport":"gymnastics","sport_wikidata_id":"Q43450","sport":"gymnastics","source_page":"https://en.wikipedia.org/wiki/List_of_1904_Summer_Olympics_medal_winners","source_kind":"layers-derived-wikipedia-wikidata"}},{"type":"Feature","id":"olympic-medals-birthplace-1904-f7f3f6516d3af383","geometry":{"type":"Point","coordinates":[10.139444444444,54.323333333333]},"properties":{"year":1904,"medalist_wikidata_id":"Q556883","medalist_link":"https://en.wikipedia.org/wiki/George_Eyser","medalist_name":"George Eyser","medal":"gold","delegation_wikidata_id":"Q1350274","delegation_link":"https://en.wikipedia.org/wiki/United_States_at_the_1904_Summer_Olympics","delegation_name":"United States at the 1904 Summer Olympics","country_medal_wikidata_id":"Q30","country_medal":"United States","country_medal_code2":"US","country_medal_code3":"USA","country_medal_ioc_country_code":"USA","date_of_birth":"1870-08-31","place_of_birth_wikidata_id":"Q1707","place_of_birth":"Kiel","place_of_birth_located_in_wikidata_id":"Q1194","place_of_birth_located_in":"Schleswig-Holstein","place_of_birth_coordinates":"54.323333333333,10.139444444444","sex_or_gender_wikidata_id":"Q6581097","sex_or_gender":"male","event_wikidata_id":"Q1047497","event_link":"https://en.wikipedia.org/wiki/Gymnastics_at_the_1904_Summer_Olympics_–_Men's_parallel_bars","event_name":"gymnastics at the 1904 Summer Olympics – men's parallel bars","event_part_of_wikidata_id":"Q532793","event_part_of":"gymnastics at the 1904 Summer Olympics","event_sport_wikidata_id":"Q43450","event_sport":"gymnastics","sport_wikidata_id":"Q43450","sport":"gymnastics","source_page":"https://en.wikipedia.org/wiki/List_of_1904_Summer_Olympics_medal_winners","source_kind":"layers-derived-wikipedia-wikidata"}},{"type":"Feature","id":"olympic-medals-birthplace-1904-214969ee56d654ac","geometry":{"type":"Point","coordinates":[14.421388888888888,50.0875]},"properties":{"year":1904,"medalist_wikidata_id":"Q180207","medalist_link":"https://en.wikipedia.org/wiki/Anton_Heida","medalist_name":"Anton Heida","medal":"silver","delegation_wikidata_id":"Q1350274","delegation_link":"https://en.wikipedia.org/wiki/United_States_at_the_1904_Summer_Olympics","delegation_name":"United States at the 1904 Summer Olympics","country_medal_wikidata_id":"Q30","country_medal":"United States","country_medal_code2":"US","country_medal_code3":"USA","country_medal_ioc_country_code":"USA","date_of_birth":"1878-01-01","place_of_birth_wikidata_id":"Q1085","place_of_birth":"Prague","place_of_birth_located_in_wikidata_id":"Q2162698","place_of_birth_located_in":"Duchy of Bohemia","place_of_birth_coordinates":"50.0875,14.421388888888888","sex_or_gender_wikidata_id":"Q6581097","sex_or_gender":"male","event_wikidata_id":"Q1047497","event_link":"https://en.wikipedia.org/wiki/Gymnastics_at_the_1904_Summer_Olympics_–_Men's_parallel_bars","event_name":"gymnastics at the 1904 Summer Olympics – men's parallel bars","event_part_of_wikidata_id":"Q532793","event_part_of":"gymnastics at the 1904 Summer Olympics","event_sport_wikidata_id":"Q43450","event_sport":"gymnastics","sport_wikidata_id":"Q43450","sport":"gymnastics","source_page":"https://en.wikipedia.org/wiki/List_of_1904_Summer_Olympics_medal_winners","source_kind":"layers-derived-wikipedia-wikidata"}},{"type":"Feature","id":"olympic-medals-birthplace-1904-ff9ea9679049cc47","geometry":{"type":"Point","coordinates":[-87.62777777777778,41.88194444444444]},"properties":{"year":1904,"medalist_wikidata_id":"Q1803438","medalist_link":"https://en.wikipedia.org/wiki/John_Duha","medalist_name":"John Duha","medal":"bronze","delegation_wikidata_id":"Q1350274","delegation_link":"https://en.wikipedia.org/wiki/United_States_at_the_1904_Summer_Olympics","delegation_name":"United States at the 1904 Summer Olympics","country_medal_wikidata_id":"Q30","country_medal":"United States","country_medal_code2":"US","country_medal_code3":"USA","country_medal_ioc_country_code":"USA","date_of_birth":"1875-02-16","place_of_birth_wikidata_id":"Q1297","place_of_birth":"Chicago","place_of_birth_located_in_wikidata_id":"Q108418","place_of_birth_located_in":"Cook County","place_of_birth_coordinates":"41.88194444444444,-87.62777777777778","sex_or_gender_wikidata_id":"Q6581097","sex_or_gender":"male","event_wikidata_id":"Q1047497","event_link":"https://en.wikipedia.org/wiki/Gymnastics_at_the_1904_Summer_Olympics_–_Men's_parallel_bars","event_name":"gymnastics at the 1904 Summer Olympics – men's parallel bars","event_part_of_wikidata_id":"Q532793","event_part_of":"gymnastics at the 1904 Summer Olympics","event_sport_wikidata_id":"Q43450","event_sport":"gymnastics","sport_wikidata_id":"Q43450","sport":"gymnastics","source_page":"https://en.wikipedia.org/wiki/List_of_1904_Summer_Olympics_medal_winners","source_kind":"layers-derived-wikipedia-wikidata"}},{"type":"Feature","id":"olympic-medals-birthplace-1904-898b9f079bb17ac2","geometry":{"type":"Point","coordinates":[14.421388888888888,50.0875]},"properties":{"year":1904,"medalist_wikidata_id":"Q180207","medalist_link":"https://en.wikipedia.org/wiki/Anton_Heida","medalist_name":"Anton Heida","medal":"gold","delegation_wikidata_id":"Q1350274","delegation_link":"https://en.wikipedia.org/wiki/United_States_at_the_1904_Summer_Olympics","delegation_name":"United States at the 1904 Summer Olympics","country_medal_wikidata_id":"Q30","country_medal":"United States","country_medal_code2":"US","country_medal_code3":"USA","country_medal_ioc_country_code":"USA","date_of_birth":"1878-01-01","place_of_birth_wikidata_id":"Q1085","place_of_birth":"Prague","place_of_birth_located_in_wikidata_id":"Q2162698","place_of_birth_located_in":"Duchy of Bohemia","place_of_birth_coordinates":"50.0875,14.421388888888888","sex_or_gender_wikidata_id":"Q6581097","sex_or_gender":"male","event_wikidata_id":"Q1047473","event_link":"https://en.wikipedia.org/wiki/Gymnastics_at_the_1904_Summer_Olympics_–_Men's_pommel_horse","event_name":"gymnastics at the 1904 Summer Olympics – men's pommel horse","event_part_of_wikidata_id":"Q532793","event_part_of":"gymnastics at the 1904 Summer Olympics","event_sport_wikidata_id":"Q43450","event_sport":"gymnastics","sport_wikidata_id":"Q43450","sport":"gymnastics","source_page":"https://en.wikipedia.org/wiki/List_of_1904_Summer_Olympics_medal_winners","source_kind":"layers-derived-wikipedia-wikidata"}},{"type":"Feature","id":"olympic-medals-birthplace-1904-3021e0fe7cb39093","geometry":{"type":"Point","coordinates":[10.139444444444,54.323333333333]},"properties":{"year":1904,"medalist_wikidata_id":"Q556883","medalist_link":"https://en.wikipedia.org/wiki/George_Eyser","medalist_name":"George Eyser","medal":"silver","delegation_wikidata_id":"Q1350274","delegation_link":"https://en.wikipedia.org/wiki/United_States_at_the_1904_Summer_Olympics","delegation_name":"United States at the 1904 Summer Olympics","country_medal_wikidata_id":"Q30","country_medal":"United States","country_medal_code2":"US","country_medal_code3":"USA","country_medal_ioc_country_code":"USA","date_of_birth":"1870-08-31","place_of_birth_wikidata_id":"Q1707","place_of_birth":"Kiel","place_of_birth_located_in_wikidata_id":"Q1194","place_of_birth_located_in":"Schleswig-Holstein","place_of_birth_coordinates":"54.323333333333,10.139444444444","sex_or_gender_wikidata_id":"Q6581097","sex_or_gender":"male","event_wikidata_id":"Q1047473","event_link":"https://en.wikipedia.org/wiki/Gymnastics_at_the_1904_Summer_Olympics_–_Men's_pommel_horse","event_name":"gymnastics at the 1904 Summer Olympics – men's pommel horse","event_part_of_wikidata_id":"Q532793","event_part_of":"gymnastics at the 1904 Summer Olympics","event_sport_wikidata_id":"Q43450","event_sport":"gymnastics","sport_wikidata_id":"Q43450","sport":"gymnastics","source_page":"https://en.wikipedia.org/wiki/List_of_1904_Summer_Olympics_medal_winners","source_kind":"layers-derived-wikipedia-wikidata"}},{"type":"Feature","id":"olympic-medals-birthplace-1904-c9741b42a9cd4900","geometry":{"type":"Point","coordinates":[-89.9997593,38.2095923]},"properties":{"year":1904,"medalist_wikidata_id":"Q2638690","medalist_link":"https://en.wikipedia.org/wiki/William_Merz","medalist_name":"William Merz","medal":"bronze","delegation_wikidata_id":"Q1350274","delegation_link":"https://en.wikipedia.org/wiki/United_States_at_the_1904_Summer_Olympics","delegation_name":"United States at the 1904 Summer Olympics","country_medal_wikidata_id":"Q30","country_medal":"United States","country_medal_code2":"US","country_medal_code3":"USA","country_medal_ioc_country_code":"USA","date_of_birth":"1878-04-25","place_of_birth_wikidata_id":"Q574895","place_of_birth":"Red Bud","place_of_birth_located_in_wikidata_id":"Q486499","place_of_birth_located_in":"Randolph County","place_of_birth_coordinates":"38.2095923,-89.9997593","sex_or_gender_wikidata_id":"Q6581097","sex_or_gender":"male","event_wikidata_id":"Q1047473","event_link":"https://en.wikipedia.org/wiki/Gymnastics_at_the_1904_Summer_Olympics_–_Men's_pommel_horse","event_name":"gymnastics at the 1904 Summer Olympics – men's pommel horse","event_part_of_wikidata_id":"Q532793","event_part_of":"gymnastics at the 1904 Summer Olympics","event_sport_wikidata_id":"Q43450","event_sport":"gymnastics","sport_wikidata_id":"Q43450","sport":"gymnastics","source_page":"https://en.wikipedia.org/wiki/List_of_1904_Summer_Olympics_medal_winners","source_kind":"layers-derived-wikipedia-wikidata"}},{"type":"Feature","id":"olympic-medals-birthplace-1904-5987d6c92070ef81","geometry":{"type":"Point","coordinates":[-118.24368,34.05223]},"properties":{"year":1904,"medalist_wikidata_id":"Q1385278","medalist_link":"https://en.wikipedia.org/wiki/Herman_Glass","medalist_name":"Herman Glass","medal":"gold","delegation_wikidata_id":"Q1350274","delegation_link":"https://en.wikipedia.org/wiki/United_States_at_the_1904_Summer_Olympics","delegation_name":"United States at the 1904 Summer Olympics","country_medal_wikidata_id":"Q30","country_medal":"United States","country_medal_code2":"US","country_medal_code3":"USA","country_medal_ioc_country_code":"USA","date_of_birth":"1880-10-15","place_of_birth_wikidata_id":"Q65","place_of_birth":"Los Angeles","place_of_birth_located_in_wikidata_id":"Q104994","place_of_birth_located_in":"Los Angeles County","place_of_birth_coordinates":"34.05223,-118.24368","sex_or_gender_wikidata_id":"Q6581097","sex_or_gender":"male","event_wikidata_id":"Q1047484","event_link":"https://en.wikipedia.org/wiki/Gymnastics_at_the_1904_Summer_Olympics_–_Men's_rings","event_name":"gymnastics at the 1904 Summer Olympics – men's rings","event_part_of_wikidata_id":"Q532793","event_part_of":"gymnastics at the 1904 Summer Olympics","event_sport_wikidata_id":"Q43450","event_sport":"gymnastics","sport_wikidata_id":"Q43450","sport":"gymnastics","source_page":"https://en.wikipedia.org/wiki/List_of_1904_Summer_Olympics_medal_winners","source_kind":"layers-derived-wikipedia-wikidata"}},{"type":"Feature","id":"olympic-medals-birthplace-1904-1d0a3cf6b686b816","geometry":{"type":"Point","coordinates":[-89.9997593,38.2095923]},"properties":{"year":1904,"medalist_wikidata_id":"Q2638690","medalist_link":"https://en.wikipedia.org/wiki/William_Merz","medalist_name":"William Merz","medal":"silver","delegation_wikidata_id":"Q1350274","delegation_link":"https://en.wikipedia.org/wiki/United_States_at_the_1904_Summer_Olympics","delegation_name":"United States at the 1904 Summer Olympics","country_medal_wikidata_id":"Q30","country_medal":"United States","country_medal_code2":"US","country_medal_code3":"USA","country_medal_ioc_country_code":"USA","date_of_birth":"1878-04-25","place_of_birth_wikidata_id":"Q574895","place_of_birth":"Red Bud","place_of_birth_located_in_wikidata_id":"Q486499","place_of_birth_located_in":"Randolph County","place_of_birth_coordinates":"38.2095923,-89.9997593","sex_or_gender_wikidata_id":"Q6581097","sex_or_gender":"male","event_wikidata_id":"Q1047484","event_link":"https://en.wikipedia.org/wiki/Gymnastics_at_the_1904_Summer_Olympics_–_Men's_rings","event_name":"gymnastics at the 1904 Summer Olympics – men's rings","event_part_of_wikidata_id":"Q532793","event_part_of":"gymnastics at the 1904 Summer Olympics","event_sport_wikidata_id":"Q43450","event_sport":"gymnastics","sport_wikidata_id":"Q43450","sport":"gymnastics","source_page":"https://en.wikipedia.org/wiki/List_of_1904_Summer_Olympics_medal_winners","source_kind":"layers-derived-wikipedia-wikidata"}},{"type":"Feature","id":"olympic-medals-birthplace-1904-d43c1b33635cdaae","geometry":{"type":"Point","coordinates":[-90.19944444444444,38.62638888888889]},"properties":{"year":1904,"medalist_wikidata_id":"Q1803393","medalist_link":"https://en.wikipedia.org/wiki/Emil_Voigt_(gymnast)","medalist_name":"Emil Voigt","medal":"bronze","delegation_wikidata_id":"Q1350274","delegation_link":"https://en.wikipedia.org/wiki/United_States_at_the_1904_Summer_Olympics","delegation_name":"United States at the 1904 Summer Olympics","country_medal_wikidata_id":"Q30","country_medal":"United States","country_medal_code2":"US","country_medal_code3":"USA","country_medal_ioc_country_code":"USA","date_of_birth":"1879-12-15","place_of_birth_wikidata_id":"Q38022","place_of_birth":"St. Louis","place_of_birth_located_in_wikidata_id":"Q1581","place_of_birth_located_in":"Missouri","place_of_birth_coordinates":"38.62638888888889,-90.19944444444444","sex_or_gender_wikidata_id":"Q6581097","sex_or_gender":"male","event_wikidata_id":"Q1047484","event_link":"https://en.wikipedia.org/wiki/Gymnastics_at_the_1904_Summer_Olympics_–_Men's_rings","event_name":"gymnastics at the 1904 Summer Olympics – men's rings","event_part_of_wikidata_id":"Q532793","event_part_of":"gymnastics at the 1904 Summer Olympics","event_sport_wikidata_id":"Q43450","event_sport":"gymnastics","sport_wikidata_id":"Q43450","sport":"gymnastics","source_page":"https://en.wikipedia.org/wiki/List_of_1904_Summer_Olympics_medal_winners","source_kind":"layers-derived-wikipedia-wikidata"}},{"type":"Feature","id":"olympic-medals-birthplace-1904-482ddfb2529cbf2e","geometry":{"type":"Point","coordinates":[10.139444444444,54.323333333333]},"properties":{"year":1904,"medalist_wikidata_id":"Q556883","medalist_link":"https://en.wikipedia.org/wiki/George_Eyser","medalist_name":"George Eyser","medal":"gold","delegation_wikidata_id":"Q1350274","delegation_link":"https://en.wikipedia.org/wiki/United_States_at_the_1904_Summer_Olympics","delegation_name":"United States at the 1904 Summer Olympics","country_medal_wikidata_id":"Q30","country_medal":"United States","country_medal_code2":"US","country_medal_code3":"USA","country_medal_ioc_country_code":"USA","date_of_birth":"1870-08-31","place_of_birth_wikidata_id":"Q1707","place_of_birth":"Kiel","place_of_birth_located_in_wikidata_id":"Q1194","place_of_birth_located_in":"Schleswig-Holstein","place_of_birth_coordinates":"54.323333333333,10.139444444444","sex_or_gender_wikidata_id":"Q6581097","sex_or_gender":"male","event_wikidata_id":"Q861744","event_link":"https://en.wikipedia.org/wiki/Gymnastics_at_the_1904_Summer_Olympics_–_Men's_vault","event_name":"gymnastics at the 1904 Summer Olympics – men's vault","event_part_of_wikidata_id":"Q532793","event_part_of":"gymnastics at the 1904 Summer Olympics","event_sport_wikidata_id":"Q43450","event_sport":"gymnastics","sport_wikidata_id":"Q43450","sport":"gymnastics","source_page":"https://en.wikipedia.org/wiki/List_of_1904_Summer_Olympics_medal_winners","source_kind":"layers-derived-wikipedia-wikidata"}},{"type":"Feature","id":"olympic-medals-birthplace-1904-506e228e9df15e34","geometry":{"type":"Point","coordinates":[-89.9997593,38.2095923]},"properties":{"year":1904,"medalist_wikidata_id":"Q2638690","medalist_link":"https://en.wikipedia.org/wiki/William_Merz","medalist_name":"William Merz","medal":"bronze","delegation_wikidata_id":"Q1350274","delegation_link":"https://en.wikipedia.org/wiki/United_States_at_the_1904_Summer_Olympics","delegation_name":"United States at the 1904 Summer Olympics","country_medal_wikidata_id":"Q30","country_medal":"United States","country_medal_code2":"US","country_medal_code3":"USA","country_medal_ioc_country_code":"USA","date_of_birth":"1878-04-25","place_of_birth_wikidata_id":"Q574895","place_of_birth":"Red Bud","place_of_birth_located_in_wikidata_id":"Q486499","place_of_birth_located_in":"Randolph County","place_of_birth_coordinates":"38.2095923,-89.9997593","sex_or_gender_wikidata_id":"Q6581097","sex_or_gender":"male","event_wikidata_id":"Q861744","event_link":"https://en.wikipedia.org/wiki/Gymnastics_at_the_1904_Summer_Olympics_–_Men's_vault","event_name":"gymnastics at the 1904 Summer Olympics – men's vault","event_part_of_wikidata_id":"Q532793","event_part_of":"gymnastics at the 1904 Summer Olympics","event_sport_wikidata_id":"Q43450","event_sport":"gymnastics","sport_wikidata_id":"Q43450","sport":"gymnastics","source_page":"https://en.wikipedia.org/wiki/List_of_1904_Summer_Olympics_medal_winners","source_kind":"layers-derived-wikipedia-wikidata"}},{"type":"Feature","id":"olympic-medals-birthplace-1904-150e860463de9f79","geometry":{"type":"Point","coordinates":[10.139444444444,54.323333333333]},"properties":{"year":1904,"medalist_wikidata_id":"Q556883","medalist_link":"https://en.wikipedia.org/wiki/George_Eyser","medalist_name":"George Eyser","medal":"gold","delegation_wikidata_id":"Q1350274","delegation_link":"https://en.wikipedia.org/wiki/United_States_at_the_1904_Summer_Olympics","delegation_name":"United States at the 1904 Summer Olympics","country_medal_wikidata_id":"Q30","country_medal":"United States","country_medal_code2":"US","country_medal_code3":"USA","country_medal_ioc_country_code":"USA","date_of_birth":"1870-08-31","place_of_birth_wikidata_id":"Q1707","place_of_birth":"Kiel","place_of_birth_located_in_wikidata_id":"Q1194","place_of_birth_located_in":"Schleswig-Holstein","place_of_birth_coordinates":"54.323333333333,10.139444444444","sex_or_gender_wikidata_id":"Q6581097","sex_or_gender":"male","event_wikidata_id":"Q1047305","event_link":"https://en.wikipedia.org/wiki/Gymnastics_at_the_1904_Summer_Olympics_–_Men's_rope_climbing","event_name":"gymnastics at the 1904 Summer Olympics – men's rope climbing","event_part_of_wikidata_id":"Q532793","event_part_of":"gymnastics at the 1904 Summer Olympics","event_sport_wikidata_id":"Q43450","event_sport":"gymnastics","sport_wikidata_id":"Q43450","sport":"gymnastics","source_page":"https://en.wikipedia.org/wiki/List_of_1904_Summer_Olympics_medal_winners","source_kind":"layers-derived-wikipedia-wikidata"}},{"type":"Feature","id":"olympic-medals-birthplace-1904-efeffbb4ebdc86a7","geometry":{"type":"Point","coordinates":[-90.19944444444444,38.62638888888889]},"properties":{"year":1904,"medalist_wikidata_id":"Q1803393","medalist_link":"https://en.wikipedia.org/wiki/Emil_Voigt_(gymnast)","medalist_name":"Emil Voigt","medal":"bronze","delegation_wikidata_id":"Q1350274","delegation_link":"https://en.wikipedia.org/wiki/United_States_at_the_1904_Summer_Olympics","delegation_name":"United States at the 1904 Summer Olympics","country_medal_wikidata_id":"Q30","country_medal":"United States","country_medal_code2":"US","country_medal_code3":"USA","country_medal_ioc_country_code":"USA","date_of_birth":"1879-12-15","place_of_birth_wikidata_id":"Q38022","place_of_birth":"St. Louis","place_of_birth_located_in_wikidata_id":"Q1581","place_of_birth_located_in":"Missouri","place_of_birth_coordinates":"38.62638888888889,-90.19944444444444","sex_or_gender_wikidata_id":"Q6581097","sex_or_gender":"male","event_wikidata_id":"Q1047305","event_link":"https://en.wikipedia.org/wiki/Gymnastics_at_the_1904_Summer_Olympics_–_Men's_rope_climbing","event_name":"gymnastics at the 1904 Summer Olympics – men's rope climbing","event_part_of_wikidata_id":"Q532793","event_part_of":"gymnastics at the 1904 Summer Olympics","event_sport_wikidata_id":"Q43450","event_sport":"gymnastics","sport_wikidata_id":"Q43450","sport":"gymnastics","source_page":"https://en.wikipedia.org/wiki/List_of_1904_Summer_Olympics_medal_winners","source_kind":"layers-derived-wikipedia-wikidata"}},{"type":"Feature","id":"olympic-medals-birthplace-1904-631cec338fcc101b","geometry":{"type":"Point","coordinates":[-81.69472222222223,41.49916666666667]},"properties":{"year":1904,"medalist_wikidata_id":"Q1292516","medalist_link":"https://en.wikipedia.org/wiki/Edward_Hennig","medalist_name":"Edward Hennig","medal":"gold","delegation_wikidata_id":"Q1350274","delegation_link":"https://en.wikipedia.org/wiki/United_States_at_the_1904_Summer_Olympics","delegation_name":"United States at the 1904 Summer Olympics","country_medal_wikidata_id":"Q30","country_medal":"United States","country_medal_code2":"US","country_medal_code3":"USA","country_medal_ioc_country_code":"USA","date_of_birth":"1879-10-13","place_of_birth_wikidata_id":"Q37320","place_of_birth":"Cleveland","place_of_birth_located_in_wikidata_id":"Q251267","place_of_birth_located_in":"Cuyahoga County","place_of_birth_coordinates":"41.49916666666667,-81.69472222222223","sex_or_gender_wikidata_id":"Q6581097","sex_or_gender":"male","event_wikidata_id":"Q1047026","event_link":"https://en.wikipedia.org/wiki/Gymnastics_at_the_1904_Summer_Olympics_–_Men's_club_swinging","event_name":"gymnastics at the 1904 Summer Olympics – men's club swinging","event_part_of_wikidata_id":"Q532793","event_part_of":"gymnastics at the 1904 Summer Olympics","event_sport_wikidata_id":"Q43450","event_sport":"gymnastics","sport_wikidata_id":"Q43450","sport":"gymnastics","source_page":"https://en.wikipedia.org/wiki/List_of_1904_Summer_Olympics_medal_winners","source_kind":"layers-derived-wikipedia-wikidata"}},{"type":"Feature","id":"olympic-medals-birthplace-1904-179cbddad586fbae","geometry":{"type":"Point","coordinates":[-90.19944444444444,38.62638888888889]},"properties":{"year":1904,"medalist_wikidata_id":"Q1803393","medalist_link":"https://en.wikipedia.org/wiki/Emil_Voigt_(gymnast)","medalist_name":"Emil Voigt","medal":"silver","delegation_wikidata_id":"Q1350274","delegation_link":"https://en.wikipedia.org/wiki/United_States_at_the_1904_Summer_Olympics","delegation_name":"United States at the 1904 Summer Olympics","country_medal_wikidata_id":"Q30","country_medal":"United States","country_medal_code2":"US","country_medal_code3":"USA","country_medal_ioc_country_code":"USA","date_of_birth":"1879-12-15","place_of_birth_wikidata_id":"Q38022","place_of_birth":"St. Louis","place_of_birth_located_in_wikidata_id":"Q1581","place_of_birth_located_in":"Missouri","place_of_birth_coordinates":"38.62638888888889,-90.19944444444444","sex_or_gender_wikidata_id":"Q6581097","sex_or_gender":"male","event_wikidata_id":"Q1047026","event_link":"https://en.wikipedia.org/wiki/Gymnastics_at_the_1904_Summer_Olympics_–_Men's_club_swinging","event_name":"gymnastics at the 1904 Summer Olympics – men's club swinging","event_part_of_wikidata_id":"Q532793","event_part_of":"gymnastics at the 1904 Summer Olympics","event_sport_wikidata_id":"Q43450","event_sport":"gymnastics","sport_wikidata_id":"Q43450","sport":"gymnastics","source_page":"https://en.wikipedia.org/wiki/List_of_1904_Summer_Olympics_medal_winners","source_kind":"layers-derived-wikipedia-wikidata"}},{"type":"Feature","id":"olympic-medals-birthplace-1904-8a876db8bc9526ac","geometry":{"type":"Point","coordinates":[-74.3975,44.812222222222]},"properties":{"year":1904,"medalist_wikidata_id":"Q2484346","medalist_link":"https://en.wikipedia.org/wiki/Ralph_Wilson_(gymnast)","medalist_name":"Ralph Wilson","medal":"bronze","delegation_wikidata_id":"Q1350274","delegation_link":"https://en.wikipedia.org/wiki/United_States_at_the_1904_Summer_Olympics","delegation_name":"United States at the 1904 Summer Olympics","country_medal_wikidata_id":"Q30","country_medal":"United States","country_medal_code2":"US","country_medal_code3":"USA","country_medal_ioc_country_code":"USA","date_of_birth":"1880-06-24","place_of_birth_wikidata_id":"Q3396410","place_of_birth":"Bangor","place_of_birth_located_in_wikidata_id":"Q115247","place_of_birth_located_in":"Franklin County","place_of_birth_coordinates":"44.812222222222,-74.3975","sex_or_gender_wikidata_id":"Q6581097","sex_or_gender":"male","event_wikidata_id":"Q1047026","event_link":"https://en.wikipedia.org/wiki/Gymnastics_at_the_1904_Summer_Olympics_–_Men's_club_swinging","event_name":"gymnastics at the 1904 Summer Olympics – men's club swinging","event_part_of_wikidata_id":"Q532793","event_part_of":"gymnastics at the 1904 Summer Olympics","event_sport_wikidata_id":"Q43450","event_sport":"gymnastics","sport_wikidata_id":"Q43450","sport":"gymnastics","source_page":"https://en.wikipedia.org/wiki/List_of_1904_Summer_Olympics_medal_winners","source_kind":"layers-derived-wikipedia-wikidata"}},{"type":"Feature","id":"olympic-medals-birthplace-1904-7e401d19445f0864","geometry":{"type":"Point","coordinates":[-73.5868411,45.5033426]},"properties":{"year":1904,"medalist_wikidata_id":"Q3722884","medalist_link":"https://en.wikipedia.org/wiki/Élie_Blanchard","medalist_name":"Eli Blanchard","medal":"gold","delegation_wikidata_id":"Q1207374","delegation_link":"https://en.wikipedia.org/wiki/Canada_at_the_1904_Summer_Olympics","delegation_name":"Canada at the 1904 Summer Olympics","country_medal_wikidata_id":"Q16","country_medal":"Canada","country_medal_code2":"CA","country_medal_code3":"CAN","country_medal_ioc_country_code":"CAN","date_of_birth":"1881-08-03","place_of_birth_wikidata_id":"Q340","place_of_birth":"Montreal","place_of_birth_located_in_wikidata_id":"Q2826806","place_of_birth_located_in":"Urban agglomeration of Montreal","place_of_birth_coordinates":"45.5033426,-73.5868411","sex_or_gender_wikidata_id":"Q6581097","sex_or_gender":"male","event_link":null,"event_name":"Lacrosse","event_part_of_wikidata_id":null,"event_part_of":null,"event_sport_wikidata_id":null,"event_sport":"Lacrosse","sport_wikidata_id":null,"sport":"Lacrosse","source_page":"https://en.wikipedia.org/wiki/List_of_1904_Summer_Olympics_medal_winners","source_kind":"layers-derived-wikipedia-wikidata"}},{"type":"Feature","id":"olympic-medals-birthplace-1904-2b2ebb5fb08147d2","geometry":{"type":"Point","coordinates":[-79.766666666667,43.683333333333]},"properties":{"year":1904,"medalist_wikidata_id":"Q4019942","medalist_link":"https://en.wikipedia.org/wiki/William_Brennaugh","medalist_name":"William Brennaugh","medal":"gold","delegation_wikidata_id":"Q1207374","delegation_link":"https://en.wikipedia.org/wiki/Canada_at_the_1904_Summer_Olympics","delegation_name":"Canada at the 1904 Summer Olympics","country_medal_wikidata_id":"Q16","country_medal":"Canada","country_medal_code2":"CA","country_medal_code3":"CAN","country_medal_ioc_country_code":"CAN","date_of_birth":"1877-08-13","place_of_birth_wikidata_id":"Q44198","place_of_birth":"Brampton","place_of_birth_located_in_wikidata_id":"Q50811","place_of_birth_located_in":"Regional Municipality of Peel","place_of_birth_coordinates":"43.683333333333,-79.766666666667","sex_or_gender_wikidata_id":"Q6581097","sex_or_gender":"male","event_link":null,"event_name":"Lacrosse","event_part_of_wikidata_id":null,"event_part_of":null,"event_sport_wikidata_id":null,"event_sport":"Lacrosse","sport_wikidata_id":null,"sport":"Lacrosse","source_page":"https://en.wikipedia.org/wiki/List_of_1904_Summer_Olympics_medal_winners","source_kind":"layers-derived-wikipedia-wikidata"}},{"type":"Feature","id":"olympic-medals-birthplace-1904-7dfd5e04a6eea9ca","geometry":{"type":"Point","coordinates":[-77.036666666667,38.895]},"properties":{"year":1904,"medalist_wikidata_id":"Q592344","medalist_link":"https://en.wikipedia.org/wiki/George_Bretz","medalist_name":"George Bretz","medal":"gold","delegation_wikidata_id":"Q1207374","delegation_link":"https://en.wikipedia.org/wiki/Canada_at_the_1904_Summer_Olympics","delegation_name":"Canada at the 1904 Summer Olympics","country_medal_wikidata_id":"Q16","country_medal":"Canada","country_medal_code2":"CA","country_medal_code3":"CAN","country_medal_ioc_country_code":"CAN","date_of_birth":"1880-09-03","place_of_birth_wikidata_id":"Q61","place_of_birth":"Washington, D.C.","place_of_birth_located_in_wikidata_id":"Q3551781","place_of_birth_located_in":"District of Columbia","place_of_birth_coordinates":"38.895,-77.036666666667","sex_or_gender_wikidata_id":"Q6581097","sex_or_gender":"male","event_link":null,"event_name":"Lacrosse","event_part_of_wikidata_id":null,"event_part_of":null,"event_sport_wikidata_id":null,"event_sport":"Lacrosse","sport_wikidata_id":null,"sport":"Lacrosse","source_page":"https://en.wikipedia.org/wiki/List_of_1904_Summer_Olympics_medal_winners","source_kind":"layers-derived-wikipedia-wikidata"}},{"type":"Feature","id":"olympic-medals-birthplace-1904-b89038ce341b5b8b","geometry":{"type":"Point","coordinates":[-85,50]},"properties":{"year":1904,"medalist_wikidata_id":"Q1768478","medalist_link":"https://en.wikipedia.org/wiki/William_Burns_(lacrosse)","medalist_name":"William Burns","medal":"gold","delegation_wikidata_id":"Q1207374","delegation_link":"https://en.wikipedia.org/wiki/Canada_at_the_1904_Summer_Olympics","delegation_name":"Canada at the 1904 Summer Olympics","country_medal_wikidata_id":"Q16","country_medal":"Canada","country_medal_code2":"CA","country_medal_code3":"CAN","country_medal_ioc_country_code":"CAN","date_of_birth":"1875-03-24","place_of_birth_wikidata_id":"Q1904","place_of_birth":"Ontario","place_of_birth_located_in_wikidata_id":"Q16","place_of_birth_located_in":"Canada","place_of_birth_coordinates":"50,-85","sex_or_gender_wikidata_id":"Q6581097","sex_or_gender":"male","event_link":null,"event_name":"Lacrosse","event_part_of_wikidata_id":null,"event_part_of":null,"event_sport_wikidata_id":null,"event_sport":"Lacrosse","sport_wikidata_id":null,"sport":"Lacrosse","source_page":"https://en.wikipedia.org/wiki/List_of_1904_Summer_Olympics_medal_winners","source_kind":"layers-derived-wikipedia-wikidata"}},{"type":"Feature","id":"olympic-medals-birthplace-1904-f65e08d051652422","geometry":{"type":"Point","coordinates":[-74.63305555555556,45.309444444444445]},"properties":{"year":1904,"medalist_wikidata_id":"Q2621434","medalist_link":"https://en.wikipedia.org/wiki/George_Cattanach","medalist_name":"George Cattanach","medal":"gold","delegation_wikidata_id":"Q1207374","delegation_link":"https://en.wikipedia.org/wiki/Canada_at_the_1904_Summer_Olympics","delegation_name":"Canada at the 1904 Summer Olympics","country_medal_wikidata_id":"Q16","country_medal":"Canada","country_medal_code2":"CA","country_medal_code3":"CAN","country_medal_ioc_country_code":"CAN","date_of_birth":"1878-07-25","place_of_birth_wikidata_id":"Q2077128","place_of_birth":"Alexandria","place_of_birth_located_in_wikidata_id":"Q623073","place_of_birth_located_in":"North Glengarry","place_of_birth_coordinates":"45.309444444444445,-74.63305555555556","sex_or_gender_wikidata_id":"Q6581097","sex_or_gender":"male","event_link":null,"event_name":"Lacrosse","event_part_of_wikidata_id":null,"event_part_of":null,"event_sport_wikidata_id":null,"event_sport":"Lacrosse","sport_wikidata_id":null,"sport":"Lacrosse","source_page":"https://en.wikipedia.org/wiki/List_of_1904_Summer_Olympics_medal_winners","source_kind":"layers-derived-wikipedia-wikidata"}},{"type":"Feature","id":"olympic-medals-birthplace-1904-0f8d849d89e6abda","geometry":{"type":"Point","coordinates":[-77.1167,45.8167]},"properties":{"year":1904,"medalist_wikidata_id":"Q3760467","medalist_link":"https://en.wikipedia.org/wiki/George_Cloutier","medalist_name":"George Cloutier","medal":"gold","delegation_wikidata_id":"Q1207374","delegation_link":"https://en.wikipedia.org/wiki/Canada_at_the_1904_Summer_Olympics","delegation_name":"Canada at the 1904 Summer Olympics","country_medal_wikidata_id":"Q16","country_medal":"Canada","country_medal_code2":"CA","country_medal_code3":"CAN","country_medal_ioc_country_code":"CAN","date_of_birth":"1876-07-16","place_of_birth_wikidata_id":"Q1075086","place_of_birth":"Pembroke","place_of_birth_located_in_wikidata_id":"Q1815526","place_of_birth_located_in":"Renfrew County","place_of_birth_coordinates":"45.8167,-77.1167","sex_or_gender_wikidata_id":"Q6581097","sex_or_gender":"male","event_link":null,"event_name":"Lacrosse","event_part_of_wikidata_id":null,"event_part_of":null,"event_sport_wikidata_id":null,"event_sport":"Lacrosse","sport_wikidata_id":null,"sport":"Lacrosse","source_page":"https://en.wikipedia.org/wiki/List_of_1904_Summer_Olympics_medal_winners","source_kind":"layers-derived-wikipedia-wikidata"}},{"type":"Feature","id":"olympic-medals-birthplace-1904-9e5ea147f5bbe103","geometry":{"type":"Point","coordinates":[-85,50]},"properties":{"year":1904,"medalist_wikidata_id":"Q964320","medalist_link":"https://en.wikipedia.org/wiki/Sandy_Cowan","medalist_name":"Sandy Cowan","medal":"gold","delegation_wikidata_id":"Q1207374","delegation_link":"https://en.wikipedia.org/wiki/Canada_at_the_1904_Summer_Olympics","delegation_name":"Canada at the 1904 Summer Olympics","country_medal_wikidata_id":"Q16","country_medal":"Canada","country_medal_code2":"CA","country_medal_code3":"CAN","country_medal_ioc_country_code":"CAN","date_of_birth":"1879-02-05","place_of_birth_wikidata_id":"Q1904","place_of_birth":"Ontario","place_of_birth_located_in_wikidata_id":"Q16","place_of_birth_located_in":"Canada","place_of_birth_coordinates":"50,-85","sex_or_gender_wikidata_id":"Q6581097","sex_or_gender":"male","event_link":null,"event_name":"Lacrosse","event_part_of_wikidata_id":null,"event_part_of":null,"event_sport_wikidata_id":null,"event_sport":"Lacrosse","sport_wikidata_id":null,"sport":"Lacrosse","source_page":"https://en.wikipedia.org/wiki/List_of_1904_Summer_Olympics_medal_winners","source_kind":"layers-derived-wikipedia-wikidata"}},{"type":"Feature","id":"olympic-medals-birthplace-1904-e928ab0fae57109a","geometry":{"type":"Point","coordinates":[-97,55]},"properties":{"year":1904,"medalist_wikidata_id":"Q2424365","medalist_link":"https://en.wikipedia.org/wiki/Jack_Flett","medalist_name":"Jack Flett","medal":"gold","delegation_wikidata_id":"Q1207374","delegation_link":"https://en.wikipedia.org/wiki/Canada_at_the_1904_Summer_Olympics","delegation_name":"Canada at the 1904 Summer Olympics","country_medal_wikidata_id":"Q16","country_medal":"Canada","country_medal_code2":"CA","country_medal_code3":"CAN","country_medal_ioc_country_code":"CAN","date_of_birth":"1871-11-19","place_of_birth_wikidata_id":"Q1948","place_of_birth":"Manitoba","place_of_birth_located_in_wikidata_id":"Q16","place_of_birth_located_in":"Canada","place_of_birth_coordinates":"55,-97","sex_or_gender_wikidata_id":"Q6581097","sex_or_gender":"male","event_link":null,"event_name":"Lacrosse","event_part_of_wikidata_id":null,"event_part_of":null,"event_sport_wikidata_id":null,"event_sport":"Lacrosse","sport_wikidata_id":null,"sport":"Lacrosse","source_page":"https://en.wikipedia.org/wiki/List_of_1904_Summer_Olympics_medal_winners","source_kind":"layers-derived-wikipedia-wikidata"}},{"type":"Feature","id":"olympic-medals-birthplace-1904-63e36f08b70d0053","geometry":{"type":"Point","coordinates":[-85,50]},"properties":{"year":1904,"medalist_wikidata_id":"Q3638253","medalist_link":"https://en.wikipedia.org/wiki/Benjamin_Jamieson","medalist_name":"Benjamin Jamieson","medal":"gold","delegation_wikidata_id":"Q1207374","delegation_link":"https://en.wikipedia.org/wiki/Canada_at_the_1904_Summer_Olympics","delegation_name":"Canada at the 1904 Summer Olympics","country_medal_wikidata_id":"Q16","country_medal":"Canada","country_medal_code2":"CA","country_medal_code3":"CAN","country_medal_ioc_country_code":"CAN","date_of_birth":"1874-03-15","place_of_birth_wikidata_id":"Q1904","place_of_birth":"Ontario","place_of_birth_located_in_wikidata_id":"Q16","place_of_birth_located_in":"Canada","place_of_birth_coordinates":"50,-85","sex_or_gender_wikidata_id":"Q6581097","sex_or_gender":"male","event_link":null,"event_name":"Lacrosse","event_part_of_wikidata_id":null,"event_part_of":null,"event_sport_wikidata_id":null,"event_sport":"Lacrosse","sport_wikidata_id":null,"sport":"Lacrosse","source_page":"https://en.wikipedia.org/wiki/List_of_1904_Summer_Olympics_medal_winners","source_kind":"layers-derived-wikipedia-wikidata"}},{"type":"Feature","id":"olympic-medals-birthplace-1904-2612293b8d4b9476","geometry":{"type":"Point","coordinates":[-85,50]},"properties":{"year":1904,"medalist_wikidata_id":"Q1768472","medalist_link":"https://en.wikipedia.org/wiki/Hilliard_Laidlaw","medalist_name":"Stuart Laidlaw","medal":"gold","delegation_wikidata_id":"Q1207374","delegation_link":"https://en.wikipedia.org/wiki/Canada_at_the_1904_Summer_Olympics","delegation_name":"Canada at the 1904 Summer Olympics","country_medal_wikidata_id":"Q16","country_medal":"Canada","country_medal_code2":"CA","country_medal_code3":"CAN","country_medal_ioc_country_code":"CAN","date_of_birth":"1877-03-02","place_of_birth_wikidata_id":"Q1904","place_of_birth":"Ontario","place_of_birth_located_in_wikidata_id":"Q16","place_of_birth_located_in":"Canada","place_of_birth_coordinates":"50,-85","sex_or_gender_wikidata_id":"Q6581097","sex_or_gender":"male","event_link":null,"event_name":"Lacrosse","event_part_of_wikidata_id":null,"event_part_of":null,"event_sport_wikidata_id":null,"event_sport":"Lacrosse","sport_wikidata_id":null,"sport":"Lacrosse","source_page":"https://en.wikipedia.org/wiki/List_of_1904_Summer_Olympics_medal_winners","source_kind":"layers-derived-wikipedia-wikidata"}},{"type":"Feature","id":"olympic-medals-birthplace-1904-57f717e5579043c5","geometry":{"type":"Point","coordinates":[-85,50]},"properties":{"year":1904,"medalist_wikidata_id":"Q2420099","medalist_link":"https://en.wikipedia.org/wiki/Hilliard_Lyle","medalist_name":"Hilliard Lyle","medal":"gold","delegation_wikidata_id":"Q1207374","delegation_link":"https://en.wikipedia.org/wiki/Canada_at_the_1904_Summer_Olympics","delegation_name":"Canada at the 1904 Summer Olympics","country_medal_wikidata_id":"Q16","country_medal":"Canada","country_medal_code2":"CA","country_medal_code3":"CAN","country_medal_ioc_country_code":"CAN","date_of_birth":"1879-12-21","place_of_birth_wikidata_id":"Q1904","place_of_birth":"Ontario","place_of_birth_located_in_wikidata_id":"Q16","place_of_birth_located_in":"Canada","place_of_birth_coordinates":"50,-85","sex_or_gender_wikidata_id":"Q6581097","sex_or_gender":"male","event_link":null,"event_name":"Lacrosse","event_part_of_wikidata_id":null,"event_part_of":null,"event_sport_wikidata_id":null,"event_sport":"Lacrosse","sport_wikidata_id":null,"sport":"Lacrosse","source_page":"https://en.wikipedia.org/wiki/List_of_1904_Summer_Olympics_medal_winners","source_kind":"layers-derived-wikipedia-wikidata"}},{"type":"Feature","id":"olympic-medals-birthplace-1904-544aa2922b21bfbc","geometry":{"type":"Point","coordinates":[-97,55]},"properties":{"year":1904,"medalist_wikidata_id":"Q2424436","medalist_link":"https://en.wikipedia.org/wiki/Lawrence_Pentland","medalist_name":"Lawrence Pentland","medal":"gold","delegation_wikidata_id":"Q1207374","delegation_link":"https://en.wikipedia.org/wiki/Canada_at_the_1904_Summer_Olympics","delegation_name":"Canada at the 1904 Summer Olympics","country_medal_wikidata_id":"Q16","country_medal":"Canada","country_medal_code2":"CA","country_medal_code3":"CAN","country_medal_ioc_country_code":"CAN","date_of_birth":"1879-04-06","place_of_birth_wikidata_id":"Q1948","place_of_birth":"Manitoba","place_of_birth_located_in_wikidata_id":"Q16","place_of_birth_located_in":"Canada","place_of_birth_coordinates":"55,-97","sex_or_gender_wikidata_id":"Q6581097","sex_or_gender":"male","event_link":null,"event_name":"Lacrosse","event_part_of_wikidata_id":null,"event_part_of":null,"event_sport_wikidata_id":null,"event_sport":"Lacrosse","sport_wikidata_id":null,"sport":"Lacrosse","source_page":"https://en.wikipedia.org/wiki/List_of_1904_Summer_Olympics_medal_winners","source_kind":"layers-derived-wikipedia-wikidata"}},{"type":"Feature","id":"olympic-medals-birthplace-1904-4a2d8649812c0cc0","geometry":{"type":"Point","coordinates":[-79.386666666667,43.670277777778]},"properties":{"year":1904,"medalist_wikidata_id":"Q4241532","medalist_link":"https://en.wikipedia.org/wiki/Hugh_Grogan","medalist_name":"Hugh Grogan","medal":"silver","delegation_wikidata_id":"Q1350274","delegation_link":"https://en.wikipedia.org/wiki/United_States_at_the_1904_Summer_Olympics","delegation_name":"United States at the 1904 Summer Olympics","country_medal_wikidata_id":"Q30","country_medal":"United States","country_medal_code2":"US","country_medal_code3":"USA","country_medal_ioc_country_code":"USA","date_of_birth":"1872-09-03","place_of_birth_wikidata_id":"Q172","place_of_birth":"Toronto","place_of_birth_located_in_wikidata_id":"Q1904","place_of_birth_located_in":"Ontario","place_of_birth_coordinates":"43.670277777778,-79.386666666667","sex_or_gender_wikidata_id":"Q6581097","sex_or_gender":"male","event_link":null,"event_name":"Lacrosse","event_part_of_wikidata_id":null,"event_part_of":null,"event_sport_wikidata_id":null,"event_sport":"Lacrosse","sport_wikidata_id":null,"sport":"Lacrosse","source_page":"https://en.wikipedia.org/wiki/List_of_1904_Summer_Olympics_medal_winners","source_kind":"layers-derived-wikipedia-wikidata"}},{"type":"Feature","id":"olympic-medals-birthplace-1904-a6e34a5fbdd33bb5","geometry":{"type":"Point","coordinates":[-90.19944444444444,38.62638888888889]},"properties":{"year":1904,"medalist_wikidata_id":"Q2621387","medalist_link":"https://en.wikipedia.org/wiki/George_Passmore_(lacrosse)","medalist_name":"George Passmore","medal":"silver","delegation_wikidata_id":"Q1350274","delegation_link":"https://en.wikipedia.org/wiki/United_States_at_the_1904_Summer_Olympics","delegation_name":"United States at the 1904 Summer Olympics","country_medal_wikidata_id":"Q30","country_medal":"United States","country_medal_code2":"US","country_medal_code3":"USA","country_medal_ioc_country_code":"USA","date_of_birth":"1889-08-24","place_of_birth_wikidata_id":"Q38022","place_of_birth":"St. Louis","place_of_birth_located_in_wikidata_id":"Q1581","place_of_birth_located_in":"Missouri","place_of_birth_coordinates":"38.62638888888889,-90.19944444444444","sex_or_gender_wikidata_id":"Q6581097","sex_or_gender":"male","event_link":null,"event_name":"Lacrosse","event_part_of_wikidata_id":null,"event_part_of":null,"event_sport_wikidata_id":null,"event_sport":"Lacrosse","sport_wikidata_id":null,"sport":"Lacrosse","source_page":"https://en.wikipedia.org/wiki/List_of_1904_Summer_Olympics_medal_winners","source_kind":"layers-derived-wikipedia-wikidata"}},{"type":"Feature","id":"olympic-medals-birthplace-1904-468e5fdb24246505","geometry":{"type":"Point","coordinates":[-90.19944444444444,38.62638888888889]},"properties":{"year":1904,"medalist_wikidata_id":"Q2420681","medalist_link":"https://en.wikipedia.org/wiki/William_T._Passmore","medalist_name":"William T. Passmore","medal":"silver","delegation_wikidata_id":"Q1350274","delegation_link":"https://en.wikipedia.org/wiki/United_States_at_the_1904_Summer_Olympics","delegation_name":"United States at the 1904 Summer Olympics","country_medal_wikidata_id":"Q30","country_medal":"United States","country_medal_code2":"US","country_medal_code3":"USA","country_medal_ioc_country_code":"USA","date_of_birth":"1882-09-06","place_of_birth_wikidata_id":"Q38022","place_of_birth":"St. Louis","place_of_birth_located_in_wikidata_id":"Q1581","place_of_birth_located_in":"Missouri","place_of_birth_coordinates":"38.62638888888889,-90.19944444444444","sex_or_gender_wikidata_id":"Q6581097","sex_or_gender":"male","event_link":null,"event_name":"Lacrosse","event_part_of_wikidata_id":null,"event_part_of":null,"event_sport_wikidata_id":null,"event_sport":"Lacrosse","sport_wikidata_id":null,"sport":"Lacrosse","source_page":"https://en.wikipedia.org/wiki/List_of_1904_Summer_Olympics_medal_winners","source_kind":"layers-derived-wikipedia-wikidata"}},{"type":"Feature","id":"olympic-medals-birthplace-1904-8d1a86019b440239","geometry":{"type":"Point","coordinates":[-78.166666666667,43.966666666667]},"properties":{"year":1904,"medalist_wikidata_id":"Q1770560","medalist_link":"https://en.wikipedia.org/wiki/Jack_Sullivan_(lacrosse)","medalist_name":"Jack Sullivan","medal":"silver","delegation_wikidata_id":"Q1350274","delegation_link":"https://en.wikipedia.org/wiki/United_States_at_the_1904_Summer_Olympics","delegation_name":"United States at the 1904 Summer Olympics","country_medal_wikidata_id":"Q30","country_medal":"United States","country_medal_code2":"US","country_medal_code3":"USA","country_medal_ioc_country_code":"USA","date_of_birth":"1870-08-29","place_of_birth_wikidata_id":"Q1007418","place_of_birth":"Cobourg","place_of_birth_located_in_wikidata_id":"Q1752156","place_of_birth_located_in":"Northumberland County","place_of_birth_coordinates":"43.966666666667,-78.166666666667","sex_or_gender_wikidata_id":"Q6581097","sex_or_gender":"male","event_link":null,"event_name":"Lacrosse","event_part_of_wikidata_id":null,"event_part_of":null,"event_sport_wikidata_id":null,"event_sport":"Lacrosse","sport_wikidata_id":null,"sport":"Lacrosse","source_page":"https://en.wikipedia.org/wiki/List_of_1904_Summer_Olympics_medal_winners","source_kind":"layers-derived-wikipedia-wikidata"}},{"type":"Feature","id":"olympic-medals-birthplace-1904-0be2345500da6fd7","geometry":{"type":"Point","coordinates":[-84.963333,42.274167]},"properties":{"year":1904,"medalist_wikidata_id":"Q4121098","medalist_link":"https://en.wikipedia.org/wiki/Albert_Venn","medalist_name":"Albert Venn","medal":"silver","delegation_wikidata_id":"Q1350274","delegation_link":"https://en.wikipedia.org/wiki/United_States_at_the_1904_Summer_Olympics","delegation_name":"United States at the 1904 Summer Olympics","country_medal_wikidata_id":"Q30","country_medal":"United States","country_medal_code2":"US","country_medal_code3":"USA","country_medal_ioc_country_code":"USA","date_of_birth":"1867-09-24","place_of_birth_wikidata_id":"Q2195634","place_of_birth":"Marshall","place_of_birth_located_in_wikidata_id":"Q137516","place_of_birth_located_in":"Calhoun County","place_of_birth_coordinates":"42.274167,-84.963333","sex_or_gender_wikidata_id":"Q6581097","sex_or_gender":"male","event_link":null,"event_name":"Lacrosse","event_part_of_wikidata_id":null,"event_part_of":null,"event_sport_wikidata_id":null,"event_sport":"Lacrosse","sport_wikidata_id":null,"sport":"Lacrosse","source_page":"https://en.wikipedia.org/wiki/List_of_1904_Summer_Olympics_medal_winners","source_kind":"layers-derived-wikipedia-wikidata"}},{"type":"Feature","id":"olympic-medals-birthplace-1904-2b14d921101f5fd8","geometry":{"type":"Point","coordinates":[-79.019444444444,42.538055555556]},"properties":{"year":1904,"medalist_wikidata_id":"Q4733811","medalist_link":"https://en.wikipedia.org/wiki/Almighty_Voice_(lacrosse)","medalist_name":"Almighty Voice","medal":"bronze","delegation_wikidata_id":"Q1207374","delegation_link":"https://en.wikipedia.org/wiki/Canada_at_the_1904_Summer_Olympics","delegation_name":"Canada at the 1904 Summer Olympics","country_medal_wikidata_id":"Q16","country_medal":"Canada","country_medal_code2":"CA","country_medal_code3":"CAN","country_medal_ioc_country_code":"CAN","date_of_birth":"1873-02-19","place_of_birth_wikidata_id":"Q5054056","place_of_birth":"Cattaraugus Reservation","place_of_birth_located_in_wikidata_id":"Q1384","place_of_birth_located_in":"New York","place_of_birth_coordinates":"42.538055555556,-79.019444444444","sex_or_gender_wikidata_id":"Q6581097","sex_or_gender":"male","event_link":null,"event_name":"Lacrosse","event_part_of_wikidata_id":null,"event_part_of":null,"event_sport_wikidata_id":null,"event_sport":"Lacrosse","sport_wikidata_id":null,"sport":"Lacrosse","source_page":"https://en.wikipedia.org/wiki/List_of_1904_Summer_Olympics_medal_winners","source_kind":"layers-derived-wikipedia-wikidata"}},{"type":"Feature","id":"olympic-medals-birthplace-1904-66452bf8256585a4","geometry":{"type":"Point","coordinates":[-72.547455,42.112411]},"properties":{"year":1904,"medalist_wikidata_id":"Q1065032","medalist_link":"https://en.wikipedia.org/wiki/Charles_Jacobus","medalist_name":"Charles Jacobus","medal":"gold","delegation_wikidata_id":"Q1350274","delegation_link":"https://en.wikipedia.org/wiki/United_States_at_the_1904_Summer_Olympics","delegation_name":"United States at the 1904 Summer Olympics","country_medal_wikidata_id":"Q30","country_medal":"United States","country_medal_code2":"US","country_medal_code3":"USA","country_medal_ioc_country_code":"USA","date_of_birth":"1840-05-01","place_of_birth_wikidata_id":"Q49158","place_of_birth":"Springfield","place_of_birth_located_in_wikidata_id":"Q54160","place_of_birth_located_in":"Hampden County","place_of_birth_coordinates":"42.112411,-72.547455","sex_or_gender_wikidata_id":"Q6581097","sex_or_gender":"male","event_link":null,"event_name":"Roque","event_part_of_wikidata_id":null,"event_part_of":null,"event_sport_wikidata_id":null,"event_sport":"Roque","sport_wikidata_id":null,"sport":"Roque","source_page":"https://en.wikipedia.org/wiki/List_of_1904_Summer_Olympics_medal_winners","source_kind":"layers-derived-wikipedia-wikidata"}},{"type":"Feature","id":"olympic-medals-birthplace-1904-83fe7241fc34a8c9","geometry":{"type":"Point","coordinates":[-85,50]},"properties":{"year":1904,"medalist_wikidata_id":"Q2536069","medalist_link":"https://en.wikipedia.org/wiki/Smith_Streeter","medalist_name":"Smith Streeter","medal":"silver","delegation_wikidata_id":"Q1350274","delegation_link":"https://en.wikipedia.org/wiki/United_States_at_the_1904_Summer_Olympics","delegation_name":"United States at the 1904 Summer Olympics","country_medal_wikidata_id":"Q30","country_medal":"United States","country_medal_code2":"US","country_medal_code3":"USA","country_medal_ioc_country_code":"USA","date_of_birth":"1851-07-01","place_of_birth_wikidata_id":"Q1904","place_of_birth":"Ontario","place_of_birth_located_in_wikidata_id":"Q16","place_of_birth_located_in":"Canada","place_of_birth_coordinates":"50,-85","sex_or_gender_wikidata_id":"Q6581097","sex_or_gender":"male","event_link":null,"event_name":"Roque","event_part_of_wikidata_id":null,"event_part_of":null,"event_sport_wikidata_id":null,"event_sport":"Roque","sport_wikidata_id":null,"sport":"Roque","source_page":"https://en.wikipedia.org/wiki/List_of_1904_Summer_Olympics_medal_winners","source_kind":"layers-derived-wikipedia-wikidata"}},{"type":"Feature","id":"olympic-medals-birthplace-1904-1c5bcdd56d8d4b7d","geometry":{"type":"Point","coordinates":[-88.006111111111,40.715]},"properties":{"year":1904,"medalist_wikidata_id":"Q933773","medalist_link":"https://en.wikipedia.org/wiki/Charles_Brown_(roque_player)","medalist_name":"Charles Brown","medal":"bronze","delegation_wikidata_id":"Q1350274","delegation_link":"https://en.wikipedia.org/wiki/United_States_at_the_1904_Summer_Olympics","delegation_name":"United States at the 1904 Summer Olympics","country_medal_wikidata_id":"Q30","country_medal":"United States","country_medal_code2":"US","country_medal_code3":"USA","country_medal_ioc_country_code":"USA","date_of_birth":"1867-03-12","place_of_birth_wikidata_id":"Q2224984","place_of_birth":"Onarga","place_of_birth_located_in_wikidata_id":"Q491011","place_of_birth_located_in":"Iroquois County","place_of_birth_coordinates":"40.715,-88.006111111111","sex_or_gender_wikidata_id":"Q6581097","sex_or_gender":"male","event_link":null,"event_name":"Roque","event_part_of_wikidata_id":null,"event_part_of":null,"event_sport_wikidata_id":null,"event_sport":"Roque","sport_wikidata_id":null,"sport":"Roque","source_page":"https://en.wikipedia.org/wiki/List_of_1904_Summer_Olympics_medal_winners","source_kind":"layers-derived-wikipedia-wikidata"}},{"type":"Feature","id":"olympic-medals-birthplace-1904-c4f7c2d7cb4453f8","geometry":{"type":"Point","coordinates":[-71.039166666667,42.375]},"properties":{"year":1904,"medalist_wikidata_id":"Q1802792","medalist_link":"https://en.wikipedia.org/wiki/Frank_Greer","medalist_name":"Frank Greer","medal":"gold","delegation_wikidata_id":"Q1350274","delegation_link":"https://en.wikipedia.org/wiki/United_States_at_the_1904_Summer_Olympics","delegation_name":"United States at the 1904 Summer Olympics","country_medal_wikidata_id":"Q30","country_medal":"United States","country_medal_code2":"US","country_medal_code3":"USA","country_medal_ioc_country_code":"USA","date_of_birth":"1879-02-26","place_of_birth_wikidata_id":"Q1277756","place_of_birth":"East Boston","place_of_birth_located_in_wikidata_id":"Q100","place_of_birth_located_in":"Boston","place_of_birth_coordinates":"42.375,-71.039166666667","sex_or_gender_wikidata_id":"Q6581097","sex_or_gender":"male","event_wikidata_id":"Q1046530","event_link":"https://en.wikipedia.org/wiki/Rowing_at_the_1904_Summer_Olympics_–_Men's_single_sculls","event_name":"rowing at the 1904 Summer Olympics – men's single sculls","event_part_of_wikidata_id":"Q838617","event_part_of":"rowing at the 1904 Summer Olympics","event_sport_wikidata_id":"Q159354","event_sport":"rowing","sport_wikidata_id":"Q159354","sport":"rowing","source_page":"https://en.wikipedia.org/wiki/List_of_1904_Summer_Olympics_medal_winners","source_kind":"layers-derived-wikipedia-wikidata"}},{"type":"Feature","id":"olympic-medals-birthplace-1904-6f499e9be2b2dfc0","geometry":{"type":"Point","coordinates":[-75.163611111111,39.952777777778]},"properties":{"year":1904,"medalist_wikidata_id":"Q2425739","medalist_link":"https://en.wikipedia.org/wiki/James_Juvenal","medalist_name":"James Juvenal","medal":"silver","delegation_wikidata_id":"Q1350274","delegation_link":"https://en.wikipedia.org/wiki/United_States_at_the_1904_Summer_Olympics","delegation_name":"United States at the 1904 Summer Olympics","country_medal_wikidata_id":"Q30","country_medal":"United States","country_medal_code2":"US","country_medal_code3":"USA","country_medal_ioc_country_code":"USA","date_of_birth":"1874-01-12","place_of_birth_wikidata_id":"Q1345","place_of_birth":"Philadelphia","place_of_birth_located_in_wikidata_id":"Q496900","place_of_birth_located_in":"Philadelphia County","place_of_birth_coordinates":"39.952777777778,-75.163611111111","sex_or_gender_wikidata_id":"Q6581097","sex_or_gender":"male","event_wikidata_id":"Q1046530","event_link":"https://en.wikipedia.org/wiki/Rowing_at_the_1904_Summer_Olympics_–_Men's_single_sculls","event_name":"rowing at the 1904 Summer Olympics – men's single sculls","event_part_of_wikidata_id":"Q838617","event_part_of":"rowing at the 1904 Summer Olympics","event_sport_wikidata_id":"Q159354","event_sport":"rowing","sport_wikidata_id":"Q159354","sport":"rowing","source_page":"https://en.wikipedia.org/wiki/List_of_1904_Summer_Olympics_medal_winners","source_kind":"layers-derived-wikipedia-wikidata"}},{"type":"Feature","id":"olympic-medals-birthplace-1904-fd275d44295fe434","geometry":{"type":"Point","coordinates":[-89.2472,30.3244]},"properties":{"year":1904,"medalist_wikidata_id":"Q2447527","medalist_link":"https://en.wikipedia.org/wiki/Constance_Titus","medalist_name":"Constance Titus","medal":"bronze","delegation_wikidata_id":"Q1350274","delegation_link":"https://en.wikipedia.org/wiki/United_States_at_the_1904_Summer_Olympics","delegation_name":"United States at the 1904 Summer Olympics","country_medal_wikidata_id":"Q30","country_medal":"United States","country_medal_code2":"US","country_medal_code3":"USA","country_medal_ioc_country_code":"USA","date_of_birth":"1873-08-14","place_of_birth_wikidata_id":"Q867480","place_of_birth":"Pass Christian","place_of_birth_located_in_wikidata_id":"Q485434","place_of_birth_located_in":"Harrison County","place_of_birth_coordinates":"30.3244,-89.2472","sex_or_gender_wikidata_id":"Q6581097","sex_or_gender":"male","event_wikidata_id":"Q1046530","event_link":"https://en.wikipedia.org/wiki/Rowing_at_the_1904_Summer_Olympics_–_Men's_single_sculls","event_name":"rowing at the 1904 Summer Olympics – men's single sculls","event_part_of_wikidata_id":"Q838617","event_part_of":"rowing at the 1904 Summer Olympics","event_sport_wikidata_id":"Q159354","event_sport":"rowing","sport_wikidata_id":"Q159354","sport":"rowing","source_page":"https://en.wikipedia.org/wiki/List_of_1904_Summer_Olympics_medal_winners","source_kind":"layers-derived-wikipedia-wikidata"}},{"type":"Feature","id":"olympic-medals-birthplace-1904-71879a272782483b","geometry":{"type":"Point","coordinates":[-74.00611111111111,40.71277777777778]},"properties":{"year":1904,"medalist_wikidata_id":"Q2447005","medalist_link":"https://en.wikipedia.org/wiki/John_Mulcahy_(rower)","medalist_name":"John Mulcahy","medal":"gold","delegation_wikidata_id":"Q1350274","delegation_link":"https://en.wikipedia.org/wiki/United_States_at_the_1904_Summer_Olympics","delegation_name":"United States at the 1904 Summer Olympics","country_medal_wikidata_id":"Q30","country_medal":"United States","country_medal_code2":"US","country_medal_code3":"USA","country_medal_ioc_country_code":"USA","date_of_birth":"1876-07-20","place_of_birth_wikidata_id":"Q60","place_of_birth":"New York City","place_of_birth_located_in_wikidata_id":"Q1384","place_of_birth_located_in":"New York","place_of_birth_coordinates":"40.71277777777778,-74.00611111111111","sex_or_gender_wikidata_id":"Q6581097","sex_or_gender":"male","event_wikidata_id":"Q1046258","event_link":"https://en.wikipedia.org/wiki/Rowing_at_the_1904_Summer_Olympics_–_Men's_double_sculls","event_name":"rowing at the 1904 Summer Olympics – men's double sculls","event_part_of_wikidata_id":"Q838617","event_part_of":"rowing at the 1904 Summer Olympics","event_sport_wikidata_id":"Q159354","event_sport":"rowing","sport_wikidata_id":"Q159354","sport":"rowing","source_page":"https://en.wikipedia.org/wiki/List_of_1904_Summer_Olympics_medal_winners","source_kind":"layers-derived-wikipedia-wikidata"}},{"type":"Feature","id":"olympic-medals-birthplace-1904-147b101228d6b502","geometry":{"type":"Point","coordinates":[-74.00611111111111,40.71277777777778]},"properties":{"year":1904,"medalist_wikidata_id":"Q2639292","medalist_link":"https://en.wikipedia.org/wiki/William_Varley","medalist_name":"William Varley","medal":"gold","delegation_wikidata_id":"Q1350274","delegation_link":"https://en.wikipedia.org/wiki/United_States_at_the_1904_Summer_Olympics","delegation_name":"United States at the 1904 Summer Olympics","country_medal_wikidata_id":"Q30","country_medal":"United States","country_medal_code2":"US","country_medal_code3":"USA","country_medal_ioc_country_code":"USA","date_of_birth":"1880-11-06","place_of_birth_wikidata_id":"Q60","place_of_birth":"New York City","place_of_birth_located_in_wikidata_id":"Q1384","place_of_birth_located_in":"New York","place_of_birth_coordinates":"40.71277777777778,-74.00611111111111","sex_or_gender_wikidata_id":"Q6581097","sex_or_gender":"male","event_wikidata_id":"Q1046258","event_link":"https://en.wikipedia.org/wiki/Rowing_at_the_1904_Summer_Olympics_–_Men's_double_sculls","event_name":"rowing at the 1904 Summer Olympics – men's double sculls","event_part_of_wikidata_id":"Q838617","event_part_of":"rowing at the 1904 Summer Olympics","event_sport_wikidata_id":"Q159354","event_sport":"rowing","sport_wikidata_id":"Q159354","sport":"rowing","source_page":"https://en.wikipedia.org/wiki/List_of_1904_Summer_Olympics_medal_winners","source_kind":"layers-derived-wikipedia-wikidata"}},{"type":"Feature","id":"olympic-medals-birthplace-1904-9b03ab233da685b0","geometry":{"type":"Point","coordinates":[-73.95138888888889,40.730555555555554]},"properties":{"year":1904,"medalist_wikidata_id":"Q2639301","medalist_link":"https://en.wikipedia.org/wiki/John_Hoben","medalist_name":"John Hoben","medal":"silver","delegation_wikidata_id":"Q1350274","delegation_link":"https://en.wikipedia.org/wiki/United_States_at_the_1904_Summer_Olympics","delegation_name":"United States at the 1904 Summer Olympics","country_medal_wikidata_id":"Q30","country_medal":"United States","country_medal_code2":"US","country_medal_code3":"USA","country_medal_ioc_country_code":"USA","date_of_birth":"1884-05-00","place_of_birth_wikidata_id":"Q1544785","place_of_birth":"Greenpoint","place_of_birth_located_in_wikidata_id":"Q18419","place_of_birth_located_in":"Brooklyn","place_of_birth_coordinates":"40.730555555555554,-73.95138888888889","sex_or_gender_wikidata_id":"Q6581097","sex_or_gender":"male","event_wikidata_id":"Q1046258","event_link":"https://en.wikipedia.org/wiki/Rowing_at_the_1904_Summer_Olympics_–_Men's_double_sculls","event_name":"rowing at the 1904 Summer Olympics – men's double sculls","event_part_of_wikidata_id":"Q838617","event_part_of":"rowing at the 1904 Summer Olympics","event_sport_wikidata_id":"Q159354","event_sport":"rowing","sport_wikidata_id":"Q159354","sport":"rowing","source_page":"https://en.wikipedia.org/wiki/List_of_1904_Summer_Olympics_medal_winners","source_kind":"layers-derived-wikipedia-wikidata"}},{"type":"Feature","id":"olympic-medals-birthplace-1904-f239e046cc1ffb1e","geometry":{"type":"Point","coordinates":[-90.07833333333333,29.976111111111113]},"properties":{"year":1904,"medalist_wikidata_id":"Q2992514","medalist_link":"https://en.wikipedia.org/wiki/Joseph_Ravannack","medalist_name":"Joseph Ravannack","medal":"bronze","delegation_wikidata_id":"Q1350274","delegation_link":"https://en.wikipedia.org/wiki/United_States_at_the_1904_Summer_Olympics","delegation_name":"United States at the 1904 Summer Olympics","country_medal_wikidata_id":"Q30","country_medal":"United States","country_medal_code2":"US","country_medal_code3":"USA","country_medal_ioc_country_code":"USA","date_of_birth":"1878-03-19","place_of_birth_wikidata_id":"Q34404","place_of_birth":"New Orleans","place_of_birth_located_in_wikidata_id":"Q486231","place_of_birth_located_in":"Orleans Parish","place_of_birth_coordinates":"29.976111111111113,-90.07833333333333","sex_or_gender_wikidata_id":"Q6581097","sex_or_gender":"male","event_wikidata_id":"Q1046258","event_link":"https://en.wikipedia.org/wiki/Rowing_at_the_1904_Summer_Olympics_–_Men's_double_sculls","event_name":"rowing at the 1904 Summer Olympics – men's double sculls","event_part_of_wikidata_id":"Q838617","event_part_of":"rowing at the 1904 Summer Olympics","event_sport_wikidata_id":"Q159354","event_sport":"rowing","sport_wikidata_id":"Q159354","sport":"rowing","source_page":"https://en.wikipedia.org/wiki/List_of_1904_Summer_Olympics_medal_winners","source_kind":"layers-derived-wikipedia-wikidata"}},{"type":"Feature","id":"olympic-medals-birthplace-1904-6884d15f70149a1e","geometry":{"type":"Point","coordinates":[-90,33]},"properties":{"year":1904,"medalist_wikidata_id":"Q3446189","medalist_link":"https://en.wikipedia.org/wiki/John_Wells_(rower)","medalist_name":"John Wells","medal":"bronze","delegation_wikidata_id":"Q1350274","delegation_link":"https://en.wikipedia.org/wiki/United_States_at_the_1904_Summer_Olympics","delegation_name":"United States at the 1904 Summer Olympics","country_medal_wikidata_id":"Q30","country_medal":"United States","country_medal_code2":"US","country_medal_code3":"USA","country_medal_ioc_country_code":"USA","date_of_birth":"1859-00-00","place_of_birth_wikidata_id":"Q1494","place_of_birth":"Mississippi","place_of_birth_located_in_wikidata_id":"Q30","place_of_birth_located_in":"United States","place_of_birth_coordinates":"33,-90","sex_or_gender_wikidata_id":"Q6581097","sex_or_gender":"male","event_wikidata_id":"Q1046258","event_link":"https://en.wikipedia.org/wiki/Rowing_at_the_1904_Summer_Olympics_–_Men's_double_sculls","event_name":"rowing at the 1904 Summer Olympics – men's double sculls","event_part_of_wikidata_id":"Q838617","event_part_of":"rowing at the 1904 Summer Olympics","event_sport_wikidata_id":"Q159354","event_sport":"rowing","sport_wikidata_id":"Q159354","sport":"rowing","source_page":"https://en.wikipedia.org/wiki/List_of_1904_Summer_Olympics_medal_winners","source_kind":"layers-derived-wikipedia-wikidata"}},{"type":"Feature","id":"olympic-medals-birthplace-1904-503373e7240acd40","geometry":{"type":"Point","coordinates":[-74.00611111111111,40.71277777777778]},"properties":{"year":1904,"medalist_wikidata_id":"Q2444761","medalist_link":"https://en.wikipedia.org/wiki/Robert_Farnan_(rower)","medalist_name":"Robert Farnan","medal":"gold","delegation_wikidata_id":"Q1350274","delegation_link":"https://en.wikipedia.org/wiki/United_States_at_the_1904_Summer_Olympics","delegation_name":"United States at the 1904 Summer Olympics","country_medal_wikidata_id":"Q30","country_medal":"United States","country_medal_code2":"US","country_medal_code3":"USA","country_medal_ioc_country_code":"USA","date_of_birth":"1877-06-11","place_of_birth_wikidata_id":"Q60","place_of_birth":"New York City","place_of_birth_located_in_wikidata_id":"Q1384","place_of_birth_located_in":"New York","place_of_birth_coordinates":"40.71277777777778,-74.00611111111111","sex_or_gender_wikidata_id":"Q6581097","sex_or_gender":"male","event_wikidata_id":"Q1046539","event_link":"https://en.wikipedia.org/wiki/Rowing_at_the_1904_Summer_Olympics_–_Men's_coxless_pair","event_name":"rowing at the 1904 Summer Olympics – men's coxless pair","event_part_of_wikidata_id":"Q838617","event_part_of":"rowing at the 1904 Summer Olympics","event_sport_wikidata_id":"Q159354","event_sport":"rowing","sport_wikidata_id":"Q159354","sport":"rowing","source_page":"https://en.wikipedia.org/wiki/List_of_1904_Summer_Olympics_medal_winners","source_kind":"layers-derived-wikipedia-wikidata"}},{"type":"Feature","id":"olympic-medals-birthplace-1904-9aadf59d46df0111","geometry":{"type":"Point","coordinates":[-73.94972222222222,40.65083333333333]},"properties":{"year":1904,"medalist_wikidata_id":"Q1813691","medalist_link":"https://en.wikipedia.org/wiki/Joseph_Ryan_(rower)","medalist_name":"Joseph Ryan","medal":"gold","delegation_wikidata_id":"Q1350274","delegation_link":"https://en.wikipedia.org/wiki/United_States_at_the_1904_Summer_Olympics","delegation_name":"United States at the 1904 Summer Olympics","country_medal_wikidata_id":"Q30","country_medal":"United States","country_medal_code2":"US","country_medal_code3":"USA","country_medal_ioc_country_code":"USA","date_of_birth":"1879-11-23","place_of_birth_wikidata_id":"Q18419","place_of_birth":"Brooklyn","place_of_birth_located_in_wikidata_id":"Q60","place_of_birth_located_in":"New York City","place_of_birth_coordinates":"40.65083333333333,-73.94972222222222","sex_or_gender_wikidata_id":"Q6581097","sex_or_gender":"male","event_wikidata_id":"Q1046539","event_link":"https://en.wikipedia.org/wiki/Rowing_at_the_1904_Summer_Olympics_–_Men's_coxless_pair","event_name":"rowing at the 1904 Summer Olympics – men's coxless pair","event_part_of_wikidata_id":"Q838617","event_part_of":"rowing at the 1904 Summer Olympics","event_sport_wikidata_id":"Q159354","event_sport":"rowing","sport_wikidata_id":"Q159354","sport":"rowing","source_page":"https://en.wikipedia.org/wiki/List_of_1904_Summer_Olympics_medal_winners","source_kind":"layers-derived-wikipedia-wikidata"}},{"type":"Feature","id":"olympic-medals-birthplace-1904-7ed326f37909a401","geometry":{"type":"Point","coordinates":[-74.00611111111111,40.71277777777778]},"properties":{"year":1904,"medalist_wikidata_id":"Q2447005","medalist_link":"https://en.wikipedia.org/wiki/John_Mulcahy_(rower)","medalist_name":"John Mulcahy","medal":"silver","delegation_wikidata_id":"Q1350274","delegation_link":"https://en.wikipedia.org/wiki/United_States_at_the_1904_Summer_Olympics","delegation_name":"United States at the 1904 Summer Olympics","country_medal_wikidata_id":"Q30","country_medal":"United States","country_medal_code2":"US","country_medal_code3":"USA","country_medal_ioc_country_code":"USA","date_of_birth":"1876-07-20","place_of_birth_wikidata_id":"Q60","place_of_birth":"New York City","place_of_birth_located_in_wikidata_id":"Q1384","place_of_birth_located_in":"New York","place_of_birth_coordinates":"40.71277777777778,-74.00611111111111","sex_or_gender_wikidata_id":"Q6581097","sex_or_gender":"male","event_wikidata_id":"Q1046539","event_link":"https://en.wikipedia.org/wiki/Rowing_at_the_1904_Summer_Olympics_–_Men's_coxless_pair","event_name":"rowing at the 1904 Summer Olympics – men's coxless pair","event_part_of_wikidata_id":"Q838617","event_part_of":"rowing at the 1904 Summer Olympics","event_sport_wikidata_id":"Q159354","event_sport":"rowing","sport_wikidata_id":"Q159354","sport":"rowing","source_page":"https://en.wikipedia.org/wiki/List_of_1904_Summer_Olympics_medal_winners","source_kind":"layers-derived-wikipedia-wikidata"}},{"type":"Feature","id":"olympic-medals-birthplace-1904-15fad41ff0dd5314","geometry":{"type":"Point","coordinates":[-74.00611111111111,40.71277777777778]},"properties":{"year":1904,"medalist_wikidata_id":"Q2639292","medalist_link":"https://en.wikipedia.org/wiki/William_Varley","medalist_name":"William Varley","medal":"silver","delegation_wikidata_id":"Q1350274","delegation_link":"https://en.wikipedia.org/wiki/United_States_at_the_1904_Summer_Olympics","delegation_name":"United States at the 1904 Summer Olympics","country_medal_wikidata_id":"Q30","country_medal":"United States","country_medal_code2":"US","country_medal_code3":"USA","country_medal_ioc_country_code":"USA","date_of_birth":"1880-11-06","place_of_birth_wikidata_id":"Q60","place_of_birth":"New York City","place_of_birth_located_in_wikidata_id":"Q1384","place_of_birth_located_in":"New York","place_of_birth_coordinates":"40.71277777777778,-74.00611111111111","sex_or_gender_wikidata_id":"Q6581097","sex_or_gender":"male","event_wikidata_id":"Q1046539","event_link":"https://en.wikipedia.org/wiki/Rowing_at_the_1904_Summer_Olympics_–_Men's_coxless_pair","event_name":"rowing at the 1904 Summer Olympics – men's coxless pair","event_part_of_wikidata_id":"Q838617","event_part_of":"rowing at the 1904 Summer Olympics","event_sport_wikidata_id":"Q159354","event_sport":"rowing","sport_wikidata_id":"Q159354","sport":"rowing","source_page":"https://en.wikipedia.org/wiki/List_of_1904_Summer_Olympics_medal_winners","source_kind":"layers-derived-wikipedia-wikidata"}},{"type":"Feature","id":"olympic-medals-birthplace-1904-1e84aa6c59266be0","geometry":{"type":"Point","coordinates":[-82.0319,39.0281]},"properties":{"year":1904,"medalist_wikidata_id":"Q2447601","medalist_link":"https://en.wikipedia.org/wiki/John_Joachim","medalist_name":"John Joachim","medal":"bronze","delegation_wikidata_id":"Q1350274","delegation_link":"https://en.wikipedia.org/wiki/United_States_at_the_1904_Summer_Olympics","delegation_name":"United States at the 1904 Summer Olympics","country_medal_wikidata_id":"Q30","country_medal":"United States","country_medal_code2":"US","country_medal_code3":"USA","country_medal_ioc_country_code":"USA","date_of_birth":"1874-04-08","place_of_birth_wikidata_id":"Q1908489","place_of_birth":"Pomeroy","place_of_birth_located_in_wikidata_id":"Q489915","place_of_birth_located_in":"Meigs County","place_of_birth_coordinates":"39.0281,-82.0319","sex_or_gender_wikidata_id":"Q6581097","sex_or_gender":"male","event_wikidata_id":"Q1046539","event_link":"https://en.wikipedia.org/wiki/Rowing_at_the_1904_Summer_Olympics_–_Men's_coxless_pair","event_name":"rowing at the 1904 Summer Olympics – men's coxless pair","event_part_of_wikidata_id":"Q838617","event_part_of":"rowing at the 1904 Summer Olympics","event_sport_wikidata_id":"Q159354","event_sport":"rowing","sport_wikidata_id":"Q159354","sport":"rowing","source_page":"https://en.wikipedia.org/wiki/List_of_1904_Summer_Olympics_medal_winners","source_kind":"layers-derived-wikipedia-wikidata"}},{"type":"Feature","id":"olympic-medals-birthplace-1904-dac003039e08ce08","geometry":{"type":"Point","coordinates":[-90.19944444444444,38.62638888888889]},"properties":{"year":1904,"medalist_wikidata_id":"Q1812409","medalist_link":"https://en.wikipedia.org/wiki/Joseph_Buerger","medalist_name":"Joseph Buerger","medal":"bronze","delegation_wikidata_id":"Q1350274","delegation_link":"https://en.wikipedia.org/wiki/United_States_at_the_1904_Summer_Olympics","delegation_name":"United States at the 1904 Summer Olympics","country_medal_wikidata_id":"Q30","country_medal":"United States","country_medal_code2":"US","country_medal_code3":"USA","country_medal_ioc_country_code":"USA","date_of_birth":"1870-09-19","place_of_birth_wikidata_id":"Q38022","place_of_birth":"St. Louis","place_of_birth_located_in_wikidata_id":"Q1581","place_of_birth_located_in":"Missouri","place_of_birth_coordinates":"38.62638888888889,-90.19944444444444","sex_or_gender_wikidata_id":"Q6581097","sex_or_gender":"male","event_wikidata_id":"Q1046539","event_link":"https://en.wikipedia.org/wiki/Rowing_at_the_1904_Summer_Olympics_–_Men's_coxless_pair","event_name":"rowing at the 1904 Summer Olympics – men's coxless pair","event_part_of_wikidata_id":"Q838617","event_part_of":"rowing at the 1904 Summer Olympics","event_sport_wikidata_id":"Q159354","event_sport":"rowing","sport_wikidata_id":"Q159354","sport":"rowing","source_page":"https://en.wikipedia.org/wiki/List_of_1904_Summer_Olympics_medal_winners","source_kind":"layers-derived-wikipedia-wikidata"}},{"type":"Feature","id":"olympic-medals-birthplace-1904-4b9988bd8134f02f","geometry":{"type":"Point","coordinates":[-90.19944444444444,38.62638888888889]},"properties":{"year":1904,"medalist_wikidata_id":"Q2446670","medalist_link":"https://en.wikipedia.org/wiki/Arthur_Stockhoff","medalist_name":"Arthur Stockhoff","medal":"gold","delegation_wikidata_id":"Q1350274","delegation_link":"https://en.wikipedia.org/wiki/United_States_at_the_1904_Summer_Olympics","delegation_name":"United States at the 1904 Summer Olympics","country_medal_wikidata_id":"Q30","country_medal":"United States","country_medal_code2":"US","country_medal_code3":"USA","country_medal_ioc_country_code":"USA","date_of_birth":"1879-11-19","place_of_birth_wikidata_id":"Q38022","place_of_birth":"St. Louis","place_of_birth_located_in_wikidata_id":"Q1581","place_of_birth_located_in":"Missouri","place_of_birth_coordinates":"38.62638888888889,-90.19944444444444","sex_or_gender_wikidata_id":"Q6581097","sex_or_gender":"male","event_wikidata_id":"Q1046247","event_link":"https://en.wikipedia.org/wiki/Rowing_at_the_1904_Summer_Olympics_–_Men's_coxless_four","event_name":"rowing at the 1904 Summer Olympics – men's coxless four","event_part_of_wikidata_id":"Q838617","event_part_of":"rowing at the 1904 Summer Olympics","event_sport_wikidata_id":"Q159354","event_sport":"rowing","sport_wikidata_id":"Q159354","sport":"rowing","source_page":"https://en.wikipedia.org/wiki/List_of_1904_Summer_Olympics_medal_winners","source_kind":"layers-derived-wikipedia-wikidata"}},{"type":"Feature","id":"olympic-medals-birthplace-1904-c348e335170cb898","geometry":{"type":"Point","coordinates":[8.60778,50.3294]},"properties":{"year":1904,"medalist_wikidata_id":"Q4532485","medalist_link":"https://en.wikipedia.org/wiki/August_Erker","medalist_name":"August Erker","medal":"gold","delegation_wikidata_id":"Q1350274","delegation_link":"https://en.wikipedia.org/wiki/United_States_at_the_1904_Summer_Olympics","delegation_name":"United States at the 1904 Summer Olympics","country_medal_wikidata_id":"Q30","country_medal":"United States","country_medal_code2":"US","country_medal_code3":"USA","country_medal_ioc_country_code":"USA","date_of_birth":"1879-10-24","place_of_birth_wikidata_id":"Q1599422","place_of_birth":"Pfaffenwiesbach","place_of_birth_located_in_wikidata_id":"Q628442","place_of_birth_located_in":"Wehrheim","place_of_birth_coordinates":"50.3294,8.60778","sex_or_gender_wikidata_id":"Q6581097","sex_or_gender":"male","event_wikidata_id":"Q1046247","event_link":"https://en.wikipedia.org/wiki/Rowing_at_the_1904_Summer_Olympics_–_Men's_coxless_four","event_name":"rowing at the 1904 Summer Olympics – men's coxless four","event_part_of_wikidata_id":"Q838617","event_part_of":"rowing at the 1904 Summer Olympics","event_sport_wikidata_id":"Q159354","event_sport":"rowing","sport_wikidata_id":"Q159354","sport":"rowing","source_page":"https://en.wikipedia.org/wiki/List_of_1904_Summer_Olympics_medal_winners","source_kind":"layers-derived-wikipedia-wikidata"}},{"type":"Feature","id":"olympic-medals-birthplace-1904-680e44bef50e74b2","geometry":{"type":"Point","coordinates":[-90.19944444444444,38.62638888888889]},"properties":{"year":1904,"medalist_wikidata_id":"Q4162450","medalist_link":"https://en.wikipedia.org/wiki/George_Dietz","medalist_name":"George Dietz","medal":"gold","delegation_wikidata_id":"Q1350274","delegation_link":"https://en.wikipedia.org/wiki/United_States_at_the_1904_Summer_Olympics","delegation_name":"United States at the 1904 Summer Olympics","country_medal_wikidata_id":"Q30","country_medal":"United States","country_medal_code2":"US","country_medal_code3":"USA","country_medal_ioc_country_code":"USA","date_of_birth":"1880-01-09","place_of_birth_wikidata_id":"Q38022","place_of_birth":"St. Louis","place_of_birth_located_in_wikidata_id":"Q1581","place_of_birth_located_in":"Missouri","place_of_birth_coordinates":"38.62638888888889,-90.19944444444444","sex_or_gender_wikidata_id":"Q6581097","sex_or_gender":"male","event_wikidata_id":"Q1046247","event_link":"https://en.wikipedia.org/wiki/Rowing_at_the_1904_Summer_Olympics_–_Men's_coxless_four","event_name":"rowing at the 1904 Summer Olympics – men's coxless four","event_part_of_wikidata_id":"Q838617","event_part_of":"rowing at the 1904 Summer Olympics","event_sport_wikidata_id":"Q159354","event_sport":"rowing","sport_wikidata_id":"Q159354","sport":"rowing","source_page":"https://en.wikipedia.org/wiki/List_of_1904_Summer_Olympics_medal_winners","source_kind":"layers-derived-wikipedia-wikidata"}},{"type":"Feature","id":"olympic-medals-birthplace-1904-edbb213891828356","geometry":{"type":"Point","coordinates":[-90.19944444444444,38.62638888888889]},"properties":{"year":1904,"medalist_wikidata_id":"Q2637255","medalist_link":"https://en.wikipedia.org/wiki/Albert_Nasse","medalist_name":"Albert Nasse","medal":"gold","delegation_wikidata_id":"Q1350274","delegation_link":"https://en.wikipedia.org/wiki/United_States_at_the_1904_Summer_Olympics","delegation_name":"United States at the 1904 Summer Olympics","country_medal_wikidata_id":"Q30","country_medal":"United States","country_medal_code2":"US","country_medal_code3":"USA","country_medal_ioc_country_code":"USA","date_of_birth":"1878-07-02","place_of_birth_wikidata_id":"Q38022","place_of_birth":"St. Louis","place_of_birth_located_in_wikidata_id":"Q1581","place_of_birth_located_in":"Missouri","place_of_birth_coordinates":"38.62638888888889,-90.19944444444444","sex_or_gender_wikidata_id":"Q6581097","sex_or_gender":"male","event_wikidata_id":"Q1046247","event_link":"https://en.wikipedia.org/wiki/Rowing_at_the_1904_Summer_Olympics_–_Men's_coxless_four","event_name":"rowing at the 1904 Summer Olympics – men's coxless four","event_part_of_wikidata_id":"Q838617","event_part_of":"rowing at the 1904 Summer Olympics","event_sport_wikidata_id":"Q159354","event_sport":"rowing","sport_wikidata_id":"Q159354","sport":"rowing","source_page":"https://en.wikipedia.org/wiki/List_of_1904_Summer_Olympics_medal_winners","source_kind":"layers-derived-wikipedia-wikidata"}},{"type":"Feature","id":"olympic-medals-birthplace-1904-d9b7b9458ceb5ae8","geometry":{"type":"Point","coordinates":[-92.5,38.5]},"properties":{"year":1904,"medalist_wikidata_id":"Q2637195","medalist_link":"https://en.wikipedia.org/wiki/Frederick_Suerig","medalist_name":"Frederick Suerig","medal":"silver","delegation_wikidata_id":"Q1350274","delegation_link":"https://en.wikipedia.org/wiki/United_States_at_the_1904_Summer_Olympics","delegation_name":"United States at the 1904 Summer Olympics","country_medal_wikidata_id":"Q30","country_medal":"United States","country_medal_code2":"US","country_medal_code3":"USA","country_medal_ioc_country_code":"USA","date_of_birth":"1878-06-21","place_of_birth_wikidata_id":"Q1581","place_of_birth":"Missouri","place_of_birth_located_in_wikidata_id":"Q30","place_of_birth_located_in":"United States","place_of_birth_coordinates":"38.5,-92.5","sex_or_gender_wikidata_id":"Q6581097","sex_or_gender":"male","event_wikidata_id":"Q1046247","event_link":"https://en.wikipedia.org/wiki/Rowing_at_the_1904_Summer_Olympics_–_Men's_coxless_four","event_name":"rowing at the 1904 Summer Olympics – men's coxless four","event_part_of_wikidata_id":"Q838617","event_part_of":"rowing at the 1904 Summer Olympics","event_sport_wikidata_id":"Q159354","event_sport":"rowing","sport_wikidata_id":"Q159354","sport":"rowing","source_page":"https://en.wikipedia.org/wiki/List_of_1904_Summer_Olympics_medal_winners","source_kind":"layers-derived-wikipedia-wikidata"}},{"type":"Feature","id":"olympic-medals-birthplace-1904-29b51f62eefa31f1","geometry":{"type":"Point","coordinates":[10,51]},"properties":{"year":1904,"medalist_wikidata_id":"Q1812327","medalist_link":"https://en.wikipedia.org/wiki/Martin_Formanack","medalist_name":"Martin Formanack","medal":"silver","delegation_wikidata_id":"Q1350274","delegation_link":"https://en.wikipedia.org/wiki/United_States_at_the_1904_Summer_Olympics","delegation_name":"United States at the 1904 Summer Olympics","country_medal_wikidata_id":"Q30","country_medal":"United States","country_medal_code2":"US","country_medal_code3":"USA","country_medal_ioc_country_code":"USA","date_of_birth":"1866-12-01","place_of_birth_wikidata_id":"Q183","place_of_birth":"Germany","place_of_birth_located_in_wikidata_id":null,"place_of_birth_located_in":null,"place_of_birth_coordinates":"51,10","sex_or_gender_wikidata_id":"Q6581097","sex_or_gender":"male","event_wikidata_id":"Q1046247","event_link":"https://en.wikipedia.org/wiki/Rowing_at_the_1904_Summer_Olympics_–_Men's_coxless_four","event_name":"rowing at the 1904 Summer Olympics – men's coxless four","event_part_of_wikidata_id":"Q838617","event_part_of":"rowing at the 1904 Summer Olympics","event_sport_wikidata_id":"Q159354","event_sport":"rowing","sport_wikidata_id":"Q159354","sport":"rowing","source_page":"https://en.wikipedia.org/wiki/List_of_1904_Summer_Olympics_medal_winners","source_kind":"layers-derived-wikipedia-wikidata"}},{"type":"Feature","id":"olympic-medals-birthplace-1904-77aa197f4c115400","geometry":{"type":"Point","coordinates":[-94.583333333333,39.05]},"properties":{"year":1904,"medalist_wikidata_id":"Q3353073","medalist_link":"https://en.wikipedia.org/wiki/Charles_Aman","medalist_name":"Charles Aman","medal":"silver","delegation_wikidata_id":"Q1350274","delegation_link":"https://en.wikipedia.org/wiki/United_States_at_the_1904_Summer_Olympics","delegation_name":"United States at the 1904 Summer Olympics","country_medal_wikidata_id":"Q30","country_medal":"United States","country_medal_code2":"US","country_medal_code3":"USA","country_medal_ioc_country_code":"USA","date_of_birth":"1887-09-25","place_of_birth_wikidata_id":"Q41819","place_of_birth":"Kansas City","place_of_birth_located_in_wikidata_id":"Q127238","place_of_birth_located_in":"Jackson County","place_of_birth_coordinates":"39.05,-94.583333333333","sex_or_gender_wikidata_id":"Q6581097","sex_or_gender":"male","event_wikidata_id":"Q1046247","event_link":"https://en.wikipedia.org/wiki/Rowing_at_the_1904_Summer_Olympics_–_Men's_coxless_four","event_name":"rowing at the 1904 Summer Olympics – men's coxless four","event_part_of_wikidata_id":"Q838617","event_part_of":"rowing at the 1904 Summer Olympics","event_sport_wikidata_id":"Q159354","event_sport":"rowing","sport_wikidata_id":"Q159354","sport":"rowing","source_page":"https://en.wikipedia.org/wiki/List_of_1904_Summer_Olympics_medal_winners","source_kind":"layers-derived-wikipedia-wikidata"}},{"type":"Feature","id":"olympic-medals-birthplace-1904-990476c727f28578","geometry":{"type":"Point","coordinates":[-6.260277777777778,53.34972222222222]},"properties":{"year":1904,"medalist_wikidata_id":"Q1812297","medalist_link":"https://en.wikipedia.org/wiki/Michael_Begley_(rower)","medalist_name":"Michael Begley","medal":"silver","delegation_wikidata_id":"Q1350274","delegation_link":"https://en.wikipedia.org/wiki/United_States_at_the_1904_Summer_Olympics","delegation_name":"United States at the 1904 Summer Olympics","country_medal_wikidata_id":"Q30","country_medal":"United States","country_medal_code2":"US","country_medal_code3":"USA","country_medal_ioc_country_code":"USA","date_of_birth":"1872-09-22","place_of_birth_wikidata_id":"Q1761","place_of_birth":"Dublin","place_of_birth_located_in_wikidata_id":"Q173500","place_of_birth_located_in":"County Dublin","place_of_birth_coordinates":"53.34972222222222,-6.260277777777778","sex_or_gender_wikidata_id":"Q6581097","sex_or_gender":"male","event_wikidata_id":"Q1046247","event_link":"https://en.wikipedia.org/wiki/Rowing_at_the_1904_Summer_Olympics_–_Men's_coxless_four","event_name":"rowing at the 1904 Summer Olympics – men's coxless four","event_part_of_wikidata_id":"Q838617","event_part_of":"rowing at the 1904 Summer Olympics","event_sport_wikidata_id":"Q159354","event_sport":"rowing","sport_wikidata_id":"Q159354","sport":"rowing","source_page":"https://en.wikipedia.org/wiki/List_of_1904_Summer_Olympics_medal_winners","source_kind":"layers-derived-wikipedia-wikidata"}},{"type":"Feature","id":"olympic-medals-birthplace-1904-afe5f3f512aee495","geometry":{"type":"Point","coordinates":[10,51]},"properties":{"year":1904,"medalist_wikidata_id":"Q2637293","medalist_link":"https://en.wikipedia.org/wiki/Gus_Voerg","medalist_name":"Gus Voerg","medal":"bronze","delegation_wikidata_id":"Q1350274","delegation_link":"https://en.wikipedia.org/wiki/United_States_at_the_1904_Summer_Olympics","delegation_name":"United States at the 1904 Summer Olympics","country_medal_wikidata_id":"Q30","country_medal":"United States","country_medal_code2":"US","country_medal_code3":"USA","country_medal_ioc_country_code":"USA","date_of_birth":"1870-06-07","place_of_birth_wikidata_id":"Q183","place_of_birth":"Germany","place_of_birth_located_in_wikidata_id":null,"place_of_birth_located_in":null,"place_of_birth_coordinates":"51,10","sex_or_gender_wikidata_id":"Q6581097","sex_or_gender":"male","event_wikidata_id":"Q1046247","event_link":"https://en.wikipedia.org/wiki/Rowing_at_the_1904_Summer_Olympics_–_Men's_coxless_four","event_name":"rowing at the 1904 Summer Olympics – men's coxless four","event_part_of_wikidata_id":"Q838617","event_part_of":"rowing at the 1904 Summer Olympics","event_sport_wikidata_id":"Q159354","event_sport":"rowing","sport_wikidata_id":"Q159354","sport":"rowing","source_page":"https://en.wikipedia.org/wiki/List_of_1904_Summer_Olympics_medal_winners","source_kind":"layers-derived-wikipedia-wikidata"}},{"type":"Feature","id":"olympic-medals-birthplace-1904-473ace19dfd13ca0","geometry":{"type":"Point","coordinates":[-90.2086,38.4492]},"properties":{"year":1904,"medalist_wikidata_id":"Q2444782","medalist_link":"https://en.wikipedia.org/wiki/John_Freitag","medalist_name":"John Freitag","medal":"bronze","delegation_wikidata_id":"Q1350274","delegation_link":"https://en.wikipedia.org/wiki/United_States_at_the_1904_Summer_Olympics","delegation_name":"United States at the 1904 Summer Olympics","country_medal_wikidata_id":"Q30","country_medal":"United States","country_medal_code2":"US","country_medal_code3":"USA","country_medal_ioc_country_code":"USA","date_of_birth":"1877-05-03","place_of_birth_wikidata_id":"Q576149","place_of_birth":"Columbia","place_of_birth_located_in_wikidata_id":"Q1204","place_of_birth_located_in":"Illinois","place_of_birth_coordinates":"38.4492,-90.2086","sex_or_gender_wikidata_id":"Q6581097","sex_or_gender":"male","event_wikidata_id":"Q1046247","event_link":"https://en.wikipedia.org/wiki/Rowing_at_the_1904_Summer_Olympics_–_Men's_coxless_four","event_name":"rowing at the 1904 Summer Olympics – men's coxless four","event_part_of_wikidata_id":"Q838617","event_part_of":"rowing at the 1904 Summer Olympics","event_sport_wikidata_id":"Q159354","event_sport":"rowing","sport_wikidata_id":"Q159354","sport":"rowing","source_page":"https://en.wikipedia.org/wiki/List_of_1904_Summer_Olympics_medal_winners","source_kind":"layers-derived-wikipedia-wikidata"}},{"type":"Feature","id":"olympic-medals-birthplace-1904-4c80b5ae671b0698","geometry":{"type":"Point","coordinates":[-90.19944444444444,38.62638888888889]},"properties":{"year":1904,"medalist_wikidata_id":"Q1809391","medalist_link":"https://en.wikipedia.org/wiki/Lou_Heim","medalist_name":"Lou Heim","medal":"bronze","delegation_wikidata_id":"Q1350274","delegation_link":"https://en.wikipedia.org/wiki/United_States_at_the_1904_Summer_Olympics","delegation_name":"United States at the 1904 Summer Olympics","country_medal_wikidata_id":"Q30","country_medal":"United States","country_medal_code2":"US","country_medal_code3":"USA","country_medal_ioc_country_code":"USA","date_of_birth":"1874-08-30","place_of_birth_wikidata_id":"Q38022","place_of_birth":"St. Louis","place_of_birth_located_in_wikidata_id":"Q1581","place_of_birth_located_in":"Missouri","place_of_birth_coordinates":"38.62638888888889,-90.19944444444444","sex_or_gender_wikidata_id":"Q6581097","sex_or_gender":"male","event_wikidata_id":"Q1046247","event_link":"https://en.wikipedia.org/wiki/Rowing_at_the_1904_Summer_Olympics_–_Men's_coxless_four","event_name":"rowing at the 1904 Summer Olympics – men's coxless four","event_part_of_wikidata_id":"Q838617","event_part_of":"rowing at the 1904 Summer Olympics","event_sport_wikidata_id":"Q159354","event_sport":"rowing","sport_wikidata_id":"Q159354","sport":"rowing","source_page":"https://en.wikipedia.org/wiki/List_of_1904_Summer_Olympics_medal_winners","source_kind":"layers-derived-wikipedia-wikidata"}},{"type":"Feature","id":"olympic-medals-birthplace-1904-ac57aceb8c34fd4b","geometry":{"type":"Point","coordinates":[-90.19944444444444,38.62638888888889]},"properties":{"year":1904,"medalist_wikidata_id":"Q2444419","medalist_link":"https://en.wikipedia.org/wiki/Frank_Dummerth","medalist_name":"Frank Dummerth","medal":"bronze","delegation_wikidata_id":"Q1350274","delegation_link":"https://en.wikipedia.org/wiki/United_States_at_the_1904_Summer_Olympics","delegation_name":"United States at the 1904 Summer Olympics","country_medal_wikidata_id":"Q30","country_medal":"United States","country_medal_code2":"US","country_medal_code3":"USA","country_medal_ioc_country_code":"USA","date_of_birth":"1871-01-06","place_of_birth_wikidata_id":"Q38022","place_of_birth":"St. Louis","place_of_birth_located_in_wikidata_id":"Q1581","place_of_birth_located_in":"Missouri","place_of_birth_coordinates":"38.62638888888889,-90.19944444444444","sex_or_gender_wikidata_id":"Q6581097","sex_or_gender":"male","event_wikidata_id":"Q1046247","event_link":"https://en.wikipedia.org/wiki/Rowing_at_the_1904_Summer_Olympics_–_Men's_coxless_four","event_name":"rowing at the 1904 Summer Olympics – men's coxless four","event_part_of_wikidata_id":"Q838617","event_part_of":"rowing at the 1904 Summer Olympics","event_sport_wikidata_id":"Q159354","event_sport":"rowing","sport_wikidata_id":"Q159354","sport":"rowing","source_page":"https://en.wikipedia.org/wiki/List_of_1904_Summer_Olympics_medal_winners","source_kind":"layers-derived-wikipedia-wikidata"}},{"type":"Feature","id":"olympic-medals-birthplace-1904-13369ae013d8c5d1","geometry":{"type":"Point","coordinates":[10,51]},"properties":{"year":1904,"medalist_wikidata_id":"Q4240300","medalist_link":"https://en.wikipedia.org/wiki/Frederick_Cresser","medalist_name":"Frederick Cresser","medal":"gold","delegation_wikidata_id":"Q1350274","delegation_link":"https://en.wikipedia.org/wiki/United_States_at_the_1904_Summer_Olympics","delegation_name":"United States at the 1904 Summer Olympics","country_medal_wikidata_id":"Q30","country_medal":"United States","country_medal_code2":"US","country_medal_code3":"USA","country_medal_ioc_country_code":"USA","date_of_birth":"1872-03-00","place_of_birth_wikidata_id":"Q183","place_of_birth":"Germany","place_of_birth_located_in_wikidata_id":null,"place_of_birth_located_in":null,"place_of_birth_coordinates":"51,10","sex_or_gender_wikidata_id":"Q6581097","sex_or_gender":"male","event_wikidata_id":"Q1046518","event_link":"https://en.wikipedia.org/wiki/Rowing_at_the_1904_Summer_Olympics_–_Men's_eight","event_name":"rowing at the 1904 Summer Olympics – men's eight","event_part_of_wikidata_id":"Q838617","event_part_of":"rowing at the 1904 Summer Olympics","event_sport_wikidata_id":"Q159354","event_sport":"rowing","sport_wikidata_id":"Q159354","sport":"rowing","source_page":"https://en.wikipedia.org/wiki/List_of_1904_Summer_Olympics_medal_winners","source_kind":"layers-derived-wikipedia-wikidata"}},{"type":"Feature","id":"olympic-medals-birthplace-1904-5273408d4ef94b95","geometry":{"type":"Point","coordinates":[-75.163611111111,39.952777777778]},"properties":{"year":1904,"medalist_wikidata_id":"Q1802964","medalist_link":"https://en.wikipedia.org/wiki/Michael_Gleason_(rower)","medalist_name":"Michael Gleason","medal":"gold","delegation_wikidata_id":"Q1350274","delegation_link":"https://en.wikipedia.org/wiki/United_States_at_the_1904_Summer_Olympics","delegation_name":"United States at the 1904 Summer Olympics","country_medal_wikidata_id":"Q30","country_medal":"United States","country_medal_code2":"US","country_medal_code3":"USA","country_medal_ioc_country_code":"USA","date_of_birth":"1876-11-16","place_of_birth_wikidata_id":"Q1345","place_of_birth":"Philadelphia","place_of_birth_located_in_wikidata_id":"Q496900","place_of_birth_located_in":"Philadelphia County","place_of_birth_coordinates":"39.952777777778,-75.163611111111","sex_or_gender_wikidata_id":"Q6581097","sex_or_gender":"male","event_wikidata_id":"Q1046518","event_link":"https://en.wikipedia.org/wiki/Rowing_at_the_1904_Summer_Olympics_–_Men's_eight","event_name":"rowing at the 1904 Summer Olympics – men's eight","event_part_of_wikidata_id":"Q838617","event_part_of":"rowing at the 1904 Summer Olympics","event_sport_wikidata_id":"Q159354","event_sport":"rowing","sport_wikidata_id":"Q159354","sport":"rowing","source_page":"https://en.wikipedia.org/wiki/List_of_1904_Summer_Olympics_medal_winners","source_kind":"layers-derived-wikipedia-wikidata"}},{"type":"Feature","id":"olympic-medals-birthplace-1904-5572254cafbe47ca","geometry":{"type":"Point","coordinates":[-76.88338167672302,40.264554871390665]},"properties":{"year":1904,"medalist_wikidata_id":"Q1802957","medalist_link":"https://en.wikipedia.org/wiki/Frank_Schell","medalist_name":"Frank Schell","medal":"gold","delegation_wikidata_id":"Q1350274","delegation_link":"https://en.wikipedia.org/wiki/United_States_at_the_1904_Summer_Olympics","delegation_name":"United States at the 1904 Summer Olympics","country_medal_wikidata_id":"Q30","country_medal":"United States","country_medal_code2":"US","country_medal_code3":"USA","country_medal_ioc_country_code":"USA","date_of_birth":"1884-10-22","place_of_birth_wikidata_id":"Q25280","place_of_birth":"Harrisburg","place_of_birth_located_in_wikidata_id":"Q488690","place_of_birth_located_in":"Dauphin County","place_of_birth_coordinates":"40.264554871390665,-76.88338167672302","sex_or_gender_wikidata_id":"Q6581097","sex_or_gender":"male","event_wikidata_id":"Q1046518","event_link":"https://en.wikipedia.org/wiki/Rowing_at_the_1904_Summer_Olympics_–_Men's_eight","event_name":"rowing at the 1904 Summer Olympics – men's eight","event_part_of_wikidata_id":"Q838617","event_part_of":"rowing at the 1904 Summer Olympics","event_sport_wikidata_id":"Q159354","event_sport":"rowing","sport_wikidata_id":"Q159354","sport":"rowing","source_page":"https://en.wikipedia.org/wiki/List_of_1904_Summer_Olympics_medal_winners","source_kind":"layers-derived-wikipedia-wikidata"}},{"type":"Feature","id":"olympic-medals-birthplace-1904-a327d7cbf6adffac","geometry":{"type":"Point","coordinates":[-75.163611111111,39.952777777778]},"properties":{"year":1904,"medalist_wikidata_id":"Q1813590","medalist_link":"https://en.wikipedia.org/wiki/James_Flanagan_(rower)","medalist_name":"James Flanagan","medal":"gold","delegation_wikidata_id":"Q1350274","delegation_link":"https://en.wikipedia.org/wiki/United_States_at_the_1904_Summer_Olympics","delegation_name":"United States at the 1904 Summer Olympics","country_medal_wikidata_id":"Q30","country_medal":"United States","country_medal_code2":"US","country_medal_code3":"USA","country_medal_ioc_country_code":"USA","date_of_birth":"1878-08-03","place_of_birth_wikidata_id":"Q1345","place_of_birth":"Philadelphia","place_of_birth_located_in_wikidata_id":"Q496900","place_of_birth_located_in":"Philadelphia County","place_of_birth_coordinates":"39.952777777778,-75.163611111111","sex_or_gender_wikidata_id":"Q6581097","sex_or_gender":"male","event_wikidata_id":"Q1046518","event_link":"https://en.wikipedia.org/wiki/Rowing_at_the_1904_Summer_Olympics_–_Men's_eight","event_name":"rowing at the 1904 Summer Olympics – men's eight","event_part_of_wikidata_id":"Q838617","event_part_of":"rowing at the 1904 Summer Olympics","event_sport_wikidata_id":"Q159354","event_sport":"rowing","sport_wikidata_id":"Q159354","sport":"rowing","source_page":"https://en.wikipedia.org/wiki/List_of_1904_Summer_Olympics_medal_winners","source_kind":"layers-derived-wikipedia-wikidata"}},{"type":"Feature","id":"olympic-medals-birthplace-1904-888a6ada97266f2a","geometry":{"type":"Point","coordinates":[-75.163611111111,39.952777777778]},"properties":{"year":1904,"medalist_wikidata_id":"Q2447504","medalist_link":"https://en.wikipedia.org/wiki/Charles_Armstrong_(rower)","medalist_name":"Charles Armstrong","medal":"gold","delegation_wikidata_id":"Q1350274","delegation_link":"https://en.wikipedia.org/wiki/United_States_at_the_1904_Summer_Olympics","delegation_name":"United States at the 1904 Summer Olympics","country_medal_wikidata_id":"Q30","country_medal":"United States","country_medal_code2":"US","country_medal_code3":"USA","country_medal_ioc_country_code":"USA","date_of_birth":"1881-10-23","place_of_birth_wikidata_id":"Q1345","place_of_birth":"Philadelphia","place_of_birth_located_in_wikidata_id":"Q496900","place_of_birth_located_in":"Philadelphia County","place_of_birth_coordinates":"39.952777777778,-75.163611111111","sex_or_gender_wikidata_id":"Q6581097","sex_or_gender":"male","event_wikidata_id":"Q1046518","event_link":"https://en.wikipedia.org/wiki/Rowing_at_the_1904_Summer_Olympics_–_Men's_eight","event_name":"rowing at the 1904 Summer Olympics – men's eight","event_part_of_wikidata_id":"Q838617","event_part_of":"rowing at the 1904 Summer Olympics","event_sport_wikidata_id":"Q159354","event_sport":"rowing","sport_wikidata_id":"Q159354","sport":"rowing","source_page":"https://en.wikipedia.org/wiki/List_of_1904_Summer_Olympics_medal_winners","source_kind":"layers-derived-wikipedia-wikidata"}},{"type":"Feature","id":"olympic-medals-birthplace-1904-243eb9a63e1e3522","geometry":{"type":"Point","coordinates":[-75.163611111111,39.952777777778]},"properties":{"year":1904,"medalist_wikidata_id":"Q2444485","medalist_link":"https://en.wikipedia.org/wiki/Harry_Lott_(rower)","medalist_name":"Harry Lott","medal":"gold","delegation_wikidata_id":"Q1350274","delegation_link":"https://en.wikipedia.org/wiki/United_States_at_the_1904_Summer_Olympics","delegation_name":"United States at the 1904 Summer Olympics","country_medal_wikidata_id":"Q30","country_medal":"United States","country_medal_code2":"US","country_medal_code3":"USA","country_medal_ioc_country_code":"USA","date_of_birth":"1880-01-13","place_of_birth_wikidata_id":"Q1345","place_of_birth":"Philadelphia","place_of_birth_located_in_wikidata_id":"Q496900","place_of_birth_located_in":"Philadelphia County","place_of_birth_coordinates":"39.952777777778,-75.163611111111","sex_or_gender_wikidata_id":"Q6581097","sex_or_gender":"male","event_wikidata_id":"Q1046518","event_link":"https://en.wikipedia.org/wiki/Rowing_at_the_1904_Summer_Olympics_–_Men's_eight","event_name":"rowing at the 1904 Summer Olympics – men's eight","event_part_of_wikidata_id":"Q838617","event_part_of":"rowing at the 1904 Summer Olympics","event_sport_wikidata_id":"Q159354","event_sport":"rowing","sport_wikidata_id":"Q159354","sport":"rowing","source_page":"https://en.wikipedia.org/wiki/List_of_1904_Summer_Olympics_medal_winners","source_kind":"layers-derived-wikipedia-wikidata"}},{"type":"Feature","id":"olympic-medals-birthplace-1904-1fe37a2a0db87603","geometry":{"type":"Point","coordinates":[-75.163611111111,39.952777777778]},"properties":{"year":1904,"medalist_wikidata_id":"Q2444448","medalist_link":"https://en.wikipedia.org/wiki/Joseph_Dempsey","medalist_name":"Joseph Francis Dempsey","medal":"gold","delegation_wikidata_id":"Q1350274","delegation_link":"https://en.wikipedia.org/wiki/United_States_at_the_1904_Summer_Olympics","delegation_name":"United States at the 1904 Summer Olympics","country_medal_wikidata_id":"Q30","country_medal":"United States","country_medal_code2":"US","country_medal_code3":"USA","country_medal_ioc_country_code":"USA","date_of_birth":"1875-10-12","place_of_birth_wikidata_id":"Q1345","place_of_birth":"Philadelphia","place_of_birth_located_in_wikidata_id":"Q496900","place_of_birth_located_in":"Philadelphia County","place_of_birth_coordinates":"39.952777777778,-75.163611111111","sex_or_gender_wikidata_id":"Q6581097","sex_or_gender":"male","event_wikidata_id":"Q1046518","event_link":"https://en.wikipedia.org/wiki/Rowing_at_the_1904_Summer_Olympics_–_Men's_eight","event_name":"rowing at the 1904 Summer Olympics – men's eight","event_part_of_wikidata_id":"Q838617","event_part_of":"rowing at the 1904 Summer Olympics","event_sport_wikidata_id":"Q159354","event_sport":"rowing","sport_wikidata_id":"Q159354","sport":"rowing","source_page":"https://en.wikipedia.org/wiki/List_of_1904_Summer_Olympics_medal_winners","source_kind":"layers-derived-wikipedia-wikidata"}},{"type":"Feature","id":"olympic-medals-birthplace-1904-66fd539cf17fa41e","geometry":{"type":"Point","coordinates":[-75.163611111111,39.952777777778]},"properties":{"year":1904,"medalist_wikidata_id":"Q949088","medalist_link":"https://en.wikipedia.org/wiki/John_Exley","medalist_name":"John Exley","medal":"gold","delegation_wikidata_id":"Q1350274","delegation_link":"https://en.wikipedia.org/wiki/United_States_at_the_1904_Summer_Olympics","delegation_name":"United States at the 1904 Summer Olympics","country_medal_wikidata_id":"Q30","country_medal":"United States","country_medal_code2":"US","country_medal_code3":"USA","country_medal_ioc_country_code":"USA","date_of_birth":"1867-05-23","place_of_birth_wikidata_id":"Q1345","place_of_birth":"Philadelphia","place_of_birth_located_in_wikidata_id":"Q496900","place_of_birth_located_in":"Philadelphia County","place_of_birth_coordinates":"39.952777777778,-75.163611111111","sex_or_gender_wikidata_id":"Q6581097","sex_or_gender":"male","event_wikidata_id":"Q1046518","event_link":"https://en.wikipedia.org/wiki/Rowing_at_the_1904_Summer_Olympics_–_Men's_eight","event_name":"rowing at the 1904 Summer Olympics – men's eight","event_part_of_wikidata_id":"Q838617","event_part_of":"rowing at the 1904 Summer Olympics","event_sport_wikidata_id":"Q159354","event_sport":"rowing","sport_wikidata_id":"Q159354","sport":"rowing","source_page":"https://en.wikipedia.org/wiki/List_of_1904_Summer_Olympics_medal_winners","source_kind":"layers-derived-wikipedia-wikidata"}},{"type":"Feature","id":"olympic-medals-birthplace-1904-5534984534d702f5","geometry":{"type":"Point","coordinates":[-74.209166666667,40.662222222222]},"properties":{"year":1904,"medalist_wikidata_id":"Q372861","medalist_link":"https://en.wikipedia.org/wiki/Louis_Abell","medalist_name":"Louis Abell","medal":"gold","delegation_wikidata_id":"Q1350274","delegation_link":"https://en.wikipedia.org/wiki/United_States_at_the_1904_Summer_Olympics","delegation_name":"United States at the 1904 Summer Olympics","country_medal_wikidata_id":"Q30","country_medal":"United States","country_medal_code2":"US","country_medal_code3":"USA","country_medal_ioc_country_code":"USA","date_of_birth":"1884-07-21","place_of_birth_wikidata_id":"Q138311","place_of_birth":"Elizabeth","place_of_birth_located_in_wikidata_id":"Q502459","place_of_birth_located_in":"Union County","place_of_birth_coordinates":"40.662222222222,-74.209166666667","sex_or_gender_wikidata_id":"Q6581097","sex_or_gender":"male","event_wikidata_id":"Q1046518","event_link":"https://en.wikipedia.org/wiki/Rowing_at_the_1904_Summer_Olympics_–_Men's_eight","event_name":"rowing at the 1904 Summer Olympics – men's eight","event_part_of_wikidata_id":"Q838617","event_part_of":"rowing at the 1904 Summer Olympics","event_sport_wikidata_id":"Q159354","event_sport":"rowing","sport_wikidata_id":"Q159354","sport":"rowing","source_page":"https://en.wikipedia.org/wiki/List_of_1904_Summer_Olympics_medal_winners","source_kind":"layers-derived-wikipedia-wikidata"}},{"type":"Feature","id":"olympic-medals-birthplace-1904-0fdfed55791040a9","geometry":{"type":"Point","coordinates":[-1.0833333333333,53.95]},"properties":{"year":1904,"medalist_wikidata_id":"Q1813640","medalist_link":"https://en.wikipedia.org/wiki/Arthur_Bailey_(rower)","medalist_name":"Arthur Bailey","medal":"silver","delegation_wikidata_id":"Q1207374","delegation_link":"https://en.wikipedia.org/wiki/Canada_at_the_1904_Summer_Olympics","delegation_name":"Canada at the 1904 Summer Olympics","country_medal_wikidata_id":"Q16","country_medal":"Canada","country_medal_code2":"CA","country_medal_code3":"CAN","country_medal_ioc_country_code":"CAN","date_of_birth":"1881-03-27","place_of_birth_wikidata_id":"Q42462","place_of_birth":"York","place_of_birth_located_in_wikidata_id":"Q20986421","place_of_birth_located_in":"City of York","place_of_birth_coordinates":"53.95,-1.0833333333333","sex_or_gender_wikidata_id":"Q6581097","sex_or_gender":"male","event_wikidata_id":"Q1046518","event_link":"https://en.wikipedia.org/wiki/Rowing_at_the_1904_Summer_Olympics_–_Men's_eight","event_name":"rowing at the 1904 Summer Olympics – men's eight","event_part_of_wikidata_id":"Q838617","event_part_of":"rowing at the 1904 Summer Olympics","event_sport_wikidata_id":"Q159354","event_sport":"rowing","sport_wikidata_id":"Q159354","sport":"rowing","source_page":"https://en.wikipedia.org/wiki/List_of_1904_Summer_Olympics_medal_winners","source_kind":"layers-derived-wikipedia-wikidata"}},{"type":"Feature","id":"olympic-medals-birthplace-1904-b88385297013edaf","geometry":{"type":"Point","coordinates":[-84.5125,39.1]},"properties":{"year":1904,"medalist_wikidata_id":"Q1809401","medalist_link":"https://en.wikipedia.org/wiki/William_Rice_(rower)","medalist_name":"William Rice","medal":"silver","delegation_wikidata_id":"Q1207374","delegation_link":"https://en.wikipedia.org/wiki/Canada_at_the_1904_Summer_Olympics","delegation_name":"Canada at the 1904 Summer Olympics","country_medal_wikidata_id":"Q16","country_medal":"Canada","country_medal_code2":"CA","country_medal_code3":"CAN","country_medal_ioc_country_code":"CAN","date_of_birth":"1881-02-18","place_of_birth_wikidata_id":"Q43196","place_of_birth":"Cincinnati","place_of_birth_located_in_wikidata_id":"Q152891","place_of_birth_located_in":"Hamilton County","place_of_birth_coordinates":"39.1,-84.5125","sex_or_gender_wikidata_id":"Q6581097","sex_or_gender":"male","event_wikidata_id":"Q1046518","event_link":"https://en.wikipedia.org/wiki/Rowing_at_the_1904_Summer_Olympics_–_Men's_eight","event_name":"rowing at the 1904 Summer Olympics – men's eight","event_part_of_wikidata_id":"Q838617","event_part_of":"rowing at the 1904 Summer Olympics","event_sport_wikidata_id":"Q159354","event_sport":"rowing","sport_wikidata_id":"Q159354","sport":"rowing","source_page":"https://en.wikipedia.org/wiki/List_of_1904_Summer_Olympics_medal_winners","source_kind":"layers-derived-wikipedia-wikidata"}},{"type":"Feature","id":"olympic-medals-birthplace-1904-5d587b50d58f5ec7","geometry":{"type":"Point","coordinates":[-75.75,45.1667]},"properties":{"year":1904,"medalist_wikidata_id":"Q253177","medalist_link":"https://en.wikipedia.org/wiki/George_Reiffenstein","medalist_name":"George Reiffenstein","medal":"silver","delegation_wikidata_id":"Q1207374","delegation_link":"https://en.wikipedia.org/wiki/Canada_at_the_1904_Summer_Olympics","delegation_name":"Canada at the 1904 Summer Olympics","country_medal_wikidata_id":"Q16","country_medal":"Canada","country_medal_code2":"CA","country_medal_code3":"CAN","country_medal_ioc_country_code":"CAN","date_of_birth":"1883-03-17","place_of_birth_wikidata_id":"Q4215324","place_of_birth":"Carleton County","place_of_birth_located_in_wikidata_id":null,"place_of_birth_located_in":null,"place_of_birth_coordinates":"45.1667,-75.75","sex_or_gender_wikidata_id":"Q6581097","sex_or_gender":"male","event_wikidata_id":"Q1046518","event_link":"https://en.wikipedia.org/wiki/Rowing_at_the_1904_Summer_Olympics_–_Men's_eight","event_name":"rowing at the 1904 Summer Olympics – men's eight","event_part_of_wikidata_id":"Q838617","event_part_of":"rowing at the 1904 Summer Olympics","event_sport_wikidata_id":"Q159354","event_sport":"rowing","sport_wikidata_id":"Q159354","sport":"rowing","source_page":"https://en.wikipedia.org/wiki/List_of_1904_Summer_Olympics_medal_winners","source_kind":"layers-derived-wikipedia-wikidata"}},{"type":"Feature","id":"olympic-medals-birthplace-1904-b6c0a32bb76306a3","geometry":{"type":"Point","coordinates":[-79.386666666667,43.670277777778]},"properties":{"year":1904,"medalist_wikidata_id":"Q2447516","medalist_link":"https://en.wikipedia.org/wiki/Phil_Boyd","medalist_name":"Phil Boyd","medal":"silver","delegation_wikidata_id":"Q1207374","delegation_link":"https://en.wikipedia.org/wiki/Canada_at_the_1904_Summer_Olympics","delegation_name":"Canada at the 1904 Summer Olympics","country_medal_wikidata_id":"Q16","country_medal":"Canada","country_medal_code2":"CA","country_medal_code3":"CAN","country_medal_ioc_country_code":"CAN","date_of_birth":"1876-06-05","place_of_birth_wikidata_id":"Q172","place_of_birth":"Toronto","place_of_birth_located_in_wikidata_id":"Q1904","place_of_birth_located_in":"Ontario","place_of_birth_coordinates":"43.670277777778,-79.386666666667","sex_or_gender_wikidata_id":"Q6581097","sex_or_gender":"male","event_wikidata_id":"Q1046518","event_link":"https://en.wikipedia.org/wiki/Rowing_at_the_1904_Summer_Olympics_–_Men's_eight","event_name":"rowing at the 1904 Summer Olympics – men's eight","event_part_of_wikidata_id":"Q838617","event_part_of":"rowing at the 1904 Summer Olympics","event_sport_wikidata_id":"Q159354","event_sport":"rowing","sport_wikidata_id":"Q159354","sport":"rowing","source_page":"https://en.wikipedia.org/wiki/List_of_1904_Summer_Olympics_medal_winners","source_kind":"layers-derived-wikipedia-wikidata"}},{"type":"Feature","id":"olympic-medals-birthplace-1904-a09563e0ccef4b47","geometry":{"type":"Point","coordinates":[-98.291944444444,49.972777777778]},"properties":{"year":1904,"medalist_wikidata_id":"Q1810339","medalist_link":"https://en.wikipedia.org/wiki/George_Strange","medalist_name":"George Strange","medal":"silver","delegation_wikidata_id":"Q1207374","delegation_link":"https://en.wikipedia.org/wiki/Canada_at_the_1904_Summer_Olympics","delegation_name":"Canada at the 1904 Summer Olympics","country_medal_wikidata_id":"Q16","country_medal":"Canada","country_medal_code2":"CA","country_medal_code3":"CAN","country_medal_ioc_country_code":"CAN","date_of_birth":"1880-11-09","place_of_birth_wikidata_id":"Q1017624","place_of_birth":"Portage la Prairie","place_of_birth_located_in_wikidata_id":"Q5061662","place_of_birth_located_in":"Central Plains Region","place_of_birth_coordinates":"49.972777777778,-98.291944444444","sex_or_gender_wikidata_id":"Q6581097","sex_or_gender":"male","event_wikidata_id":"Q1046518","event_link":"https://en.wikipedia.org/wiki/Rowing_at_the_1904_Summer_Olympics_–_Men's_eight","event_name":"rowing at the 1904 Summer Olympics – men's eight","event_part_of_wikidata_id":"Q838617","event_part_of":"rowing at the 1904 Summer Olympics","event_sport_wikidata_id":"Q159354","event_sport":"rowing","sport_wikidata_id":"Q159354","sport":"rowing","source_page":"https://en.wikipedia.org/wiki/List_of_1904_Summer_Olympics_medal_winners","source_kind":"layers-derived-wikipedia-wikidata"}},{"type":"Feature","id":"olympic-medals-birthplace-1904-130cacfe09c7375e","geometry":{"type":"Point","coordinates":[-79.386666666667,43.670277777778]},"properties":{"year":1904,"medalist_wikidata_id":"Q1810308","medalist_link":"https://en.wikipedia.org/wiki/William_Wadsworth_(rower)","medalist_name":"William Wadsworth","medal":"silver","delegation_wikidata_id":"Q1207374","delegation_link":"https://en.wikipedia.org/wiki/Canada_at_the_1904_Summer_Olympics","delegation_name":"Canada at the 1904 Summer Olympics","country_medal_wikidata_id":"Q16","country_medal":"Canada","country_medal_code2":"CA","country_medal_code3":"CAN","country_medal_ioc_country_code":"CAN","date_of_birth":"1875-12-17","place_of_birth_wikidata_id":"Q172","place_of_birth":"Toronto","place_of_birth_located_in_wikidata_id":"Q1904","place_of_birth_located_in":"Ontario","place_of_birth_coordinates":"43.670277777778,-79.386666666667","sex_or_gender_wikidata_id":"Q6581097","sex_or_gender":"male","event_wikidata_id":"Q1046518","event_link":"https://en.wikipedia.org/wiki/Rowing_at_the_1904_Summer_Olympics_–_Men's_eight","event_name":"rowing at the 1904 Summer Olympics – men's eight","event_part_of_wikidata_id":"Q838617","event_part_of":"rowing at the 1904 Summer Olympics","event_sport_wikidata_id":"Q159354","event_sport":"rowing","sport_wikidata_id":"Q159354","sport":"rowing","source_page":"https://en.wikipedia.org/wiki/List_of_1904_Summer_Olympics_medal_winners","source_kind":"layers-derived-wikipedia-wikidata"}},{"type":"Feature","id":"olympic-medals-birthplace-1904-376b94df71142ba4","geometry":{"type":"Point","coordinates":[-79.386666666667,43.670277777778]},"properties":{"year":1904,"medalist_wikidata_id":"Q1921206","medalist_link":"https://en.wikipedia.org/wiki/Don_MacKenzie_(rower)","medalist_name":"Don MacKenzie","medal":"silver","delegation_wikidata_id":"Q1207374","delegation_link":"https://en.wikipedia.org/wiki/Canada_at_the_1904_Summer_Olympics","delegation_name":"Canada at the 1904 Summer Olympics","country_medal_wikidata_id":"Q16","country_medal":"Canada","country_medal_code2":"CA","country_medal_code3":"CAN","country_medal_ioc_country_code":"CAN","date_of_birth":"1874-12-30","place_of_birth_wikidata_id":"Q172","place_of_birth":"Toronto","place_of_birth_located_in_wikidata_id":"Q1904","place_of_birth_located_in":"Ontario","place_of_birth_coordinates":"43.670277777778,-79.386666666667","sex_or_gender_wikidata_id":"Q6581097","sex_or_gender":"male","event_wikidata_id":"Q1046518","event_link":"https://en.wikipedia.org/wiki/Rowing_at_the_1904_Summer_Olympics_–_Men's_eight","event_name":"rowing at the 1904 Summer Olympics – men's eight","event_part_of_wikidata_id":"Q838617","event_part_of":"rowing at the 1904 Summer Olympics","event_sport_wikidata_id":"Q159354","event_sport":"rowing","sport_wikidata_id":"Q159354","sport":"rowing","source_page":"https://en.wikipedia.org/wiki/List_of_1904_Summer_Olympics_medal_winners","source_kind":"layers-derived-wikipedia-wikidata"}},{"type":"Feature","id":"olympic-medals-birthplace-1904-5bf33aa66483e157","geometry":{"type":"Point","coordinates":[-85,50]},"properties":{"year":1904,"medalist_wikidata_id":"Q2444461","medalist_link":"https://en.wikipedia.org/wiki/Joseph_Wright_(rower)","medalist_name":"Joseph Wright","medal":"silver","delegation_wikidata_id":"Q1207374","delegation_link":"https://en.wikipedia.org/wiki/Canada_at_the_1904_Summer_Olympics","delegation_name":"Canada at the 1904 Summer Olympics","country_medal_wikidata_id":"Q16","country_medal":"Canada","country_medal_code2":"CA","country_medal_code3":"CAN","country_medal_ioc_country_code":"CAN","date_of_birth":"1864-01-14","place_of_birth_wikidata_id":"Q1904","place_of_birth":"Ontario","place_of_birth_located_in_wikidata_id":"Q16","place_of_birth_located_in":"Canada","place_of_birth_coordinates":"50,-85","sex_or_gender_wikidata_id":"Q6581097","sex_or_gender":"male","event_wikidata_id":"Q1046518","event_link":"https://en.wikipedia.org/wiki/Rowing_at_the_1904_Summer_Olympics_–_Men's_eight","event_name":"rowing at the 1904 Summer Olympics – men's eight","event_part_of_wikidata_id":"Q838617","event_part_of":"rowing at the 1904 Summer Olympics","event_sport_wikidata_id":"Q159354","event_sport":"rowing","sport_wikidata_id":"Q159354","sport":"rowing","source_page":"https://en.wikipedia.org/wiki/List_of_1904_Summer_Olympics_medal_winners","source_kind":"layers-derived-wikipedia-wikidata"}},{"type":"Feature","id":"olympic-medals-birthplace-1904-b48fb47da802d7bb","geometry":{"type":"Point","coordinates":[-79.386666666667,43.670277777778]},"properties":{"year":1904,"medalist_wikidata_id":"Q1809030","medalist_link":"https://en.wikipedia.org/wiki/Thomas_Loudon","medalist_name":"Thomas Loudon","medal":"silver","delegation_wikidata_id":"Q1207374","delegation_link":"https://en.wikipedia.org/wiki/Canada_at_the_1904_Summer_Olympics","delegation_name":"Canada at the 1904 Summer Olympics","country_medal_wikidata_id":"Q16","country_medal":"Canada","country_medal_code2":"CA","country_medal_code3":"CAN","country_medal_ioc_country_code":"CAN","date_of_birth":"1883-09-01","place_of_birth_wikidata_id":"Q172","place_of_birth":"Toronto","place_of_birth_located_in_wikidata_id":"Q1904","place_of_birth_located_in":"Ontario","place_of_birth_coordinates":"43.670277777778,-79.386666666667","sex_or_gender_wikidata_id":"Q6581097","sex_or_gender":"male","event_wikidata_id":"Q1046518","event_link":"https://en.wikipedia.org/wiki/Rowing_at_the_1904_Summer_Olympics_–_Men's_eight","event_name":"rowing at the 1904 Summer Olympics – men's eight","event_part_of_wikidata_id":"Q838617","event_part_of":"rowing at the 1904 Summer Olympics","event_sport_wikidata_id":"Q159354","event_sport":"rowing","sport_wikidata_id":"Q159354","sport":"rowing","source_page":"https://en.wikipedia.org/wiki/List_of_1904_Summer_Olympics_medal_winners","source_kind":"layers-derived-wikipedia-wikidata"}},{"type":"Feature","id":"olympic-medals-birthplace-1904-a94e621029200a68","geometry":{"type":"Point","coordinates":[16.912222222222223,48.33]},"properties":{"year":1904,"medalist_wikidata_id":"Q219088","medalist_link":"https://en.wikipedia.org/wiki/Zoltán_Halmay","medalist_name":"Zoltán Halmay","medal":"gold","delegation_wikidata_id":"Q580996","delegation_link":"https://en.wikipedia.org/wiki/Hungary_at_the_1904_Summer_Olympics","delegation_name":"Hungary at the 1904 Summer Olympics","country_medal_wikidata_id":"Q28513","country_medal":"Austria–Hungary","country_medal_code2":null,"country_medal_code3":null,"country_medal_ioc_country_code":null,"date_of_birth":"1881-06-18","place_of_birth_wikidata_id":"Q1028006","place_of_birth":"Vysoká pri Morave","place_of_birth_located_in_wikidata_id":"Q590660","place_of_birth_located_in":"Malacky District","place_of_birth_coordinates":"48.33,16.912222222222223","sex_or_gender_wikidata_id":"Q6581097","sex_or_gender":"male","event_wikidata_id":"Q1045946","event_link":"https://en.wikipedia.org/wiki/Swimming_at_the_1904_Summer_Olympics_–_Men's_50_yard_freestyle","event_name":"swimming at the 1904 Summer Olympics – men's 50 yard freestyle","event_part_of_wikidata_id":"Q843658","event_part_of":"swimming at the 1904 Summer Olympics","event_sport_wikidata_id":"Q31920","event_sport":"competitive swimming","sport_wikidata_id":"Q31920","sport":"competitive swimming","source_page":"https://en.wikipedia.org/wiki/List_of_1904_Summer_Olympics_medal_winners","source_kind":"layers-derived-wikipedia-wikidata"}},{"type":"Feature","id":"olympic-medals-birthplace-1904-e799f50e3d215bab","geometry":{"type":"Point","coordinates":[-122.47777777778,40.592222222222]},"properties":{"year":1904,"medalist_wikidata_id":"Q1428636","medalist_link":"https://en.wikipedia.org/wiki/Scott_Leary","medalist_name":"Scott Leary","medal":"silver","delegation_wikidata_id":"Q1350274","delegation_link":"https://en.wikipedia.org/wiki/United_States_at_the_1904_Summer_Olympics","delegation_name":"United States at the 1904 Summer Olympics","country_medal_wikidata_id":"Q30","country_medal":"United States","country_medal_code2":"US","country_medal_code3":"USA","country_medal_ioc_country_code":"USA","date_of_birth":"1881-12-29","place_of_birth_wikidata_id":"Q3116391","place_of_birth":"Shasta","place_of_birth_located_in_wikidata_id":"Q156350","place_of_birth_located_in":"Shasta County","place_of_birth_coordinates":"40.592222222222,-122.47777777778","sex_or_gender_wikidata_id":"Q6581097","sex_or_gender":"male","event_wikidata_id":"Q1045946","event_link":"https://en.wikipedia.org/wiki/Swimming_at_the_1904_Summer_Olympics_–_Men's_50_yard_freestyle","event_name":"swimming at the 1904 Summer Olympics – men's 50 yard freestyle","event_part_of_wikidata_id":"Q843658","event_part_of":"swimming at the 1904 Summer Olympics","event_sport_wikidata_id":"Q31920","event_sport":"competitive swimming","sport_wikidata_id":"Q31920","sport":"competitive swimming","source_page":"https://en.wikipedia.org/wiki/List_of_1904_Summer_Olympics_medal_winners","source_kind":"layers-derived-wikipedia-wikidata"}},{"type":"Feature","id":"olympic-medals-birthplace-1904-a91a2aae3a80c7f6","geometry":{"type":"Point","coordinates":[-84.2,39.766666666667]},"properties":{"year":1904,"medalist_wikidata_id":"Q532827","medalist_link":"https://en.wikipedia.org/wiki/Charles_Daniels_(swimmer)","medalist_name":"Charles Daniels","medal":"bronze","delegation_wikidata_id":"Q1350274","delegation_link":"https://en.wikipedia.org/wiki/United_States_at_the_1904_Summer_Olympics","delegation_name":"United States at the 1904 Summer Olympics","country_medal_wikidata_id":"Q30","country_medal":"United States","country_medal_code2":"US","country_medal_code3":"USA","country_medal_ioc_country_code":"USA","date_of_birth":"1885-03-24","place_of_birth_wikidata_id":"Q34739","place_of_birth":"Dayton","place_of_birth_located_in_wikidata_id":"Q485600","place_of_birth_located_in":"Montgomery County","place_of_birth_coordinates":"39.766666666667,-84.2","sex_or_gender_wikidata_id":"Q6581097","sex_or_gender":"male","event_wikidata_id":"Q1045946","event_link":"https://en.wikipedia.org/wiki/Swimming_at_the_1904_Summer_Olympics_–_Men's_50_yard_freestyle","event_name":"swimming at the 1904 Summer Olympics – men's 50 yard freestyle","event_part_of_wikidata_id":"Q843658","event_part_of":"swimming at the 1904 Summer Olympics","event_sport_wikidata_id":"Q31920","event_sport":"competitive swimming","sport_wikidata_id":"Q31920","sport":"competitive swimming","source_page":"https://en.wikipedia.org/wiki/List_of_1904_Summer_Olympics_medal_winners","source_kind":"layers-derived-wikipedia-wikidata"}},{"type":"Feature","id":"olympic-medals-birthplace-1904-4d78fefb8da5fab6","geometry":{"type":"Point","coordinates":[16.912222222222223,48.33]},"properties":{"year":1904,"medalist_wikidata_id":"Q219088","medalist_link":"https://en.wikipedia.org/wiki/Zoltán_Halmay","medalist_name":"Zoltán Halmay","medal":"gold","delegation_wikidata_id":"Q580996","delegation_link":"https://en.wikipedia.org/wiki/Hungary_at_the_1904_Summer_Olympics","delegation_name":"Hungary at the 1904 Summer Olympics","country_medal_wikidata_id":"Q28513","country_medal":"Austria–Hungary","country_medal_code2":null,"country_medal_code3":null,"country_medal_ioc_country_code":null,"date_of_birth":"1881-06-18","place_of_birth_wikidata_id":"Q1028006","place_of_birth":"Vysoká pri Morave","place_of_birth_located_in_wikidata_id":"Q590660","place_of_birth_located_in":"Malacky District","place_of_birth_coordinates":"48.33,16.912222222222223","sex_or_gender_wikidata_id":"Q6581097","sex_or_gender":"male","event_wikidata_id":"Q1045954","event_link":"https://en.wikipedia.org/wiki/Swimming_at_the_1904_Summer_Olympics_–_Men's_100_yard_freestyle","event_name":"swimming at the 1904 Summer Olympics – men's 100 yard freestyle","event_part_of_wikidata_id":"Q843658","event_part_of":"swimming at the 1904 Summer Olympics","event_sport_wikidata_id":"Q31920","event_sport":"competitive swimming","sport_wikidata_id":"Q31920","sport":"competitive swimming","source_page":"https://en.wikipedia.org/wiki/List_of_1904_Summer_Olympics_medal_winners","source_kind":"layers-derived-wikipedia-wikidata"}},{"type":"Feature","id":"olympic-medals-birthplace-1904-de0970300508a067","geometry":{"type":"Point","coordinates":[-84.2,39.766666666667]},"properties":{"year":1904,"medalist_wikidata_id":"Q532827","medalist_link":"https://en.wikipedia.org/wiki/Charles_Daniels_(swimmer)","medalist_name":"Charles Daniels","medal":"silver","delegation_wikidata_id":"Q1350274","delegation_link":"https://en.wikipedia.org/wiki/United_States_at_the_1904_Summer_Olympics","delegation_name":"United States at the 1904 Summer Olympics","country_medal_wikidata_id":"Q30","country_medal":"United States","country_medal_code2":"US","country_medal_code3":"USA","country_medal_ioc_country_code":"USA","date_of_birth":"1885-03-24","place_of_birth_wikidata_id":"Q34739","place_of_birth":"Dayton","place_of_birth_located_in_wikidata_id":"Q485600","place_of_birth_located_in":"Montgomery County","place_of_birth_coordinates":"39.766666666667,-84.2","sex_or_gender_wikidata_id":"Q6581097","sex_or_gender":"male","event_wikidata_id":"Q1045954","event_link":"https://en.wikipedia.org/wiki/Swimming_at_the_1904_Summer_Olympics_–_Men's_100_yard_freestyle","event_name":"swimming at the 1904 Summer Olympics – men's 100 yard freestyle","event_part_of_wikidata_id":"Q843658","event_part_of":"swimming at the 1904 Summer Olympics","event_sport_wikidata_id":"Q31920","event_sport":"competitive swimming","sport_wikidata_id":"Q31920","sport":"competitive swimming","source_page":"https://en.wikipedia.org/wiki/List_of_1904_Summer_Olympics_medal_winners","source_kind":"layers-derived-wikipedia-wikidata"}},{"type":"Feature","id":"olympic-medals-birthplace-1904-db8deeaa0df0e4eb","geometry":{"type":"Point","coordinates":[-122.47777777778,40.592222222222]},"properties":{"year":1904,"medalist_wikidata_id":"Q1428636","medalist_link":"https://en.wikipedia.org/wiki/Scott_Leary","medalist_name":"Scott Leary","medal":"bronze","delegation_wikidata_id":"Q1350274","delegation_link":"https://en.wikipedia.org/wiki/United_States_at_the_1904_Summer_Olympics","delegation_name":"United States at the 1904 Summer Olympics","country_medal_wikidata_id":"Q30","country_medal":"United States","country_medal_code2":"US","country_medal_code3":"USA","country_medal_ioc_country_code":"USA","date_of_birth":"1881-12-29","place_of_birth_wikidata_id":"Q3116391","place_of_birth":"Shasta","place_of_birth_located_in_wikidata_id":"Q156350","place_of_birth_located_in":"Shasta County","place_of_birth_coordinates":"40.592222222222,-122.47777777778","sex_or_gender_wikidata_id":"Q6581097","sex_or_gender":"male","event_wikidata_id":"Q1045954","event_link":"https://en.wikipedia.org/wiki/Swimming_at_the_1904_Summer_Olympics_–_Men's_100_yard_freestyle","event_name":"swimming at the 1904 Summer Olympics – men's 100 yard freestyle","event_part_of_wikidata_id":"Q843658","event_part_of":"swimming at the 1904 Summer Olympics","event_sport_wikidata_id":"Q31920","event_sport":"competitive swimming","sport_wikidata_id":"Q31920","sport":"competitive swimming","source_page":"https://en.wikipedia.org/wiki/List_of_1904_Summer_Olympics_medal_winners","source_kind":"layers-derived-wikipedia-wikidata"}},{"type":"Feature","id":"olympic-medals-birthplace-1904-49d8ad376e76827d","geometry":{"type":"Point","coordinates":[-84.2,39.766666666667]},"properties":{"year":1904,"medalist_wikidata_id":"Q532827","medalist_link":"https://en.wikipedia.org/wiki/Charles_Daniels_(swimmer)","medalist_name":"Charles Daniels","medal":"gold","delegation_wikidata_id":"Q1350274","delegation_link":"https://en.wikipedia.org/wiki/United_States_at_the_1904_Summer_Olympics","delegation_name":"United States at the 1904 Summer Olympics","country_medal_wikidata_id":"Q30","country_medal":"United States","country_medal_code2":"US","country_medal_code3":"USA","country_medal_ioc_country_code":"USA","date_of_birth":"1885-03-24","place_of_birth_wikidata_id":"Q34739","place_of_birth":"Dayton","place_of_birth_located_in_wikidata_id":"Q485600","place_of_birth_located_in":"Montgomery County","place_of_birth_coordinates":"39.766666666667,-84.2","sex_or_gender_wikidata_id":"Q6581097","sex_or_gender":"male","event_wikidata_id":"Q1045693","event_link":"https://en.wikipedia.org/wiki/Swimming_at_the_1904_Summer_Olympics_–_Men's_220_yard_freestyle","event_name":"swimming at the 1904 Summer Olympics – men's 220 yard freestyle","event_part_of_wikidata_id":"Q843658","event_part_of":"swimming at the 1904 Summer Olympics","event_sport_wikidata_id":"Q31920","event_sport":"competitive swimming","sport_wikidata_id":"Q31920","sport":"competitive swimming","source_page":"https://en.wikipedia.org/wiki/List_of_1904_Summer_Olympics_medal_winners","source_kind":"layers-derived-wikipedia-wikidata"}},{"type":"Feature","id":"olympic-medals-birthplace-1904-65a3e6fd84f39a4b","geometry":{"type":"Point","coordinates":[153.02777777778,-27.467777777778]},"properties":{"year":1904,"medalist_wikidata_id":"Q2721093","medalist_link":"https://en.wikipedia.org/wiki/Francis_Gailey","medalist_name":"Francis Gailey","medal":"silver","delegation_wikidata_id":"Q142212","delegation_link":"https://en.wikipedia.org/wiki/Australia_at_the_1904_Summer_Olympics","delegation_name":"Australia at the 1904 Summer Olympics","country_medal_wikidata_id":"Q408","country_medal":"Australia","country_medal_code2":"AU","country_medal_code3":"AUS","country_medal_ioc_country_code":"AUS","date_of_birth":"1882-01-21","place_of_birth_wikidata_id":"Q34932","place_of_birth":"Brisbane","place_of_birth_located_in_wikidata_id":"Q36074","place_of_birth_located_in":"Queensland","place_of_birth_coordinates":"-27.467777777778,153.02777777778","sex_or_gender_wikidata_id":"Q6581097","sex_or_gender":"male","event_wikidata_id":"Q1045693","event_link":"https://en.wikipedia.org/wiki/Swimming_at_the_1904_Summer_Olympics_–_Men's_220_yard_freestyle","event_name":"swimming at the 1904 Summer Olympics – men's 220 yard freestyle","event_part_of_wikidata_id":"Q843658","event_part_of":"swimming at the 1904 Summer Olympics","event_sport_wikidata_id":"Q31920","event_sport":"competitive swimming","sport_wikidata_id":"Q31920","sport":"competitive swimming","source_page":"https://en.wikipedia.org/wiki/List_of_1904_Summer_Olympics_medal_winners","source_kind":"layers-derived-wikipedia-wikidata"}},{"type":"Feature","id":"olympic-medals-birthplace-1904-223d3cf50be43a42","geometry":{"type":"Point","coordinates":[13.383333333333,52.516666666667]},"properties":{"year":1904,"medalist_wikidata_id":"Q532599","medalist_link":"https://en.wikipedia.org/wiki/Emil_Rausch","medalist_name":"Emil Rausch","medal":"bronze","delegation_wikidata_id":"Q143137","delegation_link":"https://en.wikipedia.org/wiki/Germany_at_the_1904_Summer_Olympics","delegation_name":"Germany at the 1904 Summer Olympics","country_medal_wikidata_id":"Q1206012","country_medal":"German Reich","country_medal_code2":null,"country_medal_code3":null,"country_medal_ioc_country_code":null,"date_of_birth":"1883-09-11","place_of_birth_wikidata_id":"Q64","place_of_birth":"Berlin","place_of_birth_located_in_wikidata_id":"Q148499","place_of_birth_located_in":"Margraviate of Brandenburg","place_of_birth_coordinates":"52.516666666667,13.383333333333","sex_or_gender_wikidata_id":"Q6581097","sex_or_gender":"male","event_wikidata_id":"Q1045693","event_link":"https://en.wikipedia.org/wiki/Swimming_at_the_1904_Summer_Olympics_–_Men's_220_yard_freestyle","event_name":"swimming at the 1904 Summer Olympics – men's 220 yard freestyle","event_part_of_wikidata_id":"Q843658","event_part_of":"swimming at the 1904 Summer Olympics","event_sport_wikidata_id":"Q31920","event_sport":"competitive swimming","sport_wikidata_id":"Q31920","sport":"competitive swimming","source_page":"https://en.wikipedia.org/wiki/List_of_1904_Summer_Olympics_medal_winners","source_kind":"layers-derived-wikipedia-wikidata"}},{"type":"Feature","id":"olympic-medals-birthplace-1904-9218917805117b96","geometry":{"type":"Point","coordinates":[-84.2,39.766666666667]},"properties":{"year":1904,"medalist_wikidata_id":"Q532827","medalist_link":"https://en.wikipedia.org/wiki/Charles_Daniels_(swimmer)","medalist_name":"Charles Daniels","medal":"gold","delegation_wikidata_id":"Q1350274","delegation_link":"https://en.wikipedia.org/wiki/United_States_at_the_1904_Summer_Olympics","delegation_name":"United States at the 1904 Summer Olympics","country_medal_wikidata_id":"Q30","country_medal":"United States","country_medal_code2":"US","country_medal_code3":"USA","country_medal_ioc_country_code":"USA","date_of_birth":"1885-03-24","place_of_birth_wikidata_id":"Q34739","place_of_birth":"Dayton","place_of_birth_located_in_wikidata_id":"Q485600","place_of_birth_located_in":"Montgomery County","place_of_birth_coordinates":"39.766666666667,-84.2","sex_or_gender_wikidata_id":"Q6581097","sex_or_gender":"male","event_wikidata_id":"Q1045932","event_link":"https://en.wikipedia.org/wiki/Swimming_at_the_1904_Summer_Olympics_–_Men's_440_yard_freestyle","event_name":"swimming at the 1904 Summer Olympics – men's 440 yard freestyle","event_part_of_wikidata_id":"Q843658","event_part_of":"swimming at the 1904 Summer Olympics","event_sport_wikidata_id":"Q31920","event_sport":"competitive swimming","sport_wikidata_id":"Q31920","sport":"competitive swimming","source_page":"https://en.wikipedia.org/wiki/List_of_1904_Summer_Olympics_medal_winners","source_kind":"layers-derived-wikipedia-wikidata"}},{"type":"Feature","id":"olympic-medals-birthplace-1904-81e33ab1392932b2","geometry":{"type":"Point","coordinates":[153.02777777778,-27.467777777778]},"properties":{"year":1904,"medalist_wikidata_id":"Q2721093","medalist_link":"https://en.wikipedia.org/wiki/Francis_Gailey","medalist_name":"Francis Gailey","medal":"silver","delegation_wikidata_id":"Q142212","delegation_link":"https://en.wikipedia.org/wiki/Australia_at_the_1904_Summer_Olympics","delegation_name":"Australia at the 1904 Summer Olympics","country_medal_wikidata_id":"Q408","country_medal":"Australia","country_medal_code2":"AU","country_medal_code3":"AUS","country_medal_ioc_country_code":"AUS","date_of_birth":"1882-01-21","place_of_birth_wikidata_id":"Q34932","place_of_birth":"Brisbane","place_of_birth_located_in_wikidata_id":"Q36074","place_of_birth_located_in":"Queensland","place_of_birth_coordinates":"-27.467777777778,153.02777777778","sex_or_gender_wikidata_id":"Q6581097","sex_or_gender":"male","event_wikidata_id":"Q1045932","event_link":"https://en.wikipedia.org/wiki/Swimming_at_the_1904_Summer_Olympics_–_Men's_440_yard_freestyle","event_name":"swimming at the 1904 Summer Olympics – men's 440 yard freestyle","event_part_of_wikidata_id":"Q843658","event_part_of":"swimming at the 1904 Summer Olympics","event_sport_wikidata_id":"Q31920","event_sport":"competitive swimming","sport_wikidata_id":"Q31920","sport":"competitive swimming","source_page":"https://en.wikipedia.org/wiki/List_of_1904_Summer_Olympics_medal_winners","source_kind":"layers-derived-wikipedia-wikidata"}},{"type":"Feature","id":"olympic-medals-birthplace-1904-2d60b67be3239fd7","geometry":{"type":"Point","coordinates":[16.3725,48.208333333333336]},"properties":{"year":1904,"medalist_wikidata_id":"Q650142","medalist_link":"https://en.wikipedia.org/wiki/Otto_Wahle","medalist_name":"Otto Wahle","medal":"bronze","delegation_wikidata_id":"Q141919","delegation_link":"https://en.wikipedia.org/wiki/Austria_at_the_1904_Summer_Olympics","delegation_name":"Austria at the 1904 Summer Olympics","country_medal_wikidata_id":"Q28513","country_medal":"Austria–Hungary","country_medal_code2":null,"country_medal_code3":null,"country_medal_ioc_country_code":null,"date_of_birth":"1879-11-05","place_of_birth_wikidata_id":"Q1741","place_of_birth":"Vienna","place_of_birth_located_in_wikidata_id":"Q40","place_of_birth_located_in":"Austria","place_of_birth_coordinates":"48.208333333333336,16.3725","sex_or_gender_wikidata_id":"Q6581097","sex_or_gender":"male","event_wikidata_id":"Q1045932","event_link":"https://en.wikipedia.org/wiki/Swimming_at_the_1904_Summer_Olympics_–_Men's_440_yard_freestyle","event_name":"swimming at the 1904 Summer Olympics – men's 440 yard freestyle","event_part_of_wikidata_id":"Q843658","event_part_of":"swimming at the 1904 Summer Olympics","event_sport_wikidata_id":"Q31920","event_sport":"competitive swimming","sport_wikidata_id":"Q31920","sport":"competitive swimming","source_page":"https://en.wikipedia.org/wiki/List_of_1904_Summer_Olympics_medal_winners","source_kind":"layers-derived-wikipedia-wikidata"}},{"type":"Feature","id":"olympic-medals-birthplace-1904-66670877bbbbf077","geometry":{"type":"Point","coordinates":[13.383333333333,52.516666666667]},"properties":{"year":1904,"medalist_wikidata_id":"Q532599","medalist_link":"https://en.wikipedia.org/wiki/Emil_Rausch","medalist_name":"Emil Rausch","medal":"gold","delegation_wikidata_id":"Q143137","delegation_link":"https://en.wikipedia.org/wiki/Germany_at_the_1904_Summer_Olympics","delegation_name":"Germany at the 1904 Summer Olympics","country_medal_wikidata_id":"Q1206012","country_medal":"German Reich","country_medal_code2":null,"country_medal_code3":null,"country_medal_ioc_country_code":null,"date_of_birth":"1883-09-11","place_of_birth_wikidata_id":"Q64","place_of_birth":"Berlin","place_of_birth_located_in_wikidata_id":"Q148499","place_of_birth_located_in":"Margraviate of Brandenburg","place_of_birth_coordinates":"52.516666666667,13.383333333333","sex_or_gender_wikidata_id":"Q6581097","sex_or_gender":"male","event_wikidata_id":"Q1045528","event_link":"https://en.wikipedia.org/wiki/Swimming_at_the_1904_Summer_Olympics_–_Men's_880_yard_freestyle","event_name":"swimming at the 1904 Summer Olympics – men's 880 yard freestyle","event_part_of_wikidata_id":"Q843658","event_part_of":"swimming at the 1904 Summer Olympics","event_sport_wikidata_id":"Q31920","event_sport":"competitive swimming","sport_wikidata_id":"Q31920","sport":"competitive swimming","source_page":"https://en.wikipedia.org/wiki/List_of_1904_Summer_Olympics_medal_winners","source_kind":"layers-derived-wikipedia-wikidata"}},{"type":"Feature","id":"olympic-medals-birthplace-1904-f72e6f8a0a32c615","geometry":{"type":"Point","coordinates":[153.02777777778,-27.467777777778]},"properties":{"year":1904,"medalist_wikidata_id":"Q2721093","medalist_link":"https://en.wikipedia.org/wiki/Francis_Gailey","medalist_name":"Francis Gailey","medal":"silver","delegation_wikidata_id":"Q142212","delegation_link":"https://en.wikipedia.org/wiki/Australia_at_the_1904_Summer_Olympics","delegation_name":"Australia at the 1904 Summer Olympics","country_medal_wikidata_id":"Q408","country_medal":"Australia","country_medal_code2":"AU","country_medal_code3":"AUS","country_medal_ioc_country_code":"AUS","date_of_birth":"1882-01-21","place_of_birth_wikidata_id":"Q34932","place_of_birth":"Brisbane","place_of_birth_located_in_wikidata_id":"Q36074","place_of_birth_located_in":"Queensland","place_of_birth_coordinates":"-27.467777777778,153.02777777778","sex_or_gender_wikidata_id":"Q6581097","sex_or_gender":"male","event_wikidata_id":"Q1045528","event_link":"https://en.wikipedia.org/wiki/Swimming_at_the_1904_Summer_Olympics_–_Men's_880_yard_freestyle","event_name":"swimming at the 1904 Summer Olympics – men's 880 yard freestyle","event_part_of_wikidata_id":"Q843658","event_part_of":"swimming at the 1904 Summer Olympics","event_sport_wikidata_id":"Q31920","event_sport":"competitive swimming","sport_wikidata_id":"Q31920","sport":"competitive swimming","source_page":"https://en.wikipedia.org/wiki/List_of_1904_Summer_Olympics_medal_winners","source_kind":"layers-derived-wikipedia-wikidata"}},{"type":"Feature","id":"olympic-medals-birthplace-1904-06363395541104cf","geometry":{"type":"Point","coordinates":[19.78027778,48.07]},"properties":{"year":1904,"medalist_wikidata_id":"Q286071","medalist_link":"https://en.wikipedia.org/wiki/Géza_Kiss","medalist_name":"Géza Kiss","medal":"bronze","delegation_wikidata_id":"Q580996","delegation_link":"https://en.wikipedia.org/wiki/Hungary_at_the_1904_Summer_Olympics","delegation_name":"Hungary at the 1904 Summer Olympics","country_medal_wikidata_id":"Q28513","country_medal":"Austria–Hungary","country_medal_code2":null,"country_medal_code3":null,"country_medal_ioc_country_code":null,"date_of_birth":"1882-10-22","place_of_birth_wikidata_id":"Q1466471","place_of_birth":"Zagyvapálfalva","place_of_birth_located_in_wikidata_id":"Q189769","place_of_birth_located_in":"Salgótarján","place_of_birth_coordinates":"48.07,19.78027778","sex_or_gender_wikidata_id":"Q6581097","sex_or_gender":"male","event_wikidata_id":"Q1045528","event_link":"https://en.wikipedia.org/wiki/Swimming_at_the_1904_Summer_Olympics_–_Men's_880_yard_freestyle","event_name":"swimming at the 1904 Summer Olympics – men's 880 yard freestyle","event_part_of_wikidata_id":"Q843658","event_part_of":"swimming at the 1904 Summer Olympics","event_sport_wikidata_id":"Q31920","event_sport":"competitive swimming","sport_wikidata_id":"Q31920","sport":"competitive swimming","source_page":"https://en.wikipedia.org/wiki/List_of_1904_Summer_Olympics_medal_winners","source_kind":"layers-derived-wikipedia-wikidata"}},{"type":"Feature","id":"olympic-medals-birthplace-1904-3d9c32c19ec23eeb","geometry":{"type":"Point","coordinates":[13.383333333333,52.516666666667]},"properties":{"year":1904,"medalist_wikidata_id":"Q532599","medalist_link":"https://en.wikipedia.org/wiki/Emil_Rausch","medalist_name":"Emil Rausch","medal":"gold","delegation_wikidata_id":"Q143137","delegation_link":"https://en.wikipedia.org/wiki/Germany_at_the_1904_Summer_Olympics","delegation_name":"Germany at the 1904 Summer Olympics","country_medal_wikidata_id":"Q1206012","country_medal":"German Reich","country_medal_code2":null,"country_medal_code3":null,"country_medal_ioc_country_code":null,"date_of_birth":"1883-09-11","place_of_birth_wikidata_id":"Q64","place_of_birth":"Berlin","place_of_birth_located_in_wikidata_id":"Q148499","place_of_birth_located_in":"Margraviate of Brandenburg","place_of_birth_coordinates":"52.516666666667,13.383333333333","sex_or_gender_wikidata_id":"Q6581097","sex_or_gender":"male","event_wikidata_id":"Q1045939","event_link":"https://en.wikipedia.org/wiki/Swimming_at_the_1904_Summer_Olympics_–_Men's_1_mile_freestyle","event_name":"swimming at the 1904 Summer Olympics – men's 1 mile freestyle","event_part_of_wikidata_id":"Q843658","event_part_of":"swimming at the 1904 Summer Olympics","event_sport_wikidata_id":"Q31920","event_sport":"competitive swimming","sport_wikidata_id":"Q31920","sport":"competitive swimming","source_page":"https://en.wikipedia.org/wiki/List_of_1904_Summer_Olympics_medal_winners","source_kind":"layers-derived-wikipedia-wikidata"}},{"type":"Feature","id":"olympic-medals-birthplace-1904-46e673504eb921bb","geometry":{"type":"Point","coordinates":[19.78027778,48.07]},"properties":{"year":1904,"medalist_wikidata_id":"Q286071","medalist_link":"https://en.wikipedia.org/wiki/Géza_Kiss","medalist_name":"Géza Kiss","medal":"silver","delegation_wikidata_id":"Q580996","delegation_link":"https://en.wikipedia.org/wiki/Hungary_at_the_1904_Summer_Olympics","delegation_name":"Hungary at the 1904 Summer Olympics","country_medal_wikidata_id":"Q28513","country_medal":"Austria–Hungary","country_medal_code2":null,"country_medal_code3":null,"country_medal_ioc_country_code":null,"date_of_birth":"1882-10-22","place_of_birth_wikidata_id":"Q1466471","place_of_birth":"Zagyvapálfalva","place_of_birth_located_in_wikidata_id":"Q189769","place_of_birth_located_in":"Salgótarján","place_of_birth_coordinates":"48.07,19.78027778","sex_or_gender_wikidata_id":"Q6581097","sex_or_gender":"male","event_wikidata_id":"Q1045939","event_link":"https://en.wikipedia.org/wiki/Swimming_at_the_1904_Summer_Olympics_–_Men's_1_mile_freestyle","event_name":"swimming at the 1904 Summer Olympics – men's 1 mile freestyle","event_part_of_wikidata_id":"Q843658","event_part_of":"swimming at the 1904 Summer Olympics","event_sport_wikidata_id":"Q31920","event_sport":"competitive swimming","sport_wikidata_id":"Q31920","sport":"competitive swimming","source_page":"https://en.wikipedia.org/wiki/List_of_1904_Summer_Olympics_medal_winners","source_kind":"layers-derived-wikipedia-wikidata"}},{"type":"Feature","id":"olympic-medals-birthplace-1904-ba6d26ab380fc5b4","geometry":{"type":"Point","coordinates":[153.02777777778,-27.467777777778]},"properties":{"year":1904,"medalist_wikidata_id":"Q2721093","medalist_link":"https://en.wikipedia.org/wiki/Francis_Gailey","medalist_name":"Francis Gailey","medal":"bronze","delegation_wikidata_id":"Q142212","delegation_link":"https://en.wikipedia.org/wiki/Australia_at_the_1904_Summer_Olympics","delegation_name":"Australia at the 1904 Summer Olympics","country_medal_wikidata_id":"Q408","country_medal":"Australia","country_medal_code2":"AU","country_medal_code3":"AUS","country_medal_ioc_country_code":"AUS","date_of_birth":"1882-01-21","place_of_birth_wikidata_id":"Q34932","place_of_birth":"Brisbane","place_of_birth_located_in_wikidata_id":"Q36074","place_of_birth_located_in":"Queensland","place_of_birth_coordinates":"-27.467777777778,153.02777777778","sex_or_gender_wikidata_id":"Q6581097","sex_or_gender":"male","event_wikidata_id":"Q1045939","event_link":"https://en.wikipedia.org/wiki/Swimming_at_the_1904_Summer_Olympics_–_Men's_1_mile_freestyle","event_name":"swimming at the 1904 Summer Olympics – men's 1 mile freestyle","event_part_of_wikidata_id":"Q843658","event_part_of":"swimming at the 1904 Summer Olympics","event_sport_wikidata_id":"Q31920","event_sport":"competitive swimming","sport_wikidata_id":"Q31920","sport":"competitive swimming","source_page":"https://en.wikipedia.org/wiki/List_of_1904_Summer_Olympics_medal_winners","source_kind":"layers-derived-wikipedia-wikidata"}},{"type":"Feature","id":"olympic-medals-birthplace-1904-233559fbd6990c2f","geometry":{"type":"Point","coordinates":[13.383333333333,52.516666666667]},"properties":{"year":1904,"medalist_wikidata_id":"Q638969","medalist_link":"https://en.wikipedia.org/wiki/Walter_Brack","medalist_name":"Walter Brack","medal":"gold","delegation_wikidata_id":"Q143137","delegation_link":"https://en.wikipedia.org/wiki/Germany_at_the_1904_Summer_Olympics","delegation_name":"Germany at the 1904 Summer Olympics","country_medal_wikidata_id":"Q1206012","country_medal":"German Reich","country_medal_code2":null,"country_medal_code3":null,"country_medal_ioc_country_code":null,"date_of_birth":"1880-11-20","place_of_birth_wikidata_id":"Q64","place_of_birth":"Berlin","place_of_birth_located_in_wikidata_id":"Q148499","place_of_birth_located_in":"Margraviate of Brandenburg","place_of_birth_coordinates":"52.516666666667,13.383333333333","sex_or_gender_wikidata_id":"Q6581097","sex_or_gender":"male","event_wikidata_id":"Q1045507","event_link":"https://en.wikipedia.org/wiki/Swimming_at_the_1904_Summer_Olympics_–_Men's_100_yard_backstroke","event_name":"swimming at the 1904 Summer Olympics – men's 100 yard backstroke","event_part_of_wikidata_id":"Q843658","event_part_of":"swimming at the 1904 Summer Olympics","event_sport_wikidata_id":"Q31920","event_sport":"competitive swimming","sport_wikidata_id":"Q31920","sport":"competitive swimming","source_page":"https://en.wikipedia.org/wiki/List_of_1904_Summer_Olympics_medal_winners","source_kind":"layers-derived-wikipedia-wikidata"}},{"type":"Feature","id":"olympic-medals-birthplace-1904-6a74c5f5744f9c9d","geometry":{"type":"Point","coordinates":[18.6540233,54.3482907]},"properties":{"year":1904,"medalist_wikidata_id":"Q633777","medalist_link":"https://en.wikipedia.org/wiki/Georg_Zacharias","medalist_name":"Georg Zacharias","medal":"bronze","delegation_wikidata_id":"Q143137","delegation_link":"https://en.wikipedia.org/wiki/Germany_at_the_1904_Summer_Olympics","delegation_name":"Germany at the 1904 Summer Olympics","country_medal_wikidata_id":"Q1206012","country_medal":"German Reich","country_medal_code2":null,"country_medal_code3":null,"country_medal_ioc_country_code":null,"date_of_birth":"1884-06-14","place_of_birth_wikidata_id":"Q1792","place_of_birth":"Gdańsk","place_of_birth_located_in_wikidata_id":"Q54180","place_of_birth_located_in":"Pomeranian Voivodeship","place_of_birth_coordinates":"54.3482907,18.6540233","sex_or_gender_wikidata_id":"Q6581097","sex_or_gender":"male","event_wikidata_id":"Q1045507","event_link":"https://en.wikipedia.org/wiki/Swimming_at_the_1904_Summer_Olympics_–_Men's_100_yard_backstroke","event_name":"swimming at the 1904 Summer Olympics – men's 100 yard backstroke","event_part_of_wikidata_id":"Q843658","event_part_of":"swimming at the 1904 Summer Olympics","event_sport_wikidata_id":"Q31920","event_sport":"competitive swimming","sport_wikidata_id":"Q31920","sport":"competitive swimming","source_page":"https://en.wikipedia.org/wiki/List_of_1904_Summer_Olympics_medal_winners","source_kind":"layers-derived-wikipedia-wikidata"}},{"type":"Feature","id":"olympic-medals-birthplace-1904-261919668b664a01","geometry":{"type":"Point","coordinates":[18.6540233,54.3482907]},"properties":{"year":1904,"medalist_wikidata_id":"Q633777","medalist_link":"https://en.wikipedia.org/wiki/Georg_Zacharias","medalist_name":"Georg Zacharias","medal":"gold","delegation_wikidata_id":"Q143137","delegation_link":"https://en.wikipedia.org/wiki/Germany_at_the_1904_Summer_Olympics","delegation_name":"Germany at the 1904 Summer Olympics","country_medal_wikidata_id":"Q1206012","country_medal":"German Reich","country_medal_code2":null,"country_medal_code3":null,"country_medal_ioc_country_code":null,"date_of_birth":"1884-06-14","place_of_birth_wikidata_id":"Q1792","place_of_birth":"Gdańsk","place_of_birth_located_in_wikidata_id":"Q54180","place_of_birth_located_in":"Pomeranian Voivodeship","place_of_birth_coordinates":"54.3482907,18.6540233","sex_or_gender_wikidata_id":"Q6581097","sex_or_gender":"male","event_wikidata_id":"Q1045960","event_link":"https://en.wikipedia.org/wiki/Swimming_at_the_1904_Summer_Olympics_–_Men's_440_yard_breaststroke","event_name":"swimming at the 1904 Summer Olympics – men's 440 yard breaststroke","event_part_of_wikidata_id":"Q843658","event_part_of":"swimming at the 1904 Summer Olympics","event_sport_wikidata_id":"Q31920","event_sport":"competitive swimming","sport_wikidata_id":"Q31920","sport":"competitive swimming","source_page":"https://en.wikipedia.org/wiki/List_of_1904_Summer_Olympics_medal_winners","source_kind":"layers-derived-wikipedia-wikidata"}},{"type":"Feature","id":"olympic-medals-birthplace-1904-9acc5a653115a02b","geometry":{"type":"Point","coordinates":[13.383333333333,52.516666666667]},"properties":{"year":1904,"medalist_wikidata_id":"Q638969","medalist_link":"https://en.wikipedia.org/wiki/Walter_Brack","medalist_name":"Walter Brack","medal":"silver","delegation_wikidata_id":"Q143137","delegation_link":"https://en.wikipedia.org/wiki/Germany_at_the_1904_Summer_Olympics","delegation_name":"Germany at the 1904 Summer Olympics","country_medal_wikidata_id":"Q1206012","country_medal":"German Reich","country_medal_code2":null,"country_medal_code3":null,"country_medal_ioc_country_code":null,"date_of_birth":"1880-11-20","place_of_birth_wikidata_id":"Q64","place_of_birth":"Berlin","place_of_birth_located_in_wikidata_id":"Q148499","place_of_birth_located_in":"Margraviate of Brandenburg","place_of_birth_coordinates":"52.516666666667,13.383333333333","sex_or_gender_wikidata_id":"Q6581097","sex_or_gender":"male","event_wikidata_id":"Q1045960","event_link":"https://en.wikipedia.org/wiki/Swimming_at_the_1904_Summer_Olympics_–_Men's_440_yard_breaststroke","event_name":"swimming at the 1904 Summer Olympics – men's 440 yard breaststroke","event_part_of_wikidata_id":"Q843658","event_part_of":"swimming at the 1904 Summer Olympics","event_sport_wikidata_id":"Q31920","event_sport":"competitive swimming","sport_wikidata_id":"Q31920","sport":"competitive swimming","source_page":"https://en.wikipedia.org/wiki/List_of_1904_Summer_Olympics_medal_winners","source_kind":"layers-derived-wikipedia-wikidata"}},{"type":"Feature","id":"olympic-medals-birthplace-1904-d96a51ba274fe8f3","geometry":{"type":"Point","coordinates":[-75.163611111111,39.952777777778]},"properties":{"year":1904,"medalist_wikidata_id":"Q724727","medalist_link":"https://en.wikipedia.org/wiki/Jam_Handy","medalist_name":"Jam Handy","medal":"bronze","delegation_wikidata_id":"Q1350274","delegation_link":"https://en.wikipedia.org/wiki/United_States_at_the_1904_Summer_Olympics","delegation_name":"United States at the 1904 Summer Olympics","country_medal_wikidata_id":"Q30","country_medal":"United States","country_medal_code2":"US","country_medal_code3":"USA","country_medal_ioc_country_code":"USA","date_of_birth":"1886-03-06","place_of_birth_wikidata_id":"Q1345","place_of_birth":"Philadelphia","place_of_birth_located_in_wikidata_id":"Q496900","place_of_birth_located_in":"Philadelphia County","place_of_birth_coordinates":"39.952777777778,-75.163611111111","sex_or_gender_wikidata_id":"Q6581097","sex_or_gender":"male","event_wikidata_id":"Q1045960","event_link":"https://en.wikipedia.org/wiki/Swimming_at_the_1904_Summer_Olympics_–_Men's_440_yard_breaststroke","event_name":"swimming at the 1904 Summer Olympics – men's 440 yard breaststroke","event_part_of_wikidata_id":"Q843658","event_part_of":"swimming at the 1904 Summer Olympics","event_sport_wikidata_id":"Q31920","event_sport":"competitive swimming","sport_wikidata_id":"Q31920","sport":"competitive swimming","source_page":"https://en.wikipedia.org/wiki/List_of_1904_Summer_Olympics_medal_winners","source_kind":"layers-derived-wikipedia-wikidata"}},{"type":"Feature","id":"olympic-medals-birthplace-1904-3631e0b87f19a35e","geometry":{"type":"Point","coordinates":[-74.00611111111111,40.71277777777778]},"properties":{"year":1904,"medalist_wikidata_id":"Q1393698","medalist_link":"https://en.wikipedia.org/wiki/Joe_Ruddy","medalist_name":"Joe Ruddy","medal":"gold","delegation_wikidata_id":"Q1350274","delegation_link":"https://en.wikipedia.org/wiki/United_States_at_the_1904_Summer_Olympics","delegation_name":"United States at the 1904 Summer Olympics","country_medal_wikidata_id":"Q30","country_medal":"United States","country_medal_code2":"US","country_medal_code3":"USA","country_medal_ioc_country_code":"USA","date_of_birth":"1878-09-28","place_of_birth_wikidata_id":"Q60","place_of_birth":"New York City","place_of_birth_located_in_wikidata_id":"Q1384","place_of_birth_located_in":"New York","place_of_birth_coordinates":"40.71277777777778,-74.00611111111111","sex_or_gender_wikidata_id":"Q6581097","sex_or_gender":"male","event_wikidata_id":"Q1045518","event_link":"https://en.wikipedia.org/wiki/Swimming_at_the_1904_Summer_Olympics_–_Men's_4_×_50_yard_freestyle_relay","event_name":"swimming at the 1904 Summer Olympics – men's 4 × 50 yard freestyle relay","event_part_of_wikidata_id":"Q843658","event_part_of":"swimming at the 1904 Summer Olympics","event_sport_wikidata_id":"Q31920","event_sport":"competitive swimming","sport_wikidata_id":"Q31920","sport":"competitive swimming","source_page":"https://en.wikipedia.org/wiki/List_of_1904_Summer_Olympics_medal_winners","source_kind":"layers-derived-wikipedia-wikidata"}},{"type":"Feature","id":"olympic-medals-birthplace-1904-afe1f3c4d0597c7d","geometry":{"type":"Point","coordinates":[-74.00611111111111,40.71277777777778]},"properties":{"year":1904,"medalist_wikidata_id":"Q1818611","medalist_link":"https://en.wikipedia.org/wiki/Leo_Goodwin_(swimmer)","medalist_name":"Leo Goodwin","medal":"gold","delegation_wikidata_id":"Q1350274","delegation_link":"https://en.wikipedia.org/wiki/United_States_at_the_1904_Summer_Olympics","delegation_name":"United States at the 1904 Summer Olympics","country_medal_wikidata_id":"Q30","country_medal":"United States","country_medal_code2":"US","country_medal_code3":"USA","country_medal_ioc_country_code":"USA","date_of_birth":"1883-11-13","place_of_birth_wikidata_id":"Q60","place_of_birth":"New York City","place_of_birth_located_in_wikidata_id":"Q1384","place_of_birth_located_in":"New York","place_of_birth_coordinates":"40.71277777777778,-74.00611111111111","sex_or_gender_wikidata_id":"Q6581097","sex_or_gender":"male","event_wikidata_id":"Q1045518","event_link":"https://en.wikipedia.org/wiki/Swimming_at_the_1904_Summer_Olympics_–_Men's_4_×_50_yard_freestyle_relay","event_name":"swimming at the 1904 Summer Olympics – men's 4 × 50 yard freestyle relay","event_part_of_wikidata_id":"Q843658","event_part_of":"swimming at the 1904 Summer Olympics","event_sport_wikidata_id":"Q31920","event_sport":"competitive swimming","sport_wikidata_id":"Q31920","sport":"competitive swimming","source_page":"https://en.wikipedia.org/wiki/List_of_1904_Summer_Olympics_medal_winners","source_kind":"layers-derived-wikipedia-wikidata"}},{"type":"Feature","id":"olympic-medals-birthplace-1904-93a68191aeef40c0","geometry":{"type":"Point","coordinates":[12.482777777778,41.893055555556]},"properties":{"year":1904,"medalist_wikidata_id":"Q175645","medalist_link":"https://en.wikipedia.org/wiki/Louis_Handley","medalist_name":"Louis Handley","medal":"gold","delegation_wikidata_id":"Q1350274","delegation_link":"https://en.wikipedia.org/wiki/United_States_at_the_1904_Summer_Olympics","delegation_name":"United States at the 1904 Summer Olympics","country_medal_wikidata_id":"Q30","country_medal":"United States","country_medal_code2":"US","country_medal_code3":"USA","country_medal_ioc_country_code":"USA","date_of_birth":"1874-02-14","place_of_birth_wikidata_id":"Q220","place_of_birth":"Rome","place_of_birth_located_in_wikidata_id":"Q15119","place_of_birth_located_in":"Province of Rome","place_of_birth_coordinates":"41.893055555556,12.482777777778","sex_or_gender_wikidata_id":"Q6581097","sex_or_gender":"male","event_wikidata_id":"Q1045518","event_link":"https://en.wikipedia.org/wiki/Swimming_at_the_1904_Summer_Olympics_–_Men's_4_×_50_yard_freestyle_relay","event_name":"swimming at the 1904 Summer Olympics – men's 4 × 50 yard freestyle relay","event_part_of_wikidata_id":"Q843658","event_part_of":"swimming at the 1904 Summer Olympics","event_sport_wikidata_id":"Q31920","event_sport":"competitive swimming","sport_wikidata_id":"Q31920","sport":"competitive swimming","source_page":"https://en.wikipedia.org/wiki/List_of_1904_Summer_Olympics_medal_winners","source_kind":"layers-derived-wikipedia-wikidata"}},{"type":"Feature","id":"olympic-medals-birthplace-1904-9c481074d7445b2d","geometry":{"type":"Point","coordinates":[-84.2,39.766666666667]},"properties":{"year":1904,"medalist_wikidata_id":"Q532827","medalist_link":"https://en.wikipedia.org/wiki/Charles_Daniels_(swimmer)","medalist_name":"Charles Daniels","medal":"gold","delegation_wikidata_id":"Q1350274","delegation_link":"https://en.wikipedia.org/wiki/United_States_at_the_1904_Summer_Olympics","delegation_name":"United States at the 1904 Summer Olympics","country_medal_wikidata_id":"Q30","country_medal":"United States","country_medal_code2":"US","country_medal_code3":"USA","country_medal_ioc_country_code":"USA","date_of_birth":"1885-03-24","place_of_birth_wikidata_id":"Q34739","place_of_birth":"Dayton","place_of_birth_located_in_wikidata_id":"Q485600","place_of_birth_located_in":"Montgomery County","place_of_birth_coordinates":"39.766666666667,-84.2","sex_or_gender_wikidata_id":"Q6581097","sex_or_gender":"male","event_wikidata_id":"Q1045518","event_link":"https://en.wikipedia.org/wiki/Swimming_at_the_1904_Summer_Olympics_–_Men's_4_×_50_yard_freestyle_relay","event_name":"swimming at the 1904 Summer Olympics – men's 4 × 50 yard freestyle relay","event_part_of_wikidata_id":"Q843658","event_part_of":"swimming at the 1904 Summer Olympics","event_sport_wikidata_id":"Q31920","event_sport":"competitive swimming","sport_wikidata_id":"Q31920","sport":"competitive swimming","source_page":"https://en.wikipedia.org/wiki/List_of_1904_Summer_Olympics_medal_winners","source_kind":"layers-derived-wikipedia-wikidata"}},{"type":"Feature","id":"olympic-medals-birthplace-1904-23ff2680f7c49326","geometry":{"type":"Point","coordinates":[-87.62777777777778,41.88194444444444]},"properties":{"year":1904,"medalist_wikidata_id":"Q2345986","medalist_link":"https://en.wikipedia.org/wiki/David_Hammond_(swimmer)","medalist_name":"David Hammond","medal":"silver","delegation_wikidata_id":"Q1350274","delegation_link":"https://en.wikipedia.org/wiki/United_States_at_the_1904_Summer_Olympics","delegation_name":"United States at the 1904 Summer Olympics","country_medal_wikidata_id":"Q30","country_medal":"United States","country_medal_code2":"US","country_medal_code3":"USA","country_medal_ioc_country_code":"USA","date_of_birth":"1882-04-05","place_of_birth_wikidata_id":"Q1297","place_of_birth":"Chicago","place_of_birth_located_in_wikidata_id":"Q108418","place_of_birth_located_in":"Cook County","place_of_birth_coordinates":"41.88194444444444,-87.62777777777778","sex_or_gender_wikidata_id":"Q6581097","sex_or_gender":"male","event_wikidata_id":"Q1045518","event_link":"https://en.wikipedia.org/wiki/Swimming_at_the_1904_Summer_Olympics_–_Men's_4_×_50_yard_freestyle_relay","event_name":"swimming at the 1904 Summer Olympics – men's 4 × 50 yard freestyle relay","event_part_of_wikidata_id":"Q843658","event_part_of":"swimming at the 1904 Summer Olympics","event_sport_wikidata_id":"Q31920","event_sport":"competitive swimming","sport_wikidata_id":"Q31920","sport":"competitive swimming","source_page":"https://en.wikipedia.org/wiki/List_of_1904_Summer_Olympics_medal_winners","source_kind":"layers-derived-wikipedia-wikidata"}},{"type":"Feature","id":"olympic-medals-birthplace-1904-701cea0fcc665687","geometry":{"type":"Point","coordinates":[-87.62777777777778,41.88194444444444]},"properties":{"year":1904,"medalist_wikidata_id":"Q639438","medalist_link":"https://en.wikipedia.org/wiki/Bill_Tuttle_(swimmer)","medalist_name":"Bill Tuttle","medal":"silver","delegation_wikidata_id":"Q1350274","delegation_link":"https://en.wikipedia.org/wiki/United_States_at_the_1904_Summer_Olympics","delegation_name":"United States at the 1904 Summer Olympics","country_medal_wikidata_id":"Q30","country_medal":"United States","country_medal_code2":"US","country_medal_code3":"USA","country_medal_ioc_country_code":"USA","date_of_birth":"1882-02-21","place_of_birth_wikidata_id":"Q1297","place_of_birth":"Chicago","place_of_birth_located_in_wikidata_id":"Q108418","place_of_birth_located_in":"Cook County","place_of_birth_coordinates":"41.88194444444444,-87.62777777777778","sex_or_gender_wikidata_id":"Q6581097","sex_or_gender":"male","event_wikidata_id":"Q1045518","event_link":"https://en.wikipedia.org/wiki/Swimming_at_the_1904_Summer_Olympics_–_Men's_4_×_50_yard_freestyle_relay","event_name":"swimming at the 1904 Summer Olympics – men's 4 × 50 yard freestyle relay","event_part_of_wikidata_id":"Q843658","event_part_of":"swimming at the 1904 Summer Olympics","event_sport_wikidata_id":"Q31920","event_sport":"competitive swimming","sport_wikidata_id":"Q31920","sport":"competitive swimming","source_page":"https://en.wikipedia.org/wiki/List_of_1904_Summer_Olympics_medal_winners","source_kind":"layers-derived-wikipedia-wikidata"}},{"type":"Feature","id":"olympic-medals-birthplace-1904-0f6bc6093ce27947","geometry":{"type":"Point","coordinates":[-87.62777777777778,41.88194444444444]},"properties":{"year":1904,"medalist_wikidata_id":"Q2086197","medalist_link":"https://en.wikipedia.org/wiki/Hugo_Goetz","medalist_name":"Hugo Goetz","medal":"silver","delegation_wikidata_id":"Q1350274","delegation_link":"https://en.wikipedia.org/wiki/United_States_at_the_1904_Summer_Olympics","delegation_name":"United States at the 1904 Summer Olympics","country_medal_wikidata_id":"Q30","country_medal":"United States","country_medal_code2":"US","country_medal_code3":"USA","country_medal_ioc_country_code":"USA","date_of_birth":"1884-10-18","place_of_birth_wikidata_id":"Q1297","place_of_birth":"Chicago","place_of_birth_located_in_wikidata_id":"Q108418","place_of_birth_located_in":"Cook County","place_of_birth_coordinates":"41.88194444444444,-87.62777777777778","sex_or_gender_wikidata_id":"Q6581097","sex_or_gender":"male","event_wikidata_id":"Q1045518","event_link":"https://en.wikipedia.org/wiki/Swimming_at_the_1904_Summer_Olympics_–_Men's_4_×_50_yard_freestyle_relay","event_name":"swimming at the 1904 Summer Olympics – men's 4 × 50 yard freestyle relay","event_part_of_wikidata_id":"Q843658","event_part_of":"swimming at the 1904 Summer Olympics","event_sport_wikidata_id":"Q31920","event_sport":"competitive swimming","sport_wikidata_id":"Q31920","sport":"competitive swimming","source_page":"https://en.wikipedia.org/wiki/List_of_1904_Summer_Olympics_medal_winners","source_kind":"layers-derived-wikipedia-wikidata"}},{"type":"Feature","id":"olympic-medals-birthplace-1904-1de1628f35946d9f","geometry":{"type":"Point","coordinates":[-87.62777777777778,41.88194444444444]},"properties":{"year":1904,"medalist_wikidata_id":"Q1522167","medalist_link":"https://en.wikipedia.org/wiki/Raymond_Thorne","medalist_name":"Raymond Thorne","medal":"silver","delegation_wikidata_id":"Q1350274","delegation_link":"https://en.wikipedia.org/wiki/United_States_at_the_1904_Summer_Olympics","delegation_name":"United States at the 1904 Summer Olympics","country_medal_wikidata_id":"Q30","country_medal":"United States","country_medal_code2":"US","country_medal_code3":"USA","country_medal_ioc_country_code":"USA","date_of_birth":"1887-04-29","place_of_birth_wikidata_id":"Q1297","place_of_birth":"Chicago","place_of_birth_located_in_wikidata_id":"Q108418","place_of_birth_located_in":"Cook County","place_of_birth_coordinates":"41.88194444444444,-87.62777777777778","sex_or_gender_wikidata_id":"Q6581097","sex_or_gender":"male","event_wikidata_id":"Q1045518","event_link":"https://en.wikipedia.org/wiki/Swimming_at_the_1904_Summer_Olympics_–_Men's_4_×_50_yard_freestyle_relay","event_name":"swimming at the 1904 Summer Olympics – men's 4 × 50 yard freestyle relay","event_part_of_wikidata_id":"Q843658","event_part_of":"swimming at the 1904 Summer Olympics","event_sport_wikidata_id":"Q31920","event_sport":"competitive swimming","sport_wikidata_id":"Q31920","sport":"competitive swimming","source_page":"https://en.wikipedia.org/wiki/List_of_1904_Summer_Olympics_medal_winners","source_kind":"layers-derived-wikipedia-wikidata"}},{"type":"Feature","id":"olympic-medals-birthplace-1904-a544605e4dd2e6de","geometry":{"type":"Point","coordinates":[-90.19944444444444,38.62638888888889]},"properties":{"year":1904,"medalist_wikidata_id":"Q639461","medalist_link":"https://en.wikipedia.org/wiki/Amedee_Reyburn","medalist_name":"Amedee Reyburn","medal":"bronze","delegation_wikidata_id":"Q1350274","delegation_link":"https://en.wikipedia.org/wiki/United_States_at_the_1904_Summer_Olympics","delegation_name":"United States at the 1904 Summer Olympics","country_medal_wikidata_id":"Q30","country_medal":"United States","country_medal_code2":"US","country_medal_code3":"USA","country_medal_ioc_country_code":"USA","date_of_birth":"1879-03-25","place_of_birth_wikidata_id":"Q38022","place_of_birth":"St. Louis","place_of_birth_located_in_wikidata_id":"Q1581","place_of_birth_located_in":"Missouri","place_of_birth_coordinates":"38.62638888888889,-90.19944444444444","sex_or_gender_wikidata_id":"Q6581097","sex_or_gender":"male","event_wikidata_id":"Q1045518","event_link":"https://en.wikipedia.org/wiki/Swimming_at_the_1904_Summer_Olympics_–_Men's_4_×_50_yard_freestyle_relay","event_name":"swimming at the 1904 Summer Olympics – men's 4 × 50 yard freestyle relay","event_part_of_wikidata_id":"Q843658","event_part_of":"swimming at the 1904 Summer Olympics","event_sport_wikidata_id":"Q31920","event_sport":"competitive swimming","sport_wikidata_id":"Q31920","sport":"competitive swimming","source_page":"https://en.wikipedia.org/wiki/List_of_1904_Summer_Olympics_medal_winners","source_kind":"layers-derived-wikipedia-wikidata"}},{"type":"Feature","id":"olympic-medals-birthplace-1904-55a01949f4b42b6c","geometry":{"type":"Point","coordinates":[-90.19944444444444,38.62638888888889]},"properties":{"year":1904,"medalist_wikidata_id":"Q2638008","medalist_link":"https://en.wikipedia.org/wiki/Gwynne_Evans","medalist_name":"Gwynne Evans","medal":"bronze","delegation_wikidata_id":"Q1350274","delegation_link":"https://en.wikipedia.org/wiki/United_States_at_the_1904_Summer_Olympics","delegation_name":"United States at the 1904 Summer Olympics","country_medal_wikidata_id":"Q30","country_medal":"United States","country_medal_code2":"US","country_medal_code3":"USA","country_medal_ioc_country_code":"USA","date_of_birth":"1880-09-03","place_of_birth_wikidata_id":"Q38022","place_of_birth":"St. Louis","place_of_birth_located_in_wikidata_id":"Q1581","place_of_birth_located_in":"Missouri","place_of_birth_coordinates":"38.62638888888889,-90.19944444444444","sex_or_gender_wikidata_id":"Q6581097","sex_or_gender":"male","event_wikidata_id":"Q1045518","event_link":"https://en.wikipedia.org/wiki/Swimming_at_the_1904_Summer_Olympics_–_Men's_4_×_50_yard_freestyle_relay","event_name":"swimming at the 1904 Summer Olympics – men's 4 × 50 yard freestyle relay","event_part_of_wikidata_id":"Q843658","event_part_of":"swimming at the 1904 Summer Olympics","event_sport_wikidata_id":"Q31920","event_sport":"competitive swimming","sport_wikidata_id":"Q31920","sport":"competitive swimming","source_page":"https://en.wikipedia.org/wiki/List_of_1904_Summer_Olympics_medal_winners","source_kind":"layers-derived-wikipedia-wikidata"}},{"type":"Feature","id":"olympic-medals-birthplace-1904-ac4c9fb676ec5d85","geometry":{"type":"Point","coordinates":[-90.19944444444444,38.62638888888889]},"properties":{"year":1904,"medalist_wikidata_id":"Q2023582","medalist_link":"https://en.wikipedia.org/wiki/Marquard_Schwarz","medalist_name":"Marquard Schwarz","medal":"bronze","delegation_wikidata_id":"Q1350274","delegation_link":"https://en.wikipedia.org/wiki/United_States_at_the_1904_Summer_Olympics","delegation_name":"United States at the 1904 Summer Olympics","country_medal_wikidata_id":"Q30","country_medal":"United States","country_medal_code2":"US","country_medal_code3":"USA","country_medal_ioc_country_code":"USA","date_of_birth":"1887-07-30","place_of_birth_wikidata_id":"Q38022","place_of_birth":"St. Louis","place_of_birth_located_in_wikidata_id":"Q1581","place_of_birth_located_in":"Missouri","place_of_birth_coordinates":"38.62638888888889,-90.19944444444444","sex_or_gender_wikidata_id":"Q6581097","sex_or_gender":"male","event_wikidata_id":"Q1045518","event_link":"https://en.wikipedia.org/wiki/Swimming_at_the_1904_Summer_Olympics_–_Men's_4_×_50_yard_freestyle_relay","event_name":"swimming at the 1904 Summer Olympics – men's 4 × 50 yard freestyle relay","event_part_of_wikidata_id":"Q843658","event_part_of":"swimming at the 1904 Summer Olympics","event_sport_wikidata_id":"Q31920","event_sport":"competitive swimming","sport_wikidata_id":"Q31920","sport":"competitive swimming","source_page":"https://en.wikipedia.org/wiki/List_of_1904_Summer_Olympics_medal_winners","source_kind":"layers-derived-wikipedia-wikidata"}},{"type":"Feature","id":"olympic-medals-birthplace-1904-8d23dbfa9015ed36","geometry":{"type":"Point","coordinates":[-90.19944444444444,38.62638888888889]},"properties":{"year":1904,"medalist_wikidata_id":"Q893263","medalist_link":"https://en.wikipedia.org/wiki/Bill_Orthwein","medalist_name":"Bill Orthwein","medal":"bronze","delegation_wikidata_id":"Q1350274","delegation_link":"https://en.wikipedia.org/wiki/United_States_at_the_1904_Summer_Olympics","delegation_name":"United States at the 1904 Summer Olympics","country_medal_wikidata_id":"Q30","country_medal":"United States","country_medal_code2":"US","country_medal_code3":"USA","country_medal_ioc_country_code":"USA","date_of_birth":"1881-10-16","place_of_birth_wikidata_id":"Q38022","place_of_birth":"St. Louis","place_of_birth_located_in_wikidata_id":"Q1581","place_of_birth_located_in":"Missouri","place_of_birth_coordinates":"38.62638888888889,-90.19944444444444","sex_or_gender_wikidata_id":"Q6581097","sex_or_gender":"male","event_wikidata_id":"Q1045518","event_link":"https://en.wikipedia.org/wiki/Swimming_at_the_1904_Summer_Olympics_–_Men's_4_×_50_yard_freestyle_relay","event_name":"swimming at the 1904 Summer Olympics – men's 4 × 50 yard freestyle relay","event_part_of_wikidata_id":"Q843658","event_part_of":"swimming at the 1904 Summer Olympics","event_sport_wikidata_id":"Q31920","event_sport":"competitive swimming","sport_wikidata_id":"Q31920","sport":"competitive swimming","source_page":"https://en.wikipedia.org/wiki/List_of_1904_Summer_Olympics_medal_winners","source_kind":"layers-derived-wikipedia-wikidata"}},{"type":"Feature","id":"olympic-medals-birthplace-1904-38b5cc0b56c2000e","geometry":{"type":"Point","coordinates":[-71.05777777777777,42.360277777777775]},"properties":{"year":1904,"medalist_wikidata_id":"Q499557","medalist_link":"https://en.wikipedia.org/wiki/Beals_Wright","medalist_name":"Beals Coleman Wright","medal":"gold","delegation_wikidata_id":"Q1350274","delegation_link":"https://en.wikipedia.org/wiki/United_States_at_the_1904_Summer_Olympics","delegation_name":"United States at the 1904 Summer Olympics","country_medal_wikidata_id":"Q30","country_medal":"United States","country_medal_code2":"US","country_medal_code3":"USA","country_medal_ioc_country_code":"USA","date_of_birth":"1879-12-19","place_of_birth_wikidata_id":"Q100","place_of_birth":"Boston","place_of_birth_located_in_wikidata_id":"Q54072","place_of_birth_located_in":"Suffolk County","place_of_birth_coordinates":"42.360277777777775,-71.05777777777777","sex_or_gender_wikidata_id":"Q6581097","sex_or_gender":"male","event_wikidata_id":"Q1185211","event_link":"https://en.wikipedia.org/wiki/Tennis_at_the_1904_Summer_Olympics_–_Men's_singles","event_name":"tennis at the 1904 Summer Olympics – men's singles","event_part_of_wikidata_id":"Q373296","event_part_of":"tennis at the 1904 Summer Olympics","event_sport_wikidata_id":"Q847","event_sport":"tennis","sport_wikidata_id":"Q847","sport":"tennis","source_page":"https://en.wikipedia.org/wiki/List_of_1904_Summer_Olympics_medal_winners","source_kind":"layers-derived-wikipedia-wikidata"}},{"type":"Feature","id":"olympic-medals-birthplace-1904-03d0622f13eb34d2","geometry":{"type":"Point","coordinates":[-74.00611111111111,40.71277777777778]},"properties":{"year":1904,"medalist_wikidata_id":"Q286859","medalist_link":"https://en.wikipedia.org/wiki/Robert_LeRoy","medalist_name":"Robert LeRoy","medal":"silver","delegation_wikidata_id":"Q1350274","delegation_link":"https://en.wikipedia.org/wiki/United_States_at_the_1904_Summer_Olympics","delegation_name":"United States at the 1904 Summer Olympics","country_medal_wikidata_id":"Q30","country_medal":"United States","country_medal_code2":"US","country_medal_code3":"USA","country_medal_ioc_country_code":"USA","date_of_birth":"1885-02-07","place_of_birth_wikidata_id":"Q60","place_of_birth":"New York City","place_of_birth_located_in_wikidata_id":"Q1384","place_of_birth_located_in":"New York","place_of_birth_coordinates":"40.71277777777778,-74.00611111111111","sex_or_gender_wikidata_id":"Q6581097","sex_or_gender":"male","event_wikidata_id":"Q1185211","event_link":"https://en.wikipedia.org/wiki/Tennis_at_the_1904_Summer_Olympics_–_Men's_singles","event_name":"tennis at the 1904 Summer Olympics – men's singles","event_part_of_wikidata_id":"Q373296","event_part_of":"tennis at the 1904 Summer Olympics","event_sport_wikidata_id":"Q847","event_sport":"tennis","sport_wikidata_id":"Q847","sport":"tennis","source_page":"https://en.wikipedia.org/wiki/List_of_1904_Summer_Olympics_medal_winners","source_kind":"layers-derived-wikipedia-wikidata"}},{"type":"Feature","id":"olympic-medals-birthplace-1904-2e4be52bc932b789","geometry":{"type":"Point","coordinates":[-118.24368,34.05223]},"properties":{"year":1904,"medalist_wikidata_id":"Q1394204","medalist_link":"https://en.wikipedia.org/wiki/Alphonzo_Bell","medalist_name":"Alphonzo Bell","medal":"bronze","delegation_wikidata_id":"Q1350274","delegation_link":"https://en.wikipedia.org/wiki/United_States_at_the_1904_Summer_Olympics","delegation_name":"United States at the 1904 Summer Olympics","country_medal_wikidata_id":"Q30","country_medal":"United States","country_medal_code2":"US","country_medal_code3":"USA","country_medal_ioc_country_code":"USA","date_of_birth":"1875-09-29","place_of_birth_wikidata_id":"Q65","place_of_birth":"Los Angeles","place_of_birth_located_in_wikidata_id":"Q104994","place_of_birth_located_in":"Los Angeles County","place_of_birth_coordinates":"34.05223,-118.24368","sex_or_gender_wikidata_id":"Q6581097","sex_or_gender":"male","event_wikidata_id":"Q1185211","event_link":"https://en.wikipedia.org/wiki/Tennis_at_the_1904_Summer_Olympics_–_Men's_singles","event_name":"tennis at the 1904 Summer Olympics – men's singles","event_part_of_wikidata_id":"Q373296","event_part_of":"tennis at the 1904 Summer Olympics","event_sport_wikidata_id":"Q847","event_sport":"tennis","sport_wikidata_id":"Q847","sport":"tennis","source_page":"https://en.wikipedia.org/wiki/List_of_1904_Summer_Olympics_medal_winners","source_kind":"layers-derived-wikipedia-wikidata"}},{"type":"Feature","id":"olympic-medals-birthplace-1904-bae31238f23d82b5","geometry":{"type":"Point","coordinates":[-71.233333333333,42.35]},"properties":{"year":1904,"medalist_wikidata_id":"Q492566","medalist_link":"https://en.wikipedia.org/wiki/Edgar_Leonard","medalist_name":"Edgar Leonard","medal":"bronze","delegation_wikidata_id":"Q1350274","delegation_link":"https://en.wikipedia.org/wiki/United_States_at_the_1904_Summer_Olympics","delegation_name":"United States at the 1904 Summer Olympics","country_medal_wikidata_id":"Q30","country_medal":"United States","country_medal_code2":"US","country_medal_code3":"USA","country_medal_ioc_country_code":"USA","date_of_birth":"1881-06-19","place_of_birth_wikidata_id":"Q7986069","place_of_birth":"West Newton","place_of_birth_located_in_wikidata_id":"Q49196","place_of_birth_located_in":"Newton","place_of_birth_coordinates":"42.35,-71.233333333333","sex_or_gender_wikidata_id":"Q6581097","sex_or_gender":"male","event_wikidata_id":"Q1185211","event_link":"https://en.wikipedia.org/wiki/Tennis_at_the_1904_Summer_Olympics_–_Men's_singles","event_name":"tennis at the 1904 Summer Olympics – men's singles","event_part_of_wikidata_id":"Q373296","event_part_of":"tennis at the 1904 Summer Olympics","event_sport_wikidata_id":"Q847","event_sport":"tennis","sport_wikidata_id":"Q847","sport":"tennis","source_page":"https://en.wikipedia.org/wiki/List_of_1904_Summer_Olympics_medal_winners","source_kind":"layers-derived-wikipedia-wikidata"}},{"type":"Feature","id":"olympic-medals-birthplace-1904-95862fcfdae00fba","geometry":{"type":"Point","coordinates":[-71.05777777777777,42.360277777777775]},"properties":{"year":1904,"medalist_wikidata_id":"Q499557","medalist_link":"https://en.wikipedia.org/wiki/Beals_Wright","medalist_name":"Beals Coleman Wright","medal":"gold","delegation_wikidata_id":"Q1350274","delegation_link":"https://en.wikipedia.org/wiki/United_States_at_the_1904_Summer_Olympics","delegation_name":"United States at the 1904 Summer Olympics","country_medal_wikidata_id":"Q30","country_medal":"United States","country_medal_code2":"US","country_medal_code3":"USA","country_medal_ioc_country_code":"USA","date_of_birth":"1879-12-19","place_of_birth_wikidata_id":"Q100","place_of_birth":"Boston","place_of_birth_located_in_wikidata_id":"Q54072","place_of_birth_located_in":"Suffolk County","place_of_birth_coordinates":"42.360277777777775,-71.05777777777777","sex_or_gender_wikidata_id":"Q6581097","sex_or_gender":"male","event_wikidata_id":"Q1185204","event_link":"https://en.wikipedia.org/wiki/Tennis_at_the_1904_Summer_Olympics_–_Men's_doubles","event_name":"tennis at the 1904 Summer Olympics – men's doubles","event_part_of_wikidata_id":"Q373296","event_part_of":"tennis at the 1904 Summer Olympics","event_sport_wikidata_id":"Q847","event_sport":"tennis","sport_wikidata_id":"Q847","sport":"tennis","source_page":"https://en.wikipedia.org/wiki/List_of_1904_Summer_Olympics_medal_winners","source_kind":"layers-derived-wikipedia-wikidata"}},{"type":"Feature","id":"olympic-medals-birthplace-1904-831542e22219393e","geometry":{"type":"Point","coordinates":[-71.233333333333,42.35]},"properties":{"year":1904,"medalist_wikidata_id":"Q492566","medalist_link":"https://en.wikipedia.org/wiki/Edgar_Leonard","medalist_name":"Edgar Leonard","medal":"gold","delegation_wikidata_id":"Q1350274","delegation_link":"https://en.wikipedia.org/wiki/United_States_at_the_1904_Summer_Olympics","delegation_name":"United States at the 1904 Summer Olympics","country_medal_wikidata_id":"Q30","country_medal":"United States","country_medal_code2":"US","country_medal_code3":"USA","country_medal_ioc_country_code":"USA","date_of_birth":"1881-06-19","place_of_birth_wikidata_id":"Q7986069","place_of_birth":"West Newton","place_of_birth_located_in_wikidata_id":"Q49196","place_of_birth_located_in":"Newton","place_of_birth_coordinates":"42.35,-71.233333333333","sex_or_gender_wikidata_id":"Q6581097","sex_or_gender":"male","event_wikidata_id":"Q1185204","event_link":"https://en.wikipedia.org/wiki/Tennis_at_the_1904_Summer_Olympics_–_Men's_doubles","event_name":"tennis at the 1904 Summer Olympics – men's doubles","event_part_of_wikidata_id":"Q373296","event_part_of":"tennis at the 1904 Summer Olympics","event_sport_wikidata_id":"Q847","event_sport":"tennis","sport_wikidata_id":"Q847","sport":"tennis","source_page":"https://en.wikipedia.org/wiki/List_of_1904_Summer_Olympics_medal_winners","source_kind":"layers-derived-wikipedia-wikidata"}},{"type":"Feature","id":"olympic-medals-birthplace-1904-6309059ceaca7454","geometry":{"type":"Point","coordinates":[-74.00611111111111,40.71277777777778]},"properties":{"year":1904,"medalist_wikidata_id":"Q286859","medalist_link":"https://en.wikipedia.org/wiki/Robert_LeRoy","medalist_name":"Robert LeRoy","medal":"silver","delegation_wikidata_id":"Q1350274","delegation_link":"https://en.wikipedia.org/wiki/United_States_at_the_1904_Summer_Olympics","delegation_name":"United States at the 1904 Summer Olympics","country_medal_wikidata_id":"Q30","country_medal":"United States","country_medal_code2":"US","country_medal_code3":"USA","country_medal_ioc_country_code":"USA","date_of_birth":"1885-02-07","place_of_birth_wikidata_id":"Q60","place_of_birth":"New York City","place_of_birth_located_in_wikidata_id":"Q1384","place_of_birth_located_in":"New York","place_of_birth_coordinates":"40.71277777777778,-74.00611111111111","sex_or_gender_wikidata_id":"Q6581097","sex_or_gender":"male","event_wikidata_id":"Q1185204","event_link":"https://en.wikipedia.org/wiki/Tennis_at_the_1904_Summer_Olympics_–_Men's_doubles","event_name":"tennis at the 1904 Summer Olympics – men's doubles","event_part_of_wikidata_id":"Q373296","event_part_of":"tennis at the 1904 Summer Olympics","event_sport_wikidata_id":"Q847","event_sport":"tennis","sport_wikidata_id":"Q847","sport":"tennis","source_page":"https://en.wikipedia.org/wiki/List_of_1904_Summer_Olympics_medal_winners","source_kind":"layers-derived-wikipedia-wikidata"}},{"type":"Feature","id":"olympic-medals-birthplace-1904-ec042b7783ba9e7b","geometry":{"type":"Point","coordinates":[-118.24368,34.05223]},"properties":{"year":1904,"medalist_wikidata_id":"Q1394204","medalist_link":"https://en.wikipedia.org/wiki/Alphonzo_Bell","medalist_name":"Alphonzo Bell","medal":"silver","delegation_wikidata_id":"Q1350274","delegation_link":"https://en.wikipedia.org/wiki/United_States_at_the_1904_Summer_Olympics","delegation_name":"United States at the 1904 Summer Olympics","country_medal_wikidata_id":"Q30","country_medal":"United States","country_medal_code2":"US","country_medal_code3":"USA","country_medal_ioc_country_code":"USA","date_of_birth":"1875-09-29","place_of_birth_wikidata_id":"Q65","place_of_birth":"Los Angeles","place_of_birth_located_in_wikidata_id":"Q104994","place_of_birth_located_in":"Los Angeles County","place_of_birth_coordinates":"34.05223,-118.24368","sex_or_gender_wikidata_id":"Q6581097","sex_or_gender":"male","event_wikidata_id":"Q1185204","event_link":"https://en.wikipedia.org/wiki/Tennis_at_the_1904_Summer_Olympics_–_Men's_doubles","event_name":"tennis at the 1904 Summer Olympics – men's doubles","event_part_of_wikidata_id":"Q373296","event_part_of":"tennis at the 1904 Summer Olympics","event_sport_wikidata_id":"Q847","event_sport":"tennis","sport_wikidata_id":"Q847","sport":"tennis","source_page":"https://en.wikipedia.org/wiki/List_of_1904_Summer_Olympics_medal_winners","source_kind":"layers-derived-wikipedia-wikidata"}},{"type":"Feature","id":"olympic-medals-birthplace-1904-3a4d24a3b8d91a58","geometry":{"type":"Point","coordinates":[-90.19944444444444,38.62638888888889]},"properties":{"year":1904,"medalist_wikidata_id":"Q487159","medalist_link":"https://en.wikipedia.org/wiki/Clarence_Gamble_(tennis_player)","medalist_name":"Clarence Gamble","medal":"bronze","delegation_wikidata_id":"Q1350274","delegation_link":"https://en.wikipedia.org/wiki/United_States_at_the_1904_Summer_Olympics","delegation_name":"United States at the 1904 Summer Olympics","country_medal_wikidata_id":"Q30","country_medal":"United States","country_medal_code2":"US","country_medal_code3":"USA","country_medal_ioc_country_code":"USA","date_of_birth":"1881-08-16","place_of_birth_wikidata_id":"Q38022","place_of_birth":"St. Louis","place_of_birth_located_in_wikidata_id":"Q1581","place_of_birth_located_in":"Missouri","place_of_birth_coordinates":"38.62638888888889,-90.19944444444444","sex_or_gender_wikidata_id":"Q6581097","sex_or_gender":"male","event_wikidata_id":"Q1185204","event_link":"https://en.wikipedia.org/wiki/Tennis_at_the_1904_Summer_Olympics_–_Men's_doubles","event_name":"tennis at the 1904 Summer Olympics – men's doubles","event_part_of_wikidata_id":"Q373296","event_part_of":"tennis at the 1904 Summer Olympics","event_sport_wikidata_id":"Q847","event_sport":"tennis","sport_wikidata_id":"Q847","sport":"tennis","source_page":"https://en.wikipedia.org/wiki/List_of_1904_Summer_Olympics_medal_winners","source_kind":"layers-derived-wikipedia-wikidata"}},{"type":"Feature","id":"olympic-medals-birthplace-1904-b8893ce26520022e","geometry":{"type":"Point","coordinates":[-90.19944444444444,38.62638888888889]},"properties":{"year":1904,"medalist_wikidata_id":"Q711880","medalist_link":"https://en.wikipedia.org/wiki/Arthur_Wear","medalist_name":"Arthur Yancey Wear","medal":"bronze","delegation_wikidata_id":"Q1350274","delegation_link":"https://en.wikipedia.org/wiki/United_States_at_the_1904_Summer_Olympics","delegation_name":"United States at the 1904 Summer Olympics","country_medal_wikidata_id":"Q30","country_medal":"United States","country_medal_code2":"US","country_medal_code3":"USA","country_medal_ioc_country_code":"USA","date_of_birth":"1880-03-01","place_of_birth_wikidata_id":"Q38022","place_of_birth":"St. Louis","place_of_birth_located_in_wikidata_id":"Q1581","place_of_birth_located_in":"Missouri","place_of_birth_coordinates":"38.62638888888889,-90.19944444444444","sex_or_gender_wikidata_id":"Q6581097","sex_or_gender":"male","event_wikidata_id":"Q1185204","event_link":"https://en.wikipedia.org/wiki/Tennis_at_the_1904_Summer_Olympics_–_Men's_doubles","event_name":"tennis at the 1904 Summer Olympics – men's doubles","event_part_of_wikidata_id":"Q373296","event_part_of":"tennis at the 1904 Summer Olympics","event_sport_wikidata_id":"Q847","event_sport":"tennis","sport_wikidata_id":"Q847","sport":"tennis","source_page":"https://en.wikipedia.org/wiki/List_of_1904_Summer_Olympics_medal_winners","source_kind":"layers-derived-wikipedia-wikidata"}},{"type":"Feature","id":"olympic-medals-birthplace-1904-9c5d21b6d38ad8c8","geometry":{"type":"Point","coordinates":[-90.19944444444444,38.62638888888889]},"properties":{"year":1904,"medalist_wikidata_id":"Q947368","medalist_link":"https://en.wikipedia.org/wiki/Joseph_Wear","medalist_name":"Joseph Walker Wear","medal":"bronze","delegation_wikidata_id":"Q1350274","delegation_link":"https://en.wikipedia.org/wiki/United_States_at_the_1904_Summer_Olympics","delegation_name":"United States at the 1904 Summer Olympics","country_medal_wikidata_id":"Q30","country_medal":"United States","country_medal_code2":"US","country_medal_code3":"USA","country_medal_ioc_country_code":"USA","date_of_birth":"1876-11-27","place_of_birth_wikidata_id":"Q38022","place_of_birth":"St. Louis","place_of_birth_located_in_wikidata_id":"Q1581","place_of_birth_located_in":"Missouri","place_of_birth_coordinates":"38.62638888888889,-90.19944444444444","sex_or_gender_wikidata_id":"Q6581097","sex_or_gender":"male","event_wikidata_id":"Q1185204","event_link":"https://en.wikipedia.org/wiki/Tennis_at_the_1904_Summer_Olympics_–_Men's_doubles","event_name":"tennis at the 1904 Summer Olympics – men's doubles","event_part_of_wikidata_id":"Q373296","event_part_of":"tennis at the 1904 Summer Olympics","event_sport_wikidata_id":"Q847","event_sport":"tennis","sport_wikidata_id":"Q847","sport":"tennis","source_page":"https://en.wikipedia.org/wiki/List_of_1904_Summer_Olympics_medal_winners","source_kind":"layers-derived-wikipedia-wikidata"}},{"type":"Feature","id":"olympic-medals-birthplace-1904-ff4042b4ff082e02","geometry":{"type":"Point","coordinates":[-88.052672222222,30.727669444444]},"properties":{"year":1904,"medalist_wikidata_id":"Q947403","medalist_link":"https://en.wikipedia.org/wiki/Allen_West_(tennis_player)","medalist_name":"Allen West","medal":"bronze","delegation_wikidata_id":"Q1350274","delegation_link":"https://en.wikipedia.org/wiki/United_States_at_the_1904_Summer_Olympics","delegation_name":"United States at the 1904 Summer Olympics","country_medal_wikidata_id":"Q30","country_medal":"United States","country_medal_code2":"US","country_medal_code3":"USA","country_medal_ioc_country_code":"USA","date_of_birth":"1872-08-02","place_of_birth_wikidata_id":"Q79875","place_of_birth":"Mobile","place_of_birth_located_in_wikidata_id":"Q495738","place_of_birth_located_in":"Mobile County","place_of_birth_coordinates":"30.727669444444,-88.052672222222","sex_or_gender_wikidata_id":"Q6581097","sex_or_gender":"male","event_wikidata_id":"Q1185204","event_link":"https://en.wikipedia.org/wiki/Tennis_at_the_1904_Summer_Olympics_–_Men's_doubles","event_name":"tennis at the 1904 Summer Olympics – men's doubles","event_part_of_wikidata_id":"Q373296","event_part_of":"tennis at the 1904 Summer Olympics","event_sport_wikidata_id":"Q847","event_sport":"tennis","sport_wikidata_id":"Q847","sport":"tennis","source_page":"https://en.wikipedia.org/wiki/List_of_1904_Summer_Olympics_medal_winners","source_kind":"layers-derived-wikipedia-wikidata"}},{"type":"Feature","id":"olympic-medals-birthplace-1904-986231148e746e0f","geometry":{"type":"Point","coordinates":[-82.5,40.5]},"properties":{"year":1904,"medalist_wikidata_id":"Q2624389","medalist_link":"https://en.wikipedia.org/wiki/Sidney_Johnson_(tug_of_war)","medalist_name":"Sidney Johnson","medal":"gold","delegation_wikidata_id":"Q1350274","delegation_link":"https://en.wikipedia.org/wiki/United_States_at_the_1904_Summer_Olympics","delegation_name":"United States at the 1904 Summer Olympics","country_medal_wikidata_id":"Q30","country_medal":"United States","country_medal_code2":"US","country_medal_code3":"USA","country_medal_ioc_country_code":"USA","date_of_birth":"1877-01-01","place_of_birth_wikidata_id":"Q1397","place_of_birth":"Ohio","place_of_birth_located_in_wikidata_id":"Q30","place_of_birth_located_in":"United States","place_of_birth_coordinates":"40.5,-82.5","sex_or_gender_wikidata_id":"Q6581097","sex_or_gender":"male","event_link":null,"event_name":"Tug of war","event_part_of_wikidata_id":null,"event_part_of":null,"event_sport_wikidata_id":null,"event_sport":"Tug of war","sport_wikidata_id":null,"sport":"Tug of war","source_page":"https://en.wikipedia.org/wiki/List_of_1904_Summer_Olympics_medal_winners","source_kind":"layers-derived-wikipedia-wikidata"}},{"type":"Feature","id":"olympic-medals-birthplace-1904-5a156c3fabba2d67","geometry":{"type":"Point","coordinates":[-89.5,44.5]},"properties":{"year":1904,"medalist_wikidata_id":"Q2624124","medalist_link":"https://en.wikipedia.org/wiki/Henry_Seiling","medalist_name":"Henry Seiling","medal":"gold","delegation_wikidata_id":"Q1350274","delegation_link":"https://en.wikipedia.org/wiki/United_States_at_the_1904_Summer_Olympics","delegation_name":"United States at the 1904 Summer Olympics","country_medal_wikidata_id":"Q30","country_medal":"United States","country_medal_code2":"US","country_medal_code3":"USA","country_medal_ioc_country_code":"USA","date_of_birth":"1872-05-00","place_of_birth_wikidata_id":"Q1537","place_of_birth":"Wisconsin","place_of_birth_located_in_wikidata_id":"Q30","place_of_birth_located_in":"United States","place_of_birth_coordinates":"44.5,-89.5","sex_or_gender_wikidata_id":"Q6581097","sex_or_gender":"male","event_link":null,"event_name":"Tug of war","event_part_of_wikidata_id":null,"event_part_of":null,"event_sport_wikidata_id":null,"event_sport":"Tug of war","sport_wikidata_id":null,"sport":"Tug of war","source_page":"https://en.wikipedia.org/wiki/List_of_1904_Summer_Olympics_medal_winners","source_kind":"layers-derived-wikipedia-wikidata"}},{"type":"Feature","id":"olympic-medals-birthplace-1904-3fd67ee383165576","geometry":{"type":"Point","coordinates":[-90.19944444444444,38.62638888888889]},"properties":{"year":1904,"medalist_wikidata_id":"Q2423705","medalist_link":"https://en.wikipedia.org/wiki/William_Seiling","medalist_name":"William Seiling","medal":"silver","delegation_wikidata_id":"Q1350274","delegation_link":"https://en.wikipedia.org/wiki/United_States_at_the_1904_Summer_Olympics","delegation_name":"United States at the 1904 Summer Olympics","country_medal_wikidata_id":"Q30","country_medal":"United States","country_medal_code2":"US","country_medal_code3":"USA","country_medal_ioc_country_code":"USA","date_of_birth":"1864-05-28","place_of_birth_wikidata_id":"Q38022","place_of_birth":"St. Louis","place_of_birth_located_in_wikidata_id":"Q1581","place_of_birth_located_in":"Missouri","place_of_birth_coordinates":"38.62638888888889,-90.19944444444444","sex_or_gender_wikidata_id":"Q6581097","sex_or_gender":"male","event_link":null,"event_name":"Tug of war","event_part_of_wikidata_id":null,"event_part_of":null,"event_sport_wikidata_id":null,"event_sport":"Tug of war","sport_wikidata_id":null,"sport":"Tug of war","source_page":"https://en.wikipedia.org/wiki/List_of_1904_Summer_Olympics_medal_winners","source_kind":"layers-derived-wikipedia-wikidata"}},{"type":"Feature","id":"olympic-medals-birthplace-1904-23348a9a7fbdca04","geometry":{"type":"Point","coordinates":[-89.59,40.6925]},"properties":{"year":1904,"medalist_wikidata_id":"Q2421510","medalist_link":"https://en.wikipedia.org/wiki/Orrin_Upshaw","medalist_name":"Orrin Upshaw","medal":"silver","delegation_wikidata_id":"Q1350274","delegation_link":"https://en.wikipedia.org/wiki/United_States_at_the_1904_Summer_Olympics","delegation_name":"United States at the 1904 Summer Olympics","country_medal_wikidata_id":"Q30","country_medal":"United States","country_medal_code2":"US","country_medal_code3":"USA","country_medal_ioc_country_code":"USA","date_of_birth":"1874-07-23","place_of_birth_wikidata_id":"Q233129","place_of_birth":"Peoria","place_of_birth_located_in_wikidata_id":"Q113079","place_of_birth_located_in":"Peoria County","place_of_birth_coordinates":"40.6925,-89.59","sex_or_gender_wikidata_id":"Q6581097","sex_or_gender":"male","event_link":null,"event_name":"Tug of war","event_part_of_wikidata_id":null,"event_part_of":null,"event_sport_wikidata_id":null,"event_sport":"Tug of war","sport_wikidata_id":null,"sport":"Tug of war","source_page":"https://en.wikipedia.org/wiki/List_of_1904_Summer_Olympics_medal_winners","source_kind":"layers-derived-wikipedia-wikidata"}},{"type":"Feature","id":"olympic-medals-birthplace-1904-36027feb8569b6c8","geometry":{"type":"Point","coordinates":[-90.19944444444444,38.62638888888889]},"properties":{"year":1904,"medalist_wikidata_id":"Q592698","medalist_link":"https://en.wikipedia.org/wiki/August_Rodenberg","medalist_name":"August Rodenberg","medal":"silver","delegation_wikidata_id":"Q1350274","delegation_link":"https://en.wikipedia.org/wiki/United_States_at_the_1904_Summer_Olympics","delegation_name":"United States at the 1904 Summer Olympics","country_medal_wikidata_id":"Q30","country_medal":"United States","country_medal_code2":"US","country_medal_code3":"USA","country_medal_ioc_country_code":"USA","date_of_birth":"1873-07-25","place_of_birth_wikidata_id":"Q38022","place_of_birth":"St. Louis","place_of_birth_located_in_wikidata_id":"Q1581","place_of_birth_located_in":"Missouri","place_of_birth_coordinates":"38.62638888888889,-90.19944444444444","sex_or_gender_wikidata_id":"Q6581097","sex_or_gender":"male","event_link":null,"event_name":"Tug of war","event_part_of_wikidata_id":null,"event_part_of":null,"event_sport_wikidata_id":null,"event_sport":"Tug of war","sport_wikidata_id":null,"sport":"Tug of war","source_page":"https://en.wikipedia.org/wiki/List_of_1904_Summer_Olympics_medal_winners","source_kind":"layers-derived-wikipedia-wikidata"}},{"type":"Feature","id":"olympic-medals-birthplace-1904-dc09a2d99662f81f","geometry":{"type":"Point","coordinates":[9.17944,48.7786]},"properties":{"year":1904,"medalist_wikidata_id":"Q2423689","medalist_link":"https://en.wikipedia.org/wiki/Charles_Haberkorn","medalist_name":"Charles Haberkorn","medal":"bronze","delegation_wikidata_id":"Q1360637","delegation_link":"https://en.wikipedia.org/wiki/Mixed_team_at_the_1904_Summer_Olympics","delegation_name":"Mixed team at the 1904 Summer Olympics","country_medal_wikidata_id":"Q30","country_medal":"United States","country_medal_code2":"US","country_medal_code3":"USA","country_medal_ioc_country_code":"USA","date_of_birth":"1880-11-16","place_of_birth_wikidata_id":"Q159626","place_of_birth":"Württemberg","place_of_birth_located_in_wikidata_id":null,"place_of_birth_located_in":null,"place_of_birth_coordinates":"48.7786,9.17944","sex_or_gender_wikidata_id":"Q6581097","sex_or_gender":"male","event_link":null,"event_name":"Tug of war","event_part_of_wikidata_id":null,"event_part_of":null,"event_sport_wikidata_id":null,"event_sport":"Tug of war","sport_wikidata_id":null,"sport":"Tug of war","source_page":"https://en.wikipedia.org/wiki/List_of_1904_Summer_Olympics_medal_winners","source_kind":"layers-derived-wikipedia-wikidata"}},{"type":"Feature","id":"olympic-medals-birthplace-1904-1eb0610008d3c47b","geometry":{"type":"Point","coordinates":[13.376111111111111,52.51861111111111]},"properties":{"year":1904,"medalist_wikidata_id":"Q63257","medalist_link":"https://en.wikipedia.org/wiki/Frank_Kugler","medalist_name":"Frank Kugler","medal":"bronze","delegation_wikidata_id":"Q1360637","delegation_link":"https://en.wikipedia.org/wiki/Mixed_team_at_the_1904_Summer_Olympics","delegation_name":"Mixed team at the 1904 Summer Olympics","country_medal_wikidata_id":"Q30","country_medal":"United States","country_medal_code2":"US","country_medal_code3":"USA","country_medal_ioc_country_code":"USA","date_of_birth":"1879-03-29","place_of_birth_wikidata_id":"Q43287","place_of_birth":"German Empire","place_of_birth_located_in_wikidata_id":null,"place_of_birth_located_in":null,"place_of_birth_coordinates":"52.51861111111111,13.376111111111111","sex_or_gender_wikidata_id":"Q6581097","sex_or_gender":"male","event_link":null,"event_name":"Tug of war","event_part_of_wikidata_id":null,"event_part_of":null,"event_sport_wikidata_id":null,"event_sport":"Tug of war","sport_wikidata_id":null,"sport":"Tug of war","source_page":"https://en.wikipedia.org/wiki/List_of_1904_Summer_Olympics_medal_winners","source_kind":"layers-derived-wikipedia-wikidata"}},{"type":"Feature","id":"olympic-medals-birthplace-1904-61a022811d806b03","geometry":{"type":"Point","coordinates":[-89.25027777777778,40.000277777777775]},"properties":{"year":1904,"medalist_wikidata_id":"Q592708","medalist_link":"https://en.wikipedia.org/wiki/Charles_Thias","medalist_name":"Charles Thias","medal":"bronze","delegation_wikidata_id":"Q1360637","delegation_link":"https://en.wikipedia.org/wiki/Mixed_team_at_the_1904_Summer_Olympics","delegation_name":"Mixed team at the 1904 Summer Olympics","country_medal_wikidata_id":"Q30","country_medal":"United States","country_medal_code2":"US","country_medal_code3":"USA","country_medal_ioc_country_code":"USA","date_of_birth":"1879-11-15","place_of_birth_wikidata_id":"Q1204","place_of_birth":"Illinois","place_of_birth_located_in_wikidata_id":"Q30","place_of_birth_located_in":"United States","place_of_birth_coordinates":"40.000277777777775,-89.25027777777778","sex_or_gender_wikidata_id":"Q6581097","sex_or_gender":"male","event_link":null,"event_name":"Tug of war","event_part_of_wikidata_id":null,"event_part_of":null,"event_sport_wikidata_id":null,"event_sport":"Tug of war","sport_wikidata_id":null,"sport":"Tug of war","source_page":"https://en.wikipedia.org/wiki/List_of_1904_Summer_Olympics_medal_winners","source_kind":"layers-derived-wikipedia-wikidata"}},{"type":"Feature","id":"olympic-medals-birthplace-1904-1990f9a876ead3ef","geometry":{"type":"Point","coordinates":[-90.19944444444444,38.62638888888889]},"properties":{"year":1904,"medalist_wikidata_id":"Q2423114","medalist_link":"https://en.wikipedia.org/wiki/Oscar_Friede","medalist_name":"Oscar Friede","medal":"bronze","delegation_wikidata_id":"Q1360637","delegation_link":"https://en.wikipedia.org/wiki/Mixed_team_at_the_1904_Summer_Olympics","delegation_name":"Mixed team at the 1904 Summer Olympics","country_medal_wikidata_id":"Q30","country_medal":"United States","country_medal_code2":"US","country_medal_code3":"USA","country_medal_ioc_country_code":"USA","date_of_birth":"1881-07-14","place_of_birth_wikidata_id":"Q38022","place_of_birth":"St. Louis","place_of_birth_located_in_wikidata_id":"Q1581","place_of_birth_located_in":"Missouri","place_of_birth_coordinates":"38.62638888888889,-90.19944444444444","sex_or_gender_wikidata_id":"Q6581097","sex_or_gender":"male","event_link":null,"event_name":"Tug of war","event_part_of_wikidata_id":null,"event_part_of":null,"event_sport_wikidata_id":null,"event_sport":"Tug of war","sport_wikidata_id":null,"sport":"Tug of war","source_page":"https://en.wikipedia.org/wiki/List_of_1904_Summer_Olympics_medal_winners","source_kind":"layers-derived-wikipedia-wikidata"}},{"type":"Feature","id":"olympic-medals-birthplace-1904-1710cb747ed007c3","geometry":{"type":"Point","coordinates":[-74.00611111111111,40.71277777777778]},"properties":{"year":1904,"medalist_wikidata_id":"Q1368624","medalist_link":"https://en.wikipedia.org/wiki/David_Bratton","medalist_name":"David Bratton","medal":"gold","delegation_wikidata_id":"Q1350274","delegation_link":"https://en.wikipedia.org/wiki/United_States_at_the_1904_Summer_Olympics","delegation_name":"United States at the 1904 Summer Olympics","country_medal_wikidata_id":"Q30","country_medal":"United States","country_medal_code2":"US","country_medal_code3":"USA","country_medal_ioc_country_code":"USA","date_of_birth":"1869-10-01","place_of_birth_wikidata_id":"Q60","place_of_birth":"New York City","place_of_birth_located_in_wikidata_id":"Q1384","place_of_birth_located_in":"New York","place_of_birth_coordinates":"40.71277777777778,-74.00611111111111","sex_or_gender_wikidata_id":"Q6581097","sex_or_gender":"male","event_link":null,"event_name":"Water polo","event_part_of_wikidata_id":null,"event_part_of":null,"event_sport_wikidata_id":null,"event_sport":"Water polo","sport_wikidata_id":null,"sport":"Water polo","source_page":"https://en.wikipedia.org/wiki/List_of_1904_Summer_Olympics_medal_winners","source_kind":"layers-derived-wikipedia-wikidata"}},{"type":"Feature","id":"olympic-medals-birthplace-1904-6775585ae54279e5","geometry":{"type":"Point","coordinates":[-74.16111111111111,40.59722222222222]},"properties":{"year":1904,"medalist_wikidata_id":"Q2302226","medalist_link":"https://en.wikipedia.org/wiki/George_Van_Cleaf","medalist_name":"George Van Cleaf","medal":"gold","delegation_wikidata_id":"Q1350274","delegation_link":"https://en.wikipedia.org/wiki/United_States_at_the_1904_Summer_Olympics","delegation_name":"United States at the 1904 Summer Olympics","country_medal_wikidata_id":"Q30","country_medal":"United States","country_medal_code2":"US","country_medal_code3":"USA","country_medal_ioc_country_code":"USA","date_of_birth":"1879-10-08","place_of_birth_wikidata_id":"Q15262577","place_of_birth":"Northfield","place_of_birth_located_in_wikidata_id":"Q11997784","place_of_birth_located_in":"Richmond County","place_of_birth_coordinates":"40.59722222222222,-74.16111111111111","sex_or_gender_wikidata_id":"Q6581097","sex_or_gender":"male","event_link":null,"event_name":"Water polo","event_part_of_wikidata_id":null,"event_part_of":null,"event_sport_wikidata_id":null,"event_sport":"Water polo","sport_wikidata_id":null,"sport":"Water polo","source_page":"https://en.wikipedia.org/wiki/List_of_1904_Summer_Olympics_medal_winners","source_kind":"layers-derived-wikipedia-wikidata"}},{"type":"Feature","id":"olympic-medals-birthplace-1904-e66d9e2f25a974df","geometry":{"type":"Point","coordinates":[-74.00611111111111,40.71277777777778]},"properties":{"year":1904,"medalist_wikidata_id":"Q1818611","medalist_link":"https://en.wikipedia.org/wiki/Leo_Goodwin_(swimmer)","medalist_name":"Leo Goodwin","medal":"gold","delegation_wikidata_id":"Q1350274","delegation_link":"https://en.wikipedia.org/wiki/United_States_at_the_1904_Summer_Olympics","delegation_name":"United States at the 1904 Summer Olympics","country_medal_wikidata_id":"Q30","country_medal":"United States","country_medal_code2":"US","country_medal_code3":"USA","country_medal_ioc_country_code":"USA","date_of_birth":"1883-11-13","place_of_birth_wikidata_id":"Q60","place_of_birth":"New York City","place_of_birth_located_in_wikidata_id":"Q1384","place_of_birth_located_in":"New York","place_of_birth_coordinates":"40.71277777777778,-74.00611111111111","sex_or_gender_wikidata_id":"Q6581097","sex_or_gender":"male","event_link":null,"event_name":"Water polo","event_part_of_wikidata_id":null,"event_part_of":null,"event_sport_wikidata_id":null,"event_sport":"Water polo","sport_wikidata_id":null,"sport":"Water polo","source_page":"https://en.wikipedia.org/wiki/List_of_1904_Summer_Olympics_medal_winners","source_kind":"layers-derived-wikipedia-wikidata"}},{"type":"Feature","id":"olympic-medals-birthplace-1904-747f8128b90da3f4","geometry":{"type":"Point","coordinates":[12.482777777778,41.893055555556]},"properties":{"year":1904,"medalist_wikidata_id":"Q175645","medalist_link":"https://en.wikipedia.org/wiki/Louis_Handley","medalist_name":"Louis Handley","medal":"gold","delegation_wikidata_id":"Q1350274","delegation_link":"https://en.wikipedia.org/wiki/United_States_at_the_1904_Summer_Olympics","delegation_name":"United States at the 1904 Summer Olympics","country_medal_wikidata_id":"Q30","country_medal":"United States","country_medal_code2":"US","country_medal_code3":"USA","country_medal_ioc_country_code":"USA","date_of_birth":"1874-02-14","place_of_birth_wikidata_id":"Q220","place_of_birth":"Rome","place_of_birth_located_in_wikidata_id":"Q15119","place_of_birth_located_in":"Province of Rome","place_of_birth_coordinates":"41.893055555556,12.482777777778","sex_or_gender_wikidata_id":"Q6581097","sex_or_gender":"male","event_link":null,"event_name":"Water polo","event_part_of_wikidata_id":null,"event_part_of":null,"event_sport_wikidata_id":null,"event_sport":"Water polo","sport_wikidata_id":null,"sport":"Water polo","source_page":"https://en.wikipedia.org/wiki/List_of_1904_Summer_Olympics_medal_winners","source_kind":"layers-derived-wikipedia-wikidata"}},{"type":"Feature","id":"olympic-medals-birthplace-1904-01e296d702cceaf7","geometry":{"type":"Point","coordinates":[-74.00611111111111,40.71277777777778]},"properties":{"year":1904,"medalist_wikidata_id":"Q1393698","medalist_link":"https://en.wikipedia.org/wiki/Joe_Ruddy","medalist_name":"Joe Ruddy","medal":"gold","delegation_wikidata_id":"Q1350274","delegation_link":"https://en.wikipedia.org/wiki/United_States_at_the_1904_Summer_Olympics","delegation_name":"United States at the 1904 Summer Olympics","country_medal_wikidata_id":"Q30","country_medal":"United States","country_medal_code2":"US","country_medal_code3":"USA","country_medal_ioc_country_code":"USA","date_of_birth":"1878-09-28","place_of_birth_wikidata_id":"Q60","place_of_birth":"New York City","place_of_birth_located_in_wikidata_id":"Q1384","place_of_birth_located_in":"New York","place_of_birth_coordinates":"40.71277777777778,-74.00611111111111","sex_or_gender_wikidata_id":"Q6581097","sex_or_gender":"male","event_link":null,"event_name":"Water polo","event_part_of_wikidata_id":null,"event_part_of":null,"event_sport_wikidata_id":null,"event_sport":"Water polo","sport_wikidata_id":null,"sport":"Water polo","source_page":"https://en.wikipedia.org/wiki/List_of_1904_Summer_Olympics_medal_winners","source_kind":"layers-derived-wikipedia-wikidata"}},{"type":"Feature","id":"olympic-medals-birthplace-1904-df2982d2adc50777","geometry":{"type":"Point","coordinates":[-85.18,45.01]},"properties":{"year":1904,"medalist_wikidata_id":"Q545381","medalist_link":"https://en.wikipedia.org/wiki/Rex_Beach","medalist_name":"Rex Beach","medal":"silver","delegation_wikidata_id":"Q1350274","delegation_link":"https://en.wikipedia.org/wiki/United_States_at_the_1904_Summer_Olympics","delegation_name":"United States at the 1904 Summer Olympics","country_medal_wikidata_id":"Q30","country_medal":"United States","country_medal_code2":"US","country_medal_code3":"USA","country_medal_ioc_country_code":"USA","date_of_birth":"1877-09-01","place_of_birth_wikidata_id":"Q490807","place_of_birth":"Antrim County","place_of_birth_located_in_wikidata_id":"Q1166","place_of_birth_located_in":"Michigan","place_of_birth_coordinates":"45.01,-85.18","sex_or_gender_wikidata_id":"Q6581097","sex_or_gender":"male","event_link":null,"event_name":"Water polo","event_part_of_wikidata_id":null,"event_part_of":null,"event_sport_wikidata_id":null,"event_sport":"Water polo","sport_wikidata_id":null,"sport":"Water polo","source_page":"https://en.wikipedia.org/wiki/List_of_1904_Summer_Olympics_medal_winners","source_kind":"layers-derived-wikipedia-wikidata"}},{"type":"Feature","id":"olympic-medals-birthplace-1904-3886509d313fcc07","geometry":{"type":"Point","coordinates":[-87.95,43.05]},"properties":{"year":1904,"medalist_wikidata_id":"Q2345903","medalist_link":"https://en.wikipedia.org/wiki/Jerome_Steever","medalist_name":"Jerome Steever","medal":"silver","delegation_wikidata_id":"Q1350274","delegation_link":"https://en.wikipedia.org/wiki/United_States_at_the_1904_Summer_Olympics","delegation_name":"United States at the 1904 Summer Olympics","country_medal_wikidata_id":"Q30","country_medal":"United States","country_medal_code2":"US","country_medal_code3":"USA","country_medal_ioc_country_code":"USA","date_of_birth":"1880-01-07","place_of_birth_wikidata_id":"Q37836","place_of_birth":"Milwaukee","place_of_birth_located_in_wikidata_id":"Q502294","place_of_birth_located_in":"Milwaukee County","place_of_birth_coordinates":"43.05,-87.95","sex_or_gender_wikidata_id":"Q6581097","sex_or_gender":"male","event_link":null,"event_name":"Water polo","event_part_of_wikidata_id":null,"event_part_of":null,"event_sport_wikidata_id":null,"event_sport":"Water polo","sport_wikidata_id":null,"sport":"Water polo","source_page":"https://en.wikipedia.org/wiki/List_of_1904_Summer_Olympics_medal_winners","source_kind":"layers-derived-wikipedia-wikidata"}},{"type":"Feature","id":"olympic-medals-birthplace-1904-b46782ea5c98a24a","geometry":{"type":"Point","coordinates":[-87.62777777777778,41.88194444444444]},"properties":{"year":1904,"medalist_wikidata_id":"Q2734376","medalist_link":"https://en.wikipedia.org/wiki/Edwin_Swatek","medalist_name":"Edwin Swatek","medal":"silver","delegation_wikidata_id":"Q1350274","delegation_link":"https://en.wikipedia.org/wiki/United_States_at_the_1904_Summer_Olympics","delegation_name":"United States at the 1904 Summer Olympics","country_medal_wikidata_id":"Q30","country_medal":"United States","country_medal_code2":"US","country_medal_code3":"USA","country_medal_ioc_country_code":"USA","date_of_birth":"1885-01-07","place_of_birth_wikidata_id":"Q1297","place_of_birth":"Chicago","place_of_birth_located_in_wikidata_id":"Q108418","place_of_birth_located_in":"Cook County","place_of_birth_coordinates":"41.88194444444444,-87.62777777777778","sex_or_gender_wikidata_id":"Q6581097","sex_or_gender":"male","event_link":null,"event_name":"Water polo","event_part_of_wikidata_id":null,"event_part_of":null,"event_sport_wikidata_id":null,"event_sport":"Water polo","sport_wikidata_id":null,"sport":"Water polo","source_page":"https://en.wikipedia.org/wiki/List_of_1904_Summer_Olympics_medal_winners","source_kind":"layers-derived-wikipedia-wikidata"}},{"type":"Feature","id":"olympic-medals-birthplace-1904-e2548af5c4f46654","geometry":{"type":"Point","coordinates":[-87.62777777777778,41.88194444444444]},"properties":{"year":1904,"medalist_wikidata_id":"Q2736560","medalist_link":"https://en.wikipedia.org/wiki/Charles_Healy","medalist_name":"Charles Healy","medal":"silver","delegation_wikidata_id":"Q1350274","delegation_link":"https://en.wikipedia.org/wiki/United_States_at_the_1904_Summer_Olympics","delegation_name":"United States at the 1904 Summer Olympics","country_medal_wikidata_id":"Q30","country_medal":"United States","country_medal_code2":"US","country_medal_code3":"USA","country_medal_ioc_country_code":"USA","date_of_birth":"1883-10-04","place_of_birth_wikidata_id":"Q1297","place_of_birth":"Chicago","place_of_birth_located_in_wikidata_id":"Q108418","place_of_birth_located_in":"Cook County","place_of_birth_coordinates":"41.88194444444444,-87.62777777777778","sex_or_gender_wikidata_id":"Q6581097","sex_or_gender":"male","event_link":null,"event_name":"Water polo","event_part_of_wikidata_id":null,"event_part_of":null,"event_sport_wikidata_id":null,"event_sport":"Water polo","sport_wikidata_id":null,"sport":"Water polo","source_page":"https://en.wikipedia.org/wiki/List_of_1904_Summer_Olympics_medal_winners","source_kind":"layers-derived-wikipedia-wikidata"}},{"type":"Feature","id":"olympic-medals-birthplace-1904-cd5c7b0c6a362d9d","geometry":{"type":"Point","coordinates":[-87.62777777777778,41.88194444444444]},"properties":{"year":1904,"medalist_wikidata_id":"Q1996557","medalist_link":"https://en.wikipedia.org/wiki/Frank_Kehoe","medalist_name":"Frank Kehoe","medal":"silver","delegation_wikidata_id":"Q1350274","delegation_link":"https://en.wikipedia.org/wiki/United_States_at_the_1904_Summer_Olympics","delegation_name":"United States at the 1904 Summer Olympics","country_medal_wikidata_id":"Q30","country_medal":"United States","country_medal_code2":"US","country_medal_code3":"USA","country_medal_ioc_country_code":"USA","date_of_birth":"1882-02-08","place_of_birth_wikidata_id":"Q1297","place_of_birth":"Chicago","place_of_birth_located_in_wikidata_id":"Q108418","place_of_birth_located_in":"Cook County","place_of_birth_coordinates":"41.88194444444444,-87.62777777777778","sex_or_gender_wikidata_id":"Q6581097","sex_or_gender":"male","event_link":null,"event_name":"Water polo","event_part_of_wikidata_id":null,"event_part_of":null,"event_sport_wikidata_id":null,"event_sport":"Water polo","sport_wikidata_id":null,"sport":"Water polo","source_page":"https://en.wikipedia.org/wiki/List_of_1904_Summer_Olympics_medal_winners","source_kind":"layers-derived-wikipedia-wikidata"}},{"type":"Feature","id":"olympic-medals-birthplace-1904-17a6138826cbca72","geometry":{"type":"Point","coordinates":[-87.62777777777778,41.88194444444444]},"properties":{"year":1904,"medalist_wikidata_id":"Q2345986","medalist_link":"https://en.wikipedia.org/wiki/David_Hammond_(water_poloist)","medalist_name":"David Hammond","medal":"silver","delegation_wikidata_id":"Q1350274","delegation_link":"https://en.wikipedia.org/wiki/United_States_at_the_1904_Summer_Olympics","delegation_name":"United States at the 1904 Summer Olympics","country_medal_wikidata_id":"Q30","country_medal":"United States","country_medal_code2":"US","country_medal_code3":"USA","country_medal_ioc_country_code":"USA","date_of_birth":"1882-04-05","place_of_birth_wikidata_id":"Q1297","place_of_birth":"Chicago","place_of_birth_located_in_wikidata_id":"Q108418","place_of_birth_located_in":"Cook County","place_of_birth_coordinates":"41.88194444444444,-87.62777777777778","sex_or_gender_wikidata_id":"Q6581097","sex_or_gender":"male","event_link":null,"event_name":"Water polo","event_part_of_wikidata_id":null,"event_part_of":null,"event_sport_wikidata_id":null,"event_sport":"Water polo","sport_wikidata_id":null,"sport":"Water polo","source_page":"https://en.wikipedia.org/wiki/List_of_1904_Summer_Olympics_medal_winners","source_kind":"layers-derived-wikipedia-wikidata"}},{"type":"Feature","id":"olympic-medals-birthplace-1904-2bdff1b3cb70e44b","geometry":{"type":"Point","coordinates":[-87.62777777777778,41.88194444444444]},"properties":{"year":1904,"medalist_wikidata_id":"Q639438","medalist_link":"https://en.wikipedia.org/wiki/Bill_Tuttle_(swimmer)","medalist_name":"Bill Tuttle","medal":"silver","delegation_wikidata_id":"Q1350274","delegation_link":"https://en.wikipedia.org/wiki/United_States_at_the_1904_Summer_Olympics","delegation_name":"United States at the 1904 Summer Olympics","country_medal_wikidata_id":"Q30","country_medal":"United States","country_medal_code2":"US","country_medal_code3":"USA","country_medal_ioc_country_code":"USA","date_of_birth":"1882-02-21","place_of_birth_wikidata_id":"Q1297","place_of_birth":"Chicago","place_of_birth_located_in_wikidata_id":"Q108418","place_of_birth_located_in":"Cook County","place_of_birth_coordinates":"41.88194444444444,-87.62777777777778","sex_or_gender_wikidata_id":"Q6581097","sex_or_gender":"male","event_link":null,"event_name":"Water polo","event_part_of_wikidata_id":null,"event_part_of":null,"event_sport_wikidata_id":null,"event_sport":"Water polo","sport_wikidata_id":null,"sport":"Water polo","source_page":"https://en.wikipedia.org/wiki/List_of_1904_Summer_Olympics_medal_winners","source_kind":"layers-derived-wikipedia-wikidata"}},{"type":"Feature","id":"olympic-medals-birthplace-1904-8cd2e270c1eeb889","geometry":{"type":"Point","coordinates":[-84.5125,39.1]},"properties":{"year":1904,"medalist_wikidata_id":"Q2736553","medalist_link":"https://en.wikipedia.org/wiki/John_Meyers_(swimmer)","medalist_name":"John Meyers","medal":"bronze","delegation_wikidata_id":"Q1350274","delegation_link":"https://en.wikipedia.org/wiki/United_States_at_the_1904_Summer_Olympics","delegation_name":"United States at the 1904 Summer Olympics","country_medal_wikidata_id":"Q30","country_medal":"United States","country_medal_code2":"US","country_medal_code3":"USA","country_medal_ioc_country_code":"USA","date_of_birth":"1880-07-29","place_of_birth_wikidata_id":"Q43196","place_of_birth":"Cincinnati","place_of_birth_located_in_wikidata_id":"Q152891","place_of_birth_located_in":"Hamilton County","place_of_birth_coordinates":"39.1,-84.5125","sex_or_gender_wikidata_id":"Q6581097","sex_or_gender":"male","event_link":null,"event_name":"Water polo","event_part_of_wikidata_id":null,"event_part_of":null,"event_sport_wikidata_id":null,"event_sport":"Water polo","sport_wikidata_id":null,"sport":"Water polo","source_page":"https://en.wikipedia.org/wiki/List_of_1904_Summer_Olympics_medal_winners","source_kind":"layers-derived-wikipedia-wikidata"}},{"type":"Feature","id":"olympic-medals-birthplace-1904-d974bd4afeafd2bd","geometry":{"type":"Point","coordinates":[-90.19944444444444,38.62638888888889]},"properties":{"year":1904,"medalist_wikidata_id":"Q2736723","medalist_link":"https://en.wikipedia.org/wiki/Manfred_Toeppen","medalist_name":"Manfred Toeppen","medal":"bronze","delegation_wikidata_id":"Q1350274","delegation_link":"https://en.wikipedia.org/wiki/United_States_at_the_1904_Summer_Olympics","delegation_name":"United States at the 1904 Summer Olympics","country_medal_wikidata_id":"Q30","country_medal":"United States","country_medal_code2":"US","country_medal_code3":"USA","country_medal_ioc_country_code":"USA","date_of_birth":"1887-09-03","place_of_birth_wikidata_id":"Q38022","place_of_birth":"St. Louis","place_of_birth_located_in_wikidata_id":"Q1581","place_of_birth_located_in":"Missouri","place_of_birth_coordinates":"38.62638888888889,-90.19944444444444","sex_or_gender_wikidata_id":"Q6581097","sex_or_gender":"male","event_link":null,"event_name":"Water polo","event_part_of_wikidata_id":null,"event_part_of":null,"event_sport_wikidata_id":null,"event_sport":"Water polo","sport_wikidata_id":null,"sport":"Water polo","source_page":"https://en.wikipedia.org/wiki/List_of_1904_Summer_Olympics_medal_winners","source_kind":"layers-derived-wikipedia-wikidata"}},{"type":"Feature","id":"olympic-medals-birthplace-1904-93ff25b6ce444dd9","geometry":{"type":"Point","coordinates":[-90.19944444444444,38.62638888888889]},"properties":{"year":1904,"medalist_wikidata_id":"Q2638008","medalist_link":"https://en.wikipedia.org/wiki/Gwynne_Evans","medalist_name":"Gwynne Evans","medal":"bronze","delegation_wikidata_id":"Q1350274","delegation_link":"https://en.wikipedia.org/wiki/United_States_at_the_1904_Summer_Olympics","delegation_name":"United States at the 1904 Summer Olympics","country_medal_wikidata_id":"Q30","country_medal":"United States","country_medal_code2":"US","country_medal_code3":"USA","country_medal_ioc_country_code":"USA","date_of_birth":"1880-09-03","place_of_birth_wikidata_id":"Q38022","place_of_birth":"St. Louis","place_of_birth_located_in_wikidata_id":"Q1581","place_of_birth_located_in":"Missouri","place_of_birth_coordinates":"38.62638888888889,-90.19944444444444","sex_or_gender_wikidata_id":"Q6581097","sex_or_gender":"male","event_link":null,"event_name":"Water polo","event_part_of_wikidata_id":null,"event_part_of":null,"event_sport_wikidata_id":null,"event_sport":"Water polo","sport_wikidata_id":null,"sport":"Water polo","source_page":"https://en.wikipedia.org/wiki/List_of_1904_Summer_Olympics_medal_winners","source_kind":"layers-derived-wikipedia-wikidata"}},{"type":"Feature","id":"olympic-medals-birthplace-1904-a0c3b6d5dacc5736","geometry":{"type":"Point","coordinates":[-90.19944444444444,38.62638888888889]},"properties":{"year":1904,"medalist_wikidata_id":"Q639461","medalist_link":"https://en.wikipedia.org/wiki/Amedee_Reyburn","medalist_name":"Amedee Reyburn","medal":"bronze","delegation_wikidata_id":"Q1350274","delegation_link":"https://en.wikipedia.org/wiki/United_States_at_the_1904_Summer_Olympics","delegation_name":"United States at the 1904 Summer Olympics","country_medal_wikidata_id":"Q30","country_medal":"United States","country_medal_code2":"US","country_medal_code3":"USA","country_medal_ioc_country_code":"USA","date_of_birth":"1879-03-25","place_of_birth_wikidata_id":"Q38022","place_of_birth":"St. Louis","place_of_birth_located_in_wikidata_id":"Q1581","place_of_birth_located_in":"Missouri","place_of_birth_coordinates":"38.62638888888889,-90.19944444444444","sex_or_gender_wikidata_id":"Q6581097","sex_or_gender":"male","event_link":null,"event_name":"Water polo","event_part_of_wikidata_id":null,"event_part_of":null,"event_sport_wikidata_id":null,"event_sport":"Water polo","sport_wikidata_id":null,"sport":"Water polo","source_page":"https://en.wikipedia.org/wiki/List_of_1904_Summer_Olympics_medal_winners","source_kind":"layers-derived-wikipedia-wikidata"}},{"type":"Feature","id":"olympic-medals-birthplace-1904-9de87560f67d0a10","geometry":{"type":"Point","coordinates":[-90.19944444444444,38.62638888888889]},"properties":{"year":1904,"medalist_wikidata_id":"Q3751921","medalist_link":"https://en.wikipedia.org/wiki/Frank_Schreiner","medalist_name":"Frank Schreiner","medal":"bronze","delegation_wikidata_id":"Q1350274","delegation_link":"https://en.wikipedia.org/wiki/United_States_at_the_1904_Summer_Olympics","delegation_name":"United States at the 1904 Summer Olympics","country_medal_wikidata_id":"Q30","country_medal":"United States","country_medal_code2":"US","country_medal_code3":"USA","country_medal_ioc_country_code":"USA","date_of_birth":"1879-01-01","place_of_birth_wikidata_id":"Q38022","place_of_birth":"St. Louis","place_of_birth_located_in_wikidata_id":"Q1581","place_of_birth_located_in":"Missouri","place_of_birth_coordinates":"38.62638888888889,-90.19944444444444","sex_or_gender_wikidata_id":"Q6581097","sex_or_gender":"male","event_link":null,"event_name":"Water polo","event_part_of_wikidata_id":null,"event_part_of":null,"event_sport_wikidata_id":null,"event_sport":"Water polo","sport_wikidata_id":null,"sport":"Water polo","source_page":"https://en.wikipedia.org/wiki/List_of_1904_Summer_Olympics_medal_winners","source_kind":"layers-derived-wikipedia-wikidata"}},{"type":"Feature","id":"olympic-medals-birthplace-1904-6e4803eaf26b5648","geometry":{"type":"Point","coordinates":[-90.19944444444444,38.62638888888889]},"properties":{"year":1904,"medalist_wikidata_id":"Q2734432","medalist_link":"https://en.wikipedia.org/wiki/Augustus_Goessling","medalist_name":"Augustus Goessling","medal":"bronze","delegation_wikidata_id":"Q1350274","delegation_link":"https://en.wikipedia.org/wiki/United_States_at_the_1904_Summer_Olympics","delegation_name":"United States at the 1904 Summer Olympics","country_medal_wikidata_id":"Q30","country_medal":"United States","country_medal_code2":"US","country_medal_code3":"USA","country_medal_ioc_country_code":"USA","date_of_birth":"1878-11-17","place_of_birth_wikidata_id":"Q38022","place_of_birth":"St. Louis","place_of_birth_located_in_wikidata_id":"Q1581","place_of_birth_located_in":"Missouri","place_of_birth_coordinates":"38.62638888888889,-90.19944444444444","sex_or_gender_wikidata_id":"Q6581097","sex_or_gender":"male","event_link":null,"event_name":"Water polo","event_part_of_wikidata_id":null,"event_part_of":null,"event_sport_wikidata_id":null,"event_sport":"Water polo","sport_wikidata_id":null,"sport":"Water polo","source_page":"https://en.wikipedia.org/wiki/List_of_1904_Summer_Olympics_medal_winners","source_kind":"layers-derived-wikipedia-wikidata"}},{"type":"Feature","id":"olympic-medals-birthplace-1904-f80adf5e776038fd","geometry":{"type":"Point","coordinates":[-90.19944444444444,38.62638888888889]},"properties":{"year":1904,"medalist_wikidata_id":"Q893263","medalist_link":"https://en.wikipedia.org/wiki/Bill_Orthwein","medalist_name":"Bill Orthwein","medal":"bronze","delegation_wikidata_id":"Q1350274","delegation_link":"https://en.wikipedia.org/wiki/United_States_at_the_1904_Summer_Olympics","delegation_name":"United States at the 1904 Summer Olympics","country_medal_wikidata_id":"Q30","country_medal":"United States","country_medal_code2":"US","country_medal_code3":"USA","country_medal_ioc_country_code":"USA","date_of_birth":"1881-10-16","place_of_birth_wikidata_id":"Q38022","place_of_birth":"St. Louis","place_of_birth_located_in_wikidata_id":"Q1581","place_of_birth_located_in":"Missouri","place_of_birth_coordinates":"38.62638888888889,-90.19944444444444","sex_or_gender_wikidata_id":"Q6581097","sex_or_gender":"male","event_link":null,"event_name":"Water polo","event_part_of_wikidata_id":null,"event_part_of":null,"event_sport_wikidata_id":null,"event_sport":"Water polo","sport_wikidata_id":null,"sport":"Water polo","source_page":"https://en.wikipedia.org/wiki/List_of_1904_Summer_Olympics_medal_winners","source_kind":"layers-derived-wikipedia-wikidata"}},{"type":"Feature","id":"olympic-medals-birthplace-1904-0402ce06128ac3f6","geometry":{"type":"Point","coordinates":[23.49,37.73]},"properties":{"year":1904,"medalist_wikidata_id":"Q1335985","medalist_link":"https://en.wikipedia.org/wiki/Perikles_Kakousis","medalist_name":"Perikles Kakousis","medal":"gold","delegation_wikidata_id":"Q142263","delegation_link":"https://en.wikipedia.org/wiki/Greece_at_the_1904_Summer_Olympics","delegation_name":"Greece at the 1904 Summer Olympics","country_medal_wikidata_id":"Q209065","country_medal":"Kingdom of Greece","country_medal_code2":null,"country_medal_code3":null,"country_medal_ioc_country_code":null,"date_of_birth":"1879-01-01","place_of_birth_wikidata_id":"Q191082","place_of_birth":"Aegina","place_of_birth_located_in_wikidata_id":"Q758056","place_of_birth_located_in":"Attica Region","place_of_birth_coordinates":"37.73,23.49","sex_or_gender_wikidata_id":"Q6581097","sex_or_gender":"male","event_wikidata_id":"Q664379","event_link":"https://en.wikipedia.org/wiki/Weightlifting_at_the_1904_Summer_Olympics_–_Men's_two_hand_lift","event_name":"weightlifting at the 1904 Summer Olympics – men's two hand lift","event_part_of_wikidata_id":"Q241091","event_part_of":"weightlifting at the 1904 Summer Olympics","event_sport_wikidata_id":"Q83462","event_sport":"weightlifting","sport_wikidata_id":"Q83462","sport":"weightlifting","source_page":"https://en.wikipedia.org/wiki/List_of_1904_Summer_Olympics_medal_winners","source_kind":"layers-derived-wikipedia-wikidata"}},{"type":"Feature","id":"olympic-medals-birthplace-1904-b18ccdcc0f6d6a2d","geometry":{"type":"Point","coordinates":[-87.95,43.05]},"properties":{"year":1904,"medalist_wikidata_id":"Q204049","medalist_link":"https://en.wikipedia.org/wiki/Oscar_Osthoff","medalist_name":"Oscar Osthoff","medal":"silver","delegation_wikidata_id":"Q1350274","delegation_link":"https://en.wikipedia.org/wiki/United_States_at_the_1904_Summer_Olympics","delegation_name":"United States at the 1904 Summer Olympics","country_medal_wikidata_id":"Q30","country_medal":"United States","country_medal_code2":"US","country_medal_code3":"USA","country_medal_ioc_country_code":"USA","date_of_birth":"1883-03-23","place_of_birth_wikidata_id":"Q37836","place_of_birth":"Milwaukee","place_of_birth_located_in_wikidata_id":"Q502294","place_of_birth_located_in":"Milwaukee County","place_of_birth_coordinates":"43.05,-87.95","sex_or_gender_wikidata_id":"Q6581097","sex_or_gender":"male","event_wikidata_id":"Q664379","event_link":"https://en.wikipedia.org/wiki/Weightlifting_at_the_1904_Summer_Olympics_–_Men's_two_hand_lift","event_name":"weightlifting at the 1904 Summer Olympics – men's two hand lift","event_part_of_wikidata_id":"Q241091","event_part_of":"weightlifting at the 1904 Summer Olympics","event_sport_wikidata_id":"Q83462","event_sport":"weightlifting","sport_wikidata_id":"Q83462","sport":"weightlifting","source_page":"https://en.wikipedia.org/wiki/List_of_1904_Summer_Olympics_medal_winners","source_kind":"layers-derived-wikipedia-wikidata"}},{"type":"Feature","id":"olympic-medals-birthplace-1904-ba1a72a7e89bf04e","geometry":{"type":"Point","coordinates":[13.376111111111111,52.51861111111111]},"properties":{"year":1904,"medalist_wikidata_id":"Q63257","medalist_link":"https://en.wikipedia.org/wiki/Frank_Kugler","medalist_name":"Frank Kugler","medal":"bronze","delegation_wikidata_id":"Q143137","delegation_link":"https://en.wikipedia.org/wiki/Germany_at_the_1904_Summer_Olympics","delegation_name":"Germany at the 1904 Summer Olympics","country_medal_wikidata_id":"Q1206012","country_medal":"German Reich","country_medal_code2":null,"country_medal_code3":null,"country_medal_ioc_country_code":null,"date_of_birth":"1879-03-29","place_of_birth_wikidata_id":"Q43287","place_of_birth":"German Empire","place_of_birth_located_in_wikidata_id":null,"place_of_birth_located_in":null,"place_of_birth_coordinates":"52.51861111111111,13.376111111111111","sex_or_gender_wikidata_id":"Q6581097","sex_or_gender":"male","event_wikidata_id":"Q664379","event_link":"https://en.wikipedia.org/wiki/Weightlifting_at_the_1904_Summer_Olympics_–_Men's_two_hand_lift","event_name":"weightlifting at the 1904 Summer Olympics – men's two hand lift","event_part_of_wikidata_id":"Q241091","event_part_of":"weightlifting at the 1904 Summer Olympics","event_sport_wikidata_id":"Q83462","event_sport":"weightlifting","sport_wikidata_id":"Q83462","sport":"weightlifting","source_page":"https://en.wikipedia.org/wiki/List_of_1904_Summer_Olympics_medal_winners","source_kind":"layers-derived-wikipedia-wikidata"}},{"type":"Feature","id":"olympic-medals-birthplace-1904-86597b120a8f8805","geometry":{"type":"Point","coordinates":[-87.95,43.05]},"properties":{"year":1904,"medalist_wikidata_id":"Q204049","medalist_link":"https://en.wikipedia.org/wiki/Oscar_Osthoff","medalist_name":"Oscar Osthoff","medal":"gold","delegation_wikidata_id":"Q1350274","delegation_link":"https://en.wikipedia.org/wiki/United_States_at_the_1904_Summer_Olympics","delegation_name":"United States at the 1904 Summer Olympics","country_medal_wikidata_id":"Q30","country_medal":"United States","country_medal_code2":"US","country_medal_code3":"USA","country_medal_ioc_country_code":"USA","date_of_birth":"1883-03-23","place_of_birth_wikidata_id":"Q37836","place_of_birth":"Milwaukee","place_of_birth_located_in_wikidata_id":"Q502294","place_of_birth_located_in":"Milwaukee County","place_of_birth_coordinates":"43.05,-87.95","sex_or_gender_wikidata_id":"Q6581097","sex_or_gender":"male","event_wikidata_id":"Q861220","event_link":"https://en.wikipedia.org/wiki/Weightlifting_at_the_1904_Summer_Olympics_–_Men's_all-around_dumbbell","event_name":"weightlifting at the 1904 Summer Olympics – men's all-around dumbbell","event_part_of_wikidata_id":"Q241091","event_part_of":"weightlifting at the 1904 Summer Olympics","event_sport_wikidata_id":"Q83462","event_sport":"weightlifting","sport_wikidata_id":"Q83462","sport":"weightlifting","source_page":"https://en.wikipedia.org/wiki/List_of_1904_Summer_Olympics_medal_winners","source_kind":"layers-derived-wikipedia-wikidata"}},{"type":"Feature","id":"olympic-medals-birthplace-1904-ea865f0b798f6144","geometry":{"type":"Point","coordinates":[13.376111111111111,52.51861111111111]},"properties":{"year":1904,"medalist_wikidata_id":"Q63257","medalist_link":"https://en.wikipedia.org/wiki/Frank_Kugler","medalist_name":"Frank Kugler","medal":"bronze","delegation_wikidata_id":"Q143137","delegation_link":"https://en.wikipedia.org/wiki/Germany_at_the_1904_Summer_Olympics","delegation_name":"Germany at the 1904 Summer Olympics","country_medal_wikidata_id":"Q1206012","country_medal":"German Reich","country_medal_code2":null,"country_medal_code3":null,"country_medal_ioc_country_code":null,"date_of_birth":"1879-03-29","place_of_birth_wikidata_id":"Q43287","place_of_birth":"German Empire","place_of_birth_located_in_wikidata_id":null,"place_of_birth_located_in":null,"place_of_birth_coordinates":"52.51861111111111,13.376111111111111","sex_or_gender_wikidata_id":"Q6581097","sex_or_gender":"male","event_wikidata_id":"Q861220","event_link":"https://en.wikipedia.org/wiki/Weightlifting_at_the_1904_Summer_Olympics_–_Men's_all-around_dumbbell","event_name":"weightlifting at the 1904 Summer Olympics – men's all-around dumbbell","event_part_of_wikidata_id":"Q241091","event_part_of":"weightlifting at the 1904 Summer Olympics","event_sport_wikidata_id":"Q83462","event_sport":"weightlifting","sport_wikidata_id":"Q83462","sport":"weightlifting","source_page":"https://en.wikipedia.org/wiki/List_of_1904_Summer_Olympics_medal_winners","source_kind":"layers-derived-wikipedia-wikidata"}},{"type":"Feature","id":"olympic-medals-birthplace-1904-ba62edd4d88031a5","geometry":{"type":"Point","coordinates":[-74.00611111111111,40.71277777777778]},"properties":{"year":1904,"medalist_wikidata_id":"Q2636472","medalist_link":"https://en.wikipedia.org/wiki/Robert_Curry_(wrestler)","medalist_name":"Robert Curry","medal":"gold","delegation_wikidata_id":"Q1350274","delegation_link":"https://en.wikipedia.org/wiki/United_States_at_the_1904_Summer_Olympics","delegation_name":"United States at the 1904 Summer Olympics","country_medal_wikidata_id":"Q30","country_medal":"United States","country_medal_code2":"US","country_medal_code3":"USA","country_medal_ioc_country_code":"USA","date_of_birth":"1882-08-14","place_of_birth_wikidata_id":"Q60","place_of_birth":"New York City","place_of_birth_located_in_wikidata_id":"Q1384","place_of_birth_located_in":"New York","place_of_birth_coordinates":"40.71277777777778,-74.00611111111111","sex_or_gender_wikidata_id":"Q6581097","sex_or_gender":"male","event_wikidata_id":"Q860160","event_link":"https://en.wikipedia.org/wiki/Wrestling_at_the_1904_Summer_Olympics_–_Men's_freestyle_light_flyweight","event_name":"wrestling at the 1904 Summer Olympics – men's freestyle light flyweight","event_part_of_wikidata_id":"Q803977","event_part_of":"wrestling at the 1904 Summer Olympics","event_sport_wikidata_id":"Q327223","event_sport":"freestyle wrestling","sport_wikidata_id":"Q327223","sport":"freestyle wrestling","source_page":"https://en.wikipedia.org/wiki/List_of_1904_Summer_Olympics_medal_winners","source_kind":"layers-derived-wikipedia-wikidata"}},{"type":"Feature","id":"olympic-medals-birthplace-1904-010f1850ffc4f090","geometry":{"type":"Point","coordinates":[-74.00611111111111,40.71277777777778]},"properties":{"year":1904,"medalist_wikidata_id":"Q2638730","medalist_link":"https://en.wikipedia.org/wiki/John_Hein_(wrestler)","medalist_name":"John Hein","medal":"silver","delegation_wikidata_id":"Q1350274","delegation_link":"https://en.wikipedia.org/wiki/United_States_at_the_1904_Summer_Olympics","delegation_name":"United States at the 1904 Summer Olympics","country_medal_wikidata_id":"Q30","country_medal":"United States","country_medal_code2":"US","country_medal_code3":"USA","country_medal_ioc_country_code":"USA","date_of_birth":"1886-01-27","place_of_birth_wikidata_id":"Q60","place_of_birth":"New York City","place_of_birth_located_in_wikidata_id":"Q1384","place_of_birth_located_in":"New York","place_of_birth_coordinates":"40.71277777777778,-74.00611111111111","sex_or_gender_wikidata_id":"Q6581097","sex_or_gender":"male","event_wikidata_id":"Q860160","event_link":"https://en.wikipedia.org/wiki/Wrestling_at_the_1904_Summer_Olympics_–_Men's_freestyle_light_flyweight","event_name":"wrestling at the 1904 Summer Olympics – men's freestyle light flyweight","event_part_of_wikidata_id":"Q803977","event_part_of":"wrestling at the 1904 Summer Olympics","event_sport_wikidata_id":"Q327223","event_sport":"freestyle wrestling","sport_wikidata_id":"Q327223","sport":"freestyle wrestling","source_page":"https://en.wikipedia.org/wiki/List_of_1904_Summer_Olympics_medal_winners","source_kind":"layers-derived-wikipedia-wikidata"}},{"type":"Feature","id":"olympic-medals-birthplace-1904-b518cc72e2867eab","geometry":{"type":"Point","coordinates":[8.31,46.87]},"properties":{"year":1904,"medalist_wikidata_id":"Q923926","medalist_link":"https://en.wikipedia.org/wiki/Gustav_Thiefenthaler","medalist_name":"Gustav Thiefenthaler","medal":"bronze","delegation_wikidata_id":"Q142403","delegation_link":"https://en.wikipedia.org/wiki/Switzerland_at_the_1904_Summer_Olympics","delegation_name":"Switzerland at the 1904 Summer Olympics","country_medal_wikidata_id":"Q39","country_medal":"Switzerland","country_medal_code2":"CH","country_medal_code3":"CHE","country_medal_ioc_country_code":"SUI","date_of_birth":"1886-07-25","place_of_birth_wikidata_id":"Q214069","place_of_birth":"Unterwalden","place_of_birth_located_in_wikidata_id":null,"place_of_birth_located_in":null,"place_of_birth_coordinates":"46.87,8.31","sex_or_gender_wikidata_id":"Q6581097","sex_or_gender":"male","event_wikidata_id":"Q860160","event_link":"https://en.wikipedia.org/wiki/Wrestling_at_the_1904_Summer_Olympics_–_Men's_freestyle_light_flyweight","event_name":"wrestling at the 1904 Summer Olympics – men's freestyle light flyweight","event_part_of_wikidata_id":"Q803977","event_part_of":"wrestling at the 1904 Summer Olympics","event_sport_wikidata_id":"Q327223","event_sport":"freestyle wrestling","sport_wikidata_id":"Q327223","sport":"freestyle wrestling","source_page":"https://en.wikipedia.org/wiki/List_of_1904_Summer_Olympics_medal_winners","source_kind":"layers-derived-wikipedia-wikidata"}},{"type":"Feature","id":"olympic-medals-birthplace-1904-b644e33a64d877c9","geometry":{"type":"Point","coordinates":[-74.17222222222222,40.73555555555556]},"properties":{"year":1904,"medalist_wikidata_id":"Q1387408","medalist_link":"https://en.wikipedia.org/wiki/George_Mehnert","medalist_name":"George Mehnert","medal":"gold","delegation_wikidata_id":"Q1350274","delegation_link":"https://en.wikipedia.org/wiki/United_States_at_the_1904_Summer_Olympics","delegation_name":"United States at the 1904 Summer Olympics","country_medal_wikidata_id":"Q30","country_medal":"United States","country_medal_code2":"US","country_medal_code3":"USA","country_medal_ioc_country_code":"USA","date_of_birth":"1881-11-03","place_of_birth_wikidata_id":"Q25395","place_of_birth":"Newark","place_of_birth_located_in_wikidata_id":"Q128077","place_of_birth_located_in":"Essex County","place_of_birth_coordinates":"40.73555555555556,-74.17222222222222","sex_or_gender_wikidata_id":"Q6581097","sex_or_gender":"male","event_wikidata_id":"Q859436","event_link":"https://en.wikipedia.org/wiki/Wrestling_at_the_1904_Summer_Olympics_–_Men's_freestyle_flyweight","event_name":"wrestling at the 1904 Summer Olympics – men's freestyle flyweight","event_part_of_wikidata_id":"Q803977","event_part_of":"wrestling at the 1904 Summer Olympics","event_sport_wikidata_id":"Q327223","event_sport":"freestyle wrestling","sport_wikidata_id":"Q327223","sport":"freestyle wrestling","source_page":"https://en.wikipedia.org/wiki/List_of_1904_Summer_Olympics_medal_winners","source_kind":"layers-derived-wikipedia-wikidata"}},{"type":"Feature","id":"olympic-medals-birthplace-1904-2fef8d6b6db900dd","geometry":{"type":"Point","coordinates":[-74.17222222222222,40.73555555555556]},"properties":{"year":1904,"medalist_wikidata_id":"Q2444609","medalist_link":"https://en.wikipedia.org/wiki/Gustave_Bauer","medalist_name":"Gustave Bauer","medal":"silver","delegation_wikidata_id":"Q1350274","delegation_link":"https://en.wikipedia.org/wiki/United_States_at_the_1904_Summer_Olympics","delegation_name":"United States at the 1904 Summer Olympics","country_medal_wikidata_id":"Q30","country_medal":"United States","country_medal_code2":"US","country_medal_code3":"USA","country_medal_ioc_country_code":"USA","date_of_birth":"1884-04-03","place_of_birth_wikidata_id":"Q25395","place_of_birth":"Newark","place_of_birth_located_in_wikidata_id":"Q128077","place_of_birth_located_in":"Essex County","place_of_birth_coordinates":"40.73555555555556,-74.17222222222222","sex_or_gender_wikidata_id":"Q6581097","sex_or_gender":"male","event_wikidata_id":"Q859436","event_link":"https://en.wikipedia.org/wiki/Wrestling_at_the_1904_Summer_Olympics_–_Men's_freestyle_flyweight","event_name":"wrestling at the 1904 Summer Olympics – men's freestyle flyweight","event_part_of_wikidata_id":"Q803977","event_part_of":"wrestling at the 1904 Summer Olympics","event_sport_wikidata_id":"Q327223","event_sport":"freestyle wrestling","sport_wikidata_id":"Q327223","sport":"freestyle wrestling","source_page":"https://en.wikipedia.org/wiki/List_of_1904_Summer_Olympics_medal_winners","source_kind":"layers-derived-wikipedia-wikidata"}},{"type":"Feature","id":"olympic-medals-birthplace-1904-8a3d8f4bc5f4a3b9","geometry":{"type":"Point","coordinates":[70.1167,58.65]},"properties":{"year":1904,"medalist_wikidata_id":"Q2638750","medalist_link":"https://en.wikipedia.org/wiki/Isidor_Niflot","medalist_name":"Isidor Niflot","medal":"gold","delegation_wikidata_id":"Q1350274","delegation_link":"https://en.wikipedia.org/wiki/United_States_at_the_1904_Summer_Olympics","delegation_name":"United States at the 1904 Summer Olympics","country_medal_wikidata_id":"Q30","country_medal":"United States","country_medal_code2":"US","country_medal_code3":"USA","country_medal_ioc_country_code":"USA","date_of_birth":"1881-04-16","place_of_birth_wikidata_id":"Q34266","place_of_birth":"Russian Empire","place_of_birth_located_in_wikidata_id":null,"place_of_birth_located_in":null,"place_of_birth_coordinates":"58.65,70.1167","sex_or_gender_wikidata_id":"Q6581097","sex_or_gender":"male","event_wikidata_id":"Q859623","event_link":"https://en.wikipedia.org/wiki/Wrestling_at_the_1904_Summer_Olympics_–_Men's_freestyle_bantamweight","event_name":"wrestling at the 1904 Summer Olympics – men's freestyle bantamweight","event_part_of_wikidata_id":"Q803977","event_part_of":"wrestling at the 1904 Summer Olympics","event_sport_wikidata_id":"Q327223","event_sport":"freestyle wrestling","sport_wikidata_id":"Q327223","sport":"freestyle wrestling","source_page":"https://en.wikipedia.org/wiki/List_of_1904_Summer_Olympics_medal_winners","source_kind":"layers-derived-wikipedia-wikidata"}},{"type":"Feature","id":"olympic-medals-birthplace-1904-4cd57cfb11d04250","geometry":{"type":"Point","coordinates":[-74.17222222222222,40.73555555555556]},"properties":{"year":1904,"medalist_wikidata_id":"Q1809347","medalist_link":"https://en.wikipedia.org/wiki/August_Wester","medalist_name":"August Wester","medal":"silver","delegation_wikidata_id":"Q1350274","delegation_link":"https://en.wikipedia.org/wiki/United_States_at_the_1904_Summer_Olympics","delegation_name":"United States at the 1904 Summer Olympics","country_medal_wikidata_id":"Q30","country_medal":"United States","country_medal_code2":"US","country_medal_code3":"USA","country_medal_ioc_country_code":"USA","date_of_birth":"1882-02-12","place_of_birth_wikidata_id":"Q25395","place_of_birth":"Newark","place_of_birth_located_in_wikidata_id":"Q128077","place_of_birth_located_in":"Essex County","place_of_birth_coordinates":"40.73555555555556,-74.17222222222222","sex_or_gender_wikidata_id":"Q6581097","sex_or_gender":"male","event_wikidata_id":"Q859623","event_link":"https://en.wikipedia.org/wiki/Wrestling_at_the_1904_Summer_Olympics_–_Men's_freestyle_bantamweight","event_name":"wrestling at the 1904 Summer Olympics – men's freestyle bantamweight","event_part_of_wikidata_id":"Q803977","event_part_of":"wrestling at the 1904 Summer Olympics","event_sport_wikidata_id":"Q327223","event_sport":"freestyle wrestling","sport_wikidata_id":"Q327223","sport":"freestyle wrestling","source_page":"https://en.wikipedia.org/wiki/List_of_1904_Summer_Olympics_medal_winners","source_kind":"layers-derived-wikipedia-wikidata"}},{"type":"Feature","id":"olympic-medals-birthplace-1904-6949b86d3dbb0a47","geometry":{"type":"Point","coordinates":[-90.19944444444444,38.62638888888889]},"properties":{"year":1904,"medalist_wikidata_id":"Q3440881","medalist_link":"https://en.wikipedia.org/wiki/Louis_Strebler","medalist_name":"Louis Strebler","medal":"bronze","delegation_wikidata_id":"Q1350274","delegation_link":"https://en.wikipedia.org/wiki/United_States_at_the_1904_Summer_Olympics","delegation_name":"United States at the 1904 Summer Olympics","country_medal_wikidata_id":"Q30","country_medal":"United States","country_medal_code2":"US","country_medal_code3":"USA","country_medal_ioc_country_code":"USA","date_of_birth":"1881-02-02","place_of_birth_wikidata_id":"Q38022","place_of_birth":"St. Louis","place_of_birth_located_in_wikidata_id":"Q1581","place_of_birth_located_in":"Missouri","place_of_birth_coordinates":"38.62638888888889,-90.19944444444444","sex_or_gender_wikidata_id":"Q6581097","sex_or_gender":"male","event_wikidata_id":"Q859623","event_link":"https://en.wikipedia.org/wiki/Wrestling_at_the_1904_Summer_Olympics_–_Men's_freestyle_bantamweight","event_name":"wrestling at the 1904 Summer Olympics – men's freestyle bantamweight","event_part_of_wikidata_id":"Q803977","event_part_of":"wrestling at the 1904 Summer Olympics","event_sport_wikidata_id":"Q327223","event_sport":"freestyle wrestling","sport_wikidata_id":"Q327223","sport":"freestyle wrestling","source_page":"https://en.wikipedia.org/wiki/List_of_1904_Summer_Olympics_medal_winners","source_kind":"layers-derived-wikipedia-wikidata"}},{"type":"Feature","id":"olympic-medals-birthplace-1904-f26a3a4ca5a69873","geometry":{"type":"Point","coordinates":[-73.94972222222222,40.65083333333333]},"properties":{"year":1904,"medalist_wikidata_id":"Q1804630","medalist_link":"https://en.wikipedia.org/wiki/Benjamin_Bradshaw","medalist_name":"Benjamin Bradshaw","medal":"gold","delegation_wikidata_id":"Q1350274","delegation_link":"https://en.wikipedia.org/wiki/United_States_at_the_1904_Summer_Olympics","delegation_name":"United States at the 1904 Summer Olympics","country_medal_wikidata_id":"Q30","country_medal":"United States","country_medal_code2":"US","country_medal_code3":"USA","country_medal_ioc_country_code":"USA","date_of_birth":"1879-08-15","place_of_birth_wikidata_id":"Q18419","place_of_birth":"Brooklyn","place_of_birth_located_in_wikidata_id":"Q60","place_of_birth_located_in":"New York City","place_of_birth_coordinates":"40.65083333333333,-73.94972222222222","sex_or_gender_wikidata_id":"Q6581097","sex_or_gender":"male","event_wikidata_id":"Q860204","event_link":"https://en.wikipedia.org/wiki/Wrestling_at_the_1904_Summer_Olympics_–_Men's_freestyle_featherweight","event_name":"wrestling at the 1904 Summer Olympics – men's freestyle featherweight","event_part_of_wikidata_id":"Q803977","event_part_of":"wrestling at the 1904 Summer Olympics","event_sport_wikidata_id":"Q327223","event_sport":"freestyle wrestling","sport_wikidata_id":"Q327223","sport":"freestyle wrestling","source_page":"https://en.wikipedia.org/wiki/List_of_1904_Summer_Olympics_medal_winners","source_kind":"layers-derived-wikipedia-wikidata"}},{"type":"Feature","id":"olympic-medals-birthplace-1904-8304f1a21e9bf339","geometry":{"type":"Point","coordinates":[-74.17222222222222,40.73555555555556]},"properties":{"year":1904,"medalist_wikidata_id":"Q1810240","medalist_link":"https://en.wikipedia.org/wiki/Theodore_McLear","medalist_name":"Theodore McLear","medal":"silver","delegation_wikidata_id":"Q1350274","delegation_link":"https://en.wikipedia.org/wiki/United_States_at_the_1904_Summer_Olympics","delegation_name":"United States at the 1904 Summer Olympics","country_medal_wikidata_id":"Q30","country_medal":"United States","country_medal_code2":"US","country_medal_code3":"USA","country_medal_ioc_country_code":"USA","date_of_birth":"1879-06-29","place_of_birth_wikidata_id":"Q25395","place_of_birth":"Newark","place_of_birth_located_in_wikidata_id":"Q128077","place_of_birth_located_in":"Essex County","place_of_birth_coordinates":"40.73555555555556,-74.17222222222222","sex_or_gender_wikidata_id":"Q6581097","sex_or_gender":"male","event_wikidata_id":"Q860204","event_link":"https://en.wikipedia.org/wiki/Wrestling_at_the_1904_Summer_Olympics_–_Men's_freestyle_featherweight","event_name":"wrestling at the 1904 Summer Olympics – men's freestyle featherweight","event_part_of_wikidata_id":"Q803977","event_part_of":"wrestling at the 1904 Summer Olympics","event_sport_wikidata_id":"Q327223","event_sport":"freestyle wrestling","sport_wikidata_id":"Q327223","sport":"freestyle wrestling","source_page":"https://en.wikipedia.org/wiki/List_of_1904_Summer_Olympics_medal_winners","source_kind":"layers-derived-wikipedia-wikidata"}},{"type":"Feature","id":"olympic-medals-birthplace-1904-d1bc60971b0d3d7c","geometry":{"type":"Point","coordinates":[-90.05194444444444,35.14611111111111]},"properties":{"year":1904,"medalist_wikidata_id":"Q2444556","medalist_link":"https://en.wikipedia.org/wiki/Charles_Clapper","medalist_name":"Charles Clapper","medal":"bronze","delegation_wikidata_id":"Q1350274","delegation_link":"https://en.wikipedia.org/wiki/United_States_at_the_1904_Summer_Olympics","delegation_name":"United States at the 1904 Summer Olympics","country_medal_wikidata_id":"Q30","country_medal":"United States","country_medal_code2":"US","country_medal_code3":"USA","country_medal_ioc_country_code":"USA","date_of_birth":"1875-12-20","place_of_birth_wikidata_id":"Q16563","place_of_birth":"Memphis","place_of_birth_located_in_wikidata_id":"Q501602","place_of_birth_located_in":"Shelby County","place_of_birth_coordinates":"35.14611111111111,-90.05194444444444","sex_or_gender_wikidata_id":"Q6581097","sex_or_gender":"male","event_wikidata_id":"Q860204","event_link":"https://en.wikipedia.org/wiki/Wrestling_at_the_1904_Summer_Olympics_–_Men's_freestyle_featherweight","event_name":"wrestling at the 1904 Summer Olympics – men's freestyle featherweight","event_part_of_wikidata_id":"Q803977","event_part_of":"wrestling at the 1904 Summer Olympics","event_sport_wikidata_id":"Q327223","event_sport":"freestyle wrestling","sport_wikidata_id":"Q327223","sport":"freestyle wrestling","source_page":"https://en.wikipedia.org/wiki/List_of_1904_Summer_Olympics_medal_winners","source_kind":"layers-derived-wikipedia-wikidata"}},{"type":"Feature","id":"olympic-medals-birthplace-1904-bcef72facef6b3c6","geometry":{"type":"Point","coordinates":[-79.869166666667,43.256666666667]},"properties":{"year":1904,"medalist_wikidata_id":"Q2444730","medalist_link":"https://en.wikipedia.org/wiki/Otto_Roehm","medalist_name":"Otto Roehm","medal":"gold","delegation_wikidata_id":"Q1350274","delegation_link":"https://en.wikipedia.org/wiki/United_States_at_the_1904_Summer_Olympics","delegation_name":"United States at the 1904 Summer Olympics","country_medal_wikidata_id":"Q30","country_medal":"United States","country_medal_code2":"US","country_medal_code3":"USA","country_medal_ioc_country_code":"USA","date_of_birth":"1882-08-02","place_of_birth_wikidata_id":"Q133116","place_of_birth":"Hamilton","place_of_birth_located_in_wikidata_id":"Q1904","place_of_birth_located_in":"Ontario","place_of_birth_coordinates":"43.256666666667,-79.869166666667","sex_or_gender_wikidata_id":"Q6581097","sex_or_gender":"male","event_wikidata_id":"Q859444","event_link":"https://en.wikipedia.org/wiki/Wrestling_at_the_1904_Summer_Olympics_–_Men's_freestyle_lightweight","event_name":"wrestling at the 1904 Summer Olympics – men's freestyle lightweight","event_part_of_wikidata_id":"Q803977","event_part_of":"wrestling at the 1904 Summer Olympics","event_sport_wikidata_id":"Q327223","event_sport":"freestyle wrestling","sport_wikidata_id":"Q327223","sport":"freestyle wrestling","source_page":"https://en.wikipedia.org/wiki/List_of_1904_Summer_Olympics_medal_winners","source_kind":"layers-derived-wikipedia-wikidata"}},{"type":"Feature","id":"olympic-medals-birthplace-1904-a14fad41f2402271","geometry":{"type":"Point","coordinates":[-74.00611111111111,40.71277777777778]},"properties":{"year":1904,"medalist_wikidata_id":"Q1809415","medalist_link":"https://en.wikipedia.org/wiki/Rudolph_Tesing","medalist_name":"Rudolph Tesing","medal":"silver","delegation_wikidata_id":"Q1350274","delegation_link":"https://en.wikipedia.org/wiki/United_States_at_the_1904_Summer_Olympics","delegation_name":"United States at the 1904 Summer Olympics","country_medal_wikidata_id":"Q30","country_medal":"United States","country_medal_code2":"US","country_medal_code3":"USA","country_medal_ioc_country_code":"USA","date_of_birth":"1881-02-04","place_of_birth_wikidata_id":"Q60","place_of_birth":"New York City","place_of_birth_located_in_wikidata_id":"Q1384","place_of_birth_located_in":"New York","place_of_birth_coordinates":"40.71277777777778,-74.00611111111111","sex_or_gender_wikidata_id":"Q6581097","sex_or_gender":"male","event_wikidata_id":"Q859444","event_link":"https://en.wikipedia.org/wiki/Wrestling_at_the_1904_Summer_Olympics_–_Men's_freestyle_lightweight","event_name":"wrestling at the 1904 Summer Olympics – men's freestyle lightweight","event_part_of_wikidata_id":"Q803977","event_part_of":"wrestling at the 1904 Summer Olympics","event_sport_wikidata_id":"Q327223","event_sport":"freestyle wrestling","sport_wikidata_id":"Q327223","sport":"freestyle wrestling","source_page":"https://en.wikipedia.org/wiki/List_of_1904_Summer_Olympics_medal_winners","source_kind":"layers-derived-wikipedia-wikidata"}},{"type":"Feature","id":"olympic-medals-birthplace-1904-fcc3a1e2b9b26daa","geometry":{"type":"Point","coordinates":[-74.17222222222222,40.73555555555556]},"properties":{"year":1904,"medalist_wikidata_id":"Q1809374","medalist_link":"https://en.wikipedia.org/wiki/Albert_Zirkel","medalist_name":"Albert Zirkel","medal":"bronze","delegation_wikidata_id":"Q1350274","delegation_link":"https://en.wikipedia.org/wiki/United_States_at_the_1904_Summer_Olympics","delegation_name":"United States at the 1904 Summer Olympics","country_medal_wikidata_id":"Q30","country_medal":"United States","country_medal_code2":"US","country_medal_code3":"USA","country_medal_ioc_country_code":"USA","date_of_birth":"1884-10-23","place_of_birth_wikidata_id":"Q25395","place_of_birth":"Newark","place_of_birth_located_in_wikidata_id":"Q128077","place_of_birth_located_in":"Essex County","place_of_birth_coordinates":"40.73555555555556,-74.17222222222222","sex_or_gender_wikidata_id":"Q6581097","sex_or_gender":"male","event_wikidata_id":"Q859444","event_link":"https://en.wikipedia.org/wiki/Wrestling_at_the_1904_Summer_Olympics_–_Men's_freestyle_lightweight","event_name":"wrestling at the 1904 Summer Olympics – men's freestyle lightweight","event_part_of_wikidata_id":"Q803977","event_part_of":"wrestling at the 1904 Summer Olympics","event_sport_wikidata_id":"Q327223","event_sport":"freestyle wrestling","sport_wikidata_id":"Q327223","sport":"freestyle wrestling","source_page":"https://en.wikipedia.org/wiki/List_of_1904_Summer_Olympics_medal_winners","source_kind":"layers-derived-wikipedia-wikidata"}},{"type":"Feature","id":"olympic-medals-birthplace-1904-7b405900bec25a87","geometry":{"type":"Point","coordinates":[10.42361111111111,59.29805555555556]},"properties":{"year":1904,"medalist_wikidata_id":"Q45950","medalist_link":"https://en.wikipedia.org/wiki/Charles_Ericksen","medalist_name":"Charles Ericksen","medal":"gold","delegation_wikidata_id":"Q15715581","delegation_link":"https://en.wikipedia.org/wiki/Norway_at_the_1904_Summer_Olympics","delegation_name":"Norway at the Games of the III Olympiad","country_medal_wikidata_id":"Q20","country_medal":"Norway","country_medal_code2":"NO","country_medal_code3":"NOR","country_medal_ioc_country_code":"NOR","date_of_birth":"1875-06-20","place_of_birth_wikidata_id":"Q107392","place_of_birth":"Tønsberg","place_of_birth_located_in_wikidata_id":"Q50619","place_of_birth_located_in":"Vestfold","place_of_birth_coordinates":"59.29805555555556,10.42361111111111","sex_or_gender_wikidata_id":"Q6581097","sex_or_gender":"male","event_wikidata_id":"Q859597","event_link":"https://en.wikipedia.org/wiki/Wrestling_at_the_1904_Summer_Olympics_–_Men's_freestyle_welterweight","event_name":"wrestling at the 1904 Summer Olympics – men's freestyle welterweight","event_part_of_wikidata_id":"Q803977","event_part_of":"wrestling at the 1904 Summer Olympics","event_sport_wikidata_id":"Q327223","event_sport":"freestyle wrestling","sport_wikidata_id":"Q327223","sport":"freestyle wrestling","source_page":"https://en.wikipedia.org/wiki/List_of_1904_Summer_Olympics_medal_winners","source_kind":"layers-derived-wikipedia-wikidata"}},{"type":"Feature","id":"olympic-medals-birthplace-1904-534c3fb2603f1b1b","geometry":{"type":"Point","coordinates":[-100.89583333333,29.370833333333]},"properties":{"year":1904,"medalist_wikidata_id":"Q134248710","medalist_link":"https://en.wikipedia.org/wiki/William_Beckmann","medalist_name":"William Beckmann","medal":"silver","delegation_wikidata_id":"Q1350274","delegation_link":"https://en.wikipedia.org/wiki/United_States_at_the_1904_Summer_Olympics","delegation_name":"United States at the 1904 Summer Olympics","country_medal_wikidata_id":"Q30","country_medal":"United States","country_medal_code2":"US","country_medal_code3":"USA","country_medal_ioc_country_code":"USA","date_of_birth":null,"place_of_birth_wikidata_id":"Q970792","place_of_birth":"Del Rio","place_of_birth_located_in_wikidata_id":"Q26730","place_of_birth_located_in":"Val Verde County","place_of_birth_coordinates":"29.370833333333,-100.89583333333","sex_or_gender_wikidata_id":"Q6581097","sex_or_gender":"male","event_wikidata_id":"Q859597","event_link":"https://en.wikipedia.org/wiki/Wrestling_at_the_1904_Summer_Olympics_–_Men's_freestyle_welterweight","event_name":"wrestling at the 1904 Summer Olympics – men's freestyle welterweight","event_part_of_wikidata_id":"Q803977","event_part_of":"wrestling at the 1904 Summer Olympics","event_sport_wikidata_id":"Q327223","event_sport":"freestyle wrestling","sport_wikidata_id":"Q327223","sport":"freestyle wrestling","source_page":"https://en.wikipedia.org/wiki/List_of_1904_Summer_Olympics_medal_winners","source_kind":"layers-derived-wikipedia-wikidata"}},{"type":"Feature","id":"olympic-medals-birthplace-1904-0f1f7a73e02a0529","geometry":{"type":"Point","coordinates":[-91.551111111111,40.966944444444]},"properties":{"year":1904,"medalist_wikidata_id":"Q2445943","medalist_link":"https://en.wikipedia.org/wiki/Jerry_Winholtz","medalist_name":"Jerry Winholtz","medal":"bronze","delegation_wikidata_id":"Q1350274","delegation_link":"https://en.wikipedia.org/wiki/United_States_at_the_1904_Summer_Olympics","delegation_name":"United States at the 1904 Summer Olympics","country_medal_wikidata_id":"Q30","country_medal":"United States","country_medal_code2":"US","country_medal_code3":"USA","country_medal_ioc_country_code":"USA","date_of_birth":"1874-08-05","place_of_birth_wikidata_id":"Q613167","place_of_birth":"Mount Pleasant","place_of_birth_located_in_wikidata_id":"Q178281","place_of_birth_located_in":"Henry County","place_of_birth_coordinates":"40.966944444444,-91.551111111111","sex_or_gender_wikidata_id":"Q6581097","sex_or_gender":"male","event_wikidata_id":"Q859597","event_link":"https://en.wikipedia.org/wiki/Wrestling_at_the_1904_Summer_Olympics_–_Men's_freestyle_welterweight","event_name":"wrestling at the 1904 Summer Olympics – men's freestyle welterweight","event_part_of_wikidata_id":"Q803977","event_part_of":"wrestling at the 1904 Summer Olympics","event_sport_wikidata_id":"Q327223","event_sport":"freestyle wrestling","sport_wikidata_id":"Q327223","sport":"freestyle wrestling","source_page":"https://en.wikipedia.org/wiki/List_of_1904_Summer_Olympics_medal_winners","source_kind":"layers-derived-wikipedia-wikidata"}},{"type":"Feature","id":"olympic-medals-birthplace-1904-0832a8ebe8e0864c","geometry":{"type":"Point","coordinates":[15.56,66.92]},"properties":{"year":1904,"medalist_wikidata_id":"Q1804533","medalist_link":"https://en.wikipedia.org/wiki/Bernhoff_Hansen","medalist_name":"Bernhoff Hansen","medal":"gold","delegation_wikidata_id":"Q15715581","delegation_link":"https://en.wikipedia.org/wiki/Norway_at_the_1904_Summer_Olympics","delegation_name":"Norway at the Games of the III Olympiad","country_medal_wikidata_id":"Q20","country_medal":"Norway","country_medal_code2":"NO","country_medal_code3":"NOR","country_medal_ioc_country_code":"NOR","date_of_birth":"1877-08-17","place_of_birth_wikidata_id":"Q48880","place_of_birth":"Saltdal Municipality","place_of_birth_located_in_wikidata_id":"Q50630","place_of_birth_located_in":"Nordland","place_of_birth_coordinates":"66.92,15.56","sex_or_gender_wikidata_id":"Q6581097","sex_or_gender":"male","event_wikidata_id":"Q860195","event_link":"https://en.wikipedia.org/wiki/Wrestling_at_the_1904_Summer_Olympics_–_Men's_freestyle_heavyweight","event_name":"wrestling at the 1904 Summer Olympics – men's freestyle heavyweight","event_part_of_wikidata_id":"Q803977","event_part_of":"wrestling at the 1904 Summer Olympics","event_sport_wikidata_id":"Q327223","event_sport":"freestyle wrestling","sport_wikidata_id":"Q327223","sport":"freestyle wrestling","source_page":"https://en.wikipedia.org/wiki/List_of_1904_Summer_Olympics_medal_winners","source_kind":"layers-derived-wikipedia-wikidata"}},{"type":"Feature","id":"olympic-medals-birthplace-1904-dd6b4f5419c2be46","geometry":{"type":"Point","coordinates":[13.376111111111111,52.51861111111111]},"properties":{"year":1904,"medalist_wikidata_id":"Q63257","medalist_link":"https://en.wikipedia.org/wiki/Frank_Kugler","medalist_name":"Frank Kugler","medal":"silver","delegation_wikidata_id":"Q143137","delegation_link":"https://en.wikipedia.org/wiki/Germany_at_the_1904_Summer_Olympics","delegation_name":"Germany at the 1904 Summer Olympics","country_medal_wikidata_id":"Q1206012","country_medal":"German Reich","country_medal_code2":null,"country_medal_code3":null,"country_medal_ioc_country_code":null,"date_of_birth":"1879-03-29","place_of_birth_wikidata_id":"Q43287","place_of_birth":"German Empire","place_of_birth_located_in_wikidata_id":null,"place_of_birth_located_in":null,"place_of_birth_coordinates":"52.51861111111111,13.376111111111111","sex_or_gender_wikidata_id":"Q6581097","sex_or_gender":"male","event_wikidata_id":"Q860195","event_link":"https://en.wikipedia.org/wiki/Wrestling_at_the_1904_Summer_Olympics_–_Men's_freestyle_heavyweight","event_name":"wrestling at the 1904 Summer Olympics – men's freestyle heavyweight","event_part_of_wikidata_id":"Q803977","event_part_of":"wrestling at the 1904 Summer Olympics","event_sport_wikidata_id":"Q327223","event_sport":"freestyle wrestling","sport_wikidata_id":"Q327223","sport":"freestyle wrestling","source_page":"https://en.wikipedia.org/wiki/List_of_1904_Summer_Olympics_medal_winners","source_kind":"layers-derived-wikipedia-wikidata"}},{"type":"Feature","id":"olympic-medals-birthplace-1904-902263e54d5095b4","geometry":{"type":"Point","coordinates":[-90.19944444444444,38.62638888888889]},"properties":{"year":1904,"medalist_wikidata_id":"Q3440886","medalist_link":"https://en.wikipedia.org/wiki/Fred_Warmbold","medalist_name":"Fred Warmbold","medal":"bronze","delegation_wikidata_id":"Q1350274","delegation_link":"https://en.wikipedia.org/wiki/United_States_at_the_1904_Summer_Olympics","delegation_name":"United States at the 1904 Summer Olympics","country_medal_wikidata_id":"Q30","country_medal":"United States","country_medal_code2":"US","country_medal_code3":"USA","country_medal_ioc_country_code":"USA","date_of_birth":"1875-09-18","place_of_birth_wikidata_id":"Q38022","place_of_birth":"St. Louis","place_of_birth_located_in_wikidata_id":"Q1581","place_of_birth_located_in":"Missouri","place_of_birth_coordinates":"38.62638888888889,-90.19944444444444","sex_or_gender_wikidata_id":"Q6581097","sex_or_gender":"male","event_wikidata_id":"Q860195","event_link":"https://en.wikipedia.org/wiki/Wrestling_at_the_1904_Summer_Olympics_–_Men's_freestyle_heavyweight","event_name":"wrestling at the 1904 Summer Olympics – men's freestyle heavyweight","event_part_of_wikidata_id":"Q803977","event_part_of":"wrestling at the 1904 Summer Olympics","event_sport_wikidata_id":"Q327223","event_sport":"freestyle wrestling","sport_wikidata_id":"Q327223","sport":"freestyle wrestling","source_page":"https://en.wikipedia.org/wiki/List_of_1904_Summer_Olympics_medal_winners","source_kind":"layers-derived-wikipedia-wikidata"}}]}
