year,medalist_wikidata_id,medalist_link,medalist_name,medal,delegation_wikidata_id,delegation_link,delegation_name,country_medal_wikidata_id,country_medal,country_medal_code2,country_medal_code3,country_medal_ioc_country_code,date_of_birth,place_of_birth_wikidata_id,place_of_birth,place_of_birth_located_in_wikidata_id,place_of_birth_located_in,place_of_birth_coordinates,lat,lon,sex_or_gender_wikidata_id,sex_or_gender,event_wikidata_id,event_link,event_name,event_part_of_wikidata_id,event_part_of,event_sport_wikidata_id,event_sport,sport_wikidata_id,sport,source_page,source_kind
1904,Q1370769,https://en.wikipedia.org/wiki/George_Bryant_(archer),Phil Bryant,gold,Q1350274,https://en.wikipedia.org/wiki/United_States_at_the_1904_Summer_Olympics,United States at the 1904 Summer Olympics,Q30,United States,US,USA,USA,1878-02-22,Q54143,Melrose,Q54073,Middlesex County,"42.458333333333,-71.066666666667",42.458333333333,-71.066666666667,Q6581097,male,Q861234,https://en.wikipedia.org/wiki/Archery_at_the_1904_Summer_Olympics_–_Men's_double_York_round,archery at the 1904 Summer Olympics – men's double York round,Q385007,archery at the 1904 Summer Olympics,Q108429,archery,Q108429,archery,https://en.wikipedia.org/wiki/List_of_1904_Summer_Olympics_medal_winners,layers-derived-wikipedia-wikidata
1904,Q1387453,https://en.wikipedia.org/wiki/Robert_Williams_(archer),Robert Williams,silver,Q1350274,https://en.wikipedia.org/wiki/United_States_at_the_1904_Summer_Olympics,United States at the 1904 Summer Olympics,Q30,United States,US,USA,USA,1841-01-24,Q494121,Franklin County,Q1400,Pennsylvania,"39.93,-77.72",39.93,-77.72,Q6581097,male,Q861234,https://en.wikipedia.org/wiki/Archery_at_the_1904_Summer_Olympics_–_Men's_double_York_round,archery at the 1904 Summer Olympics – men's double York round,Q385007,archery at the 1904 Summer Olympics,Q108429,archery,Q108429,archery,https://en.wikipedia.org/wiki/List_of_1904_Summer_Olympics_medal_winners,layers-derived-wikipedia-wikidata
1904,Q605844,https://en.wikipedia.org/wiki/William_Thompson_(archer),William Thompson,bronze,Q1350274,https://en.wikipedia.org/wiki/United_States_at_the_1904_Summer_Olympics,United States at the 1904 Summer Olympics,Q30,United States,US,USA,USA,1848-03-10,Q1022996,Calhoun,Q200696,Gordon County,"34.5,-84.9425",34.5,-84.9425,Q6581097,male,Q861234,https://en.wikipedia.org/wiki/Archery_at_the_1904_Summer_Olympics_–_Men's_double_York_round,archery at the 1904 Summer Olympics – men's double York round,Q385007,archery at the 1904 Summer Olympics,Q108429,archery,Q108429,archery,https://en.wikipedia.org/wiki/List_of_1904_Summer_Olympics_medal_winners,layers-derived-wikipedia-wikidata
1904,Q1370769,https://en.wikipedia.org/wiki/George_Bryant_(archer),Phil Bryant,gold,Q1350274,https://en.wikipedia.org/wiki/United_States_at_the_1904_Summer_Olympics,United States at the 1904 Summer Olympics,Q30,United States,US,USA,USA,1878-02-22,Q54143,Melrose,Q54073,Middlesex County,"42.458333333333,-71.066666666667",42.458333333333,-71.066666666667,Q6581097,male,Q861266,https://en.wikipedia.org/wiki/Archery_at_the_1904_Summer_Olympics_–_Men's_double_American_round,archery at the 1904 Summer Olympics – men's double American round,Q385007,archery at the 1904 Summer Olympics,Q108429,archery,Q108429,archery,https://en.wikipedia.org/wiki/List_of_1904_Summer_Olympics_medal_winners,layers-derived-wikipedia-wikidata
1904,Q1387453,https://en.wikipedia.org/wiki/Robert_Williams_(archer),Robert Williams,silver,Q1350274,https://en.wikipedia.org/wiki/United_States_at_the_1904_Summer_Olympics,United States at the 1904 Summer Olympics,Q30,United States,US,USA,USA,1841-01-24,Q494121,Franklin County,Q1400,Pennsylvania,"39.93,-77.72",39.93,-77.72,Q6581097,male,Q861266,https://en.wikipedia.org/wiki/Archery_at_the_1904_Summer_Olympics_–_Men's_double_American_round,archery at the 1904 Summer Olympics – men's double American round,Q385007,archery at the 1904 Summer Olympics,Q108429,archery,Q108429,archery,https://en.wikipedia.org/wiki/List_of_1904_Summer_Olympics_medal_winners,layers-derived-wikipedia-wikidata
1904,Q605844,https://en.wikipedia.org/wiki/William_Thompson_(archer),William Thompson,bronze,Q1350274,https://en.wikipedia.org/wiki/United_States_at_the_1904_Summer_Olympics,United States at the 1904 Summer Olympics,Q30,United States,US,USA,USA,1848-03-10,Q1022996,Calhoun,Q200696,Gordon County,"34.5,-84.9425",34.5,-84.9425,Q6581097,male,Q861266,https://en.wikipedia.org/wiki/Archery_at_the_1904_Summer_Olympics_–_Men's_double_American_round,archery at the 1904 Summer Olympics – men's double American round,Q385007,archery at the 1904 Summer Olympics,Q108429,archery,Q108429,archery,https://en.wikipedia.org/wiki/List_of_1904_Summer_Olympics_medal_winners,layers-derived-wikipedia-wikidata
1904,Q605844,https://en.wikipedia.org/wiki/William_Thompson_(archer),William Thompson,gold,Q1350274,https://en.wikipedia.org/wiki/United_States_at_the_1904_Summer_Olympics,United States at the 1904 Summer Olympics,Q30,United States,US,USA,USA,1848-03-10,Q1022996,Calhoun,Q200696,Gordon County,"34.5,-84.9425",34.5,-84.9425,Q6581097,male,Q861276,https://en.wikipedia.org/wiki/Archery_at_the_1904_Summer_Olympics_–_Men's_team_round,archery at the 1904 Summer Olympics – men's team round,Q385007,archery at the 1904 Summer Olympics,Q108429,archery,Q108429,archery,https://en.wikipedia.org/wiki/List_of_1904_Summer_Olympics_medal_winners,layers-derived-wikipedia-wikidata
1904,Q1387453,https://en.wikipedia.org/wiki/Robert_Williams_(archer),Robert Williams,gold,Q1350274,https://en.wikipedia.org/wiki/United_States_at_the_1904_Summer_Olympics,United States at the 1904 Summer Olympics,Q30,United States,US,USA,USA,1841-01-24,Q494121,Franklin County,Q1400,Pennsylvania,"39.93,-77.72",39.93,-77.72,Q6581097,male,Q861276,https://en.wikipedia.org/wiki/Archery_at_the_1904_Summer_Olympics_–_Men's_team_round,archery at the 1904 Summer Olympics – men's team round,Q385007,archery at the 1904 Summer Olympics,Q108429,archery,Q108429,archery,https://en.wikipedia.org/wiki/List_of_1904_Summer_Olympics_medal_winners,layers-derived-wikipedia-wikidata
1904,Q934760,https://en.wikipedia.org/wiki/Louis_Maxson,Louis Maxson,gold,Q1350274,https://en.wikipedia.org/wiki/United_States_at_the_1904_Summer_Olympics,United States at the 1904 Summer Olympics,Q30,United States,US,USA,USA,1855-07-02,Q156177,Amador County,Q99,California,"38.44,-120.66",38.44,-120.66,Q6581097,male,Q861276,https://en.wikipedia.org/wiki/Archery_at_the_1904_Summer_Olympics_–_Men's_team_round,archery at the 1904 Summer Olympics – men's team round,Q385007,archery at the 1904 Summer Olympics,Q108429,archery,Q108429,archery,https://en.wikipedia.org/wiki/List_of_1904_Summer_Olympics_medal_winners,layers-derived-wikipedia-wikidata
1904,Q1387506,https://en.wikipedia.org/wiki/Galen_Spencer,Galen Spencer,gold,Q1350274,https://en.wikipedia.org/wiki/United_States_at_the_1904_Summer_Olympics,United States at the 1904 Summer Olympics,Q30,United States,US,USA,USA,1840-09-19,Q60,New York City,Q1384,New York,"40.71277777777778,-74.00611111111111",40.71277777777778,-74.00611111111111,Q6581097,male,Q861276,https://en.wikipedia.org/wiki/Archery_at_the_1904_Summer_Olympics_–_Men's_team_round,archery at the 1904 Summer Olympics – men's team round,Q385007,archery at the 1904 Summer Olympics,Q108429,archery,Q108429,archery,https://en.wikipedia.org/wiki/List_of_1904_Summer_Olympics_medal_winners,layers-derived-wikipedia-wikidata
1904,Q1066499,https://en.wikipedia.org/wiki/Charles_Woodruff_(archer),Charles Woodruff,silver,Q1350274,https://en.wikipedia.org/wiki/United_States_at_the_1904_Summer_Olympics,United States at the 1904 Summer Olympics,Q30,United States,US,USA,USA,1846-08-15,Q43196,Cincinnati,Q152891,Hamilton County,"39.1,-84.5125",39.1,-84.5125,Q6581097,male,Q861276,https://en.wikipedia.org/wiki/Archery_at_the_1904_Summer_Olympics_–_Men's_team_round,archery at the 1904 Summer Olympics – men's team round,Q385007,archery at the 1904 Summer Olympics,Q108429,archery,Q108429,archery,https://en.wikipedia.org/wiki/List_of_1904_Summer_Olympics_medal_winners,layers-derived-wikipedia-wikidata
1904,Q934677,https://en.wikipedia.org/wiki/William_Clark_(archer),William Clark,silver,Q1350274,https://en.wikipedia.org/wiki/United_States_at_the_1904_Summer_Olympics,United States at the 1904 Summer Olympics,Q30,United States,US,USA,USA,1842-03-01,Q43196,Cincinnati,Q152891,Hamilton County,"39.1,-84.5125",39.1,-84.5125,Q6581097,male,Q861276,https://en.wikipedia.org/wiki/Archery_at_the_1904_Summer_Olympics_–_Men's_team_round,archery at the 1904 Summer Olympics – men's team round,Q385007,archery at the 1904 Summer Olympics,Q108429,archery,Q108429,archery,https://en.wikipedia.org/wiki/List_of_1904_Summer_Olympics_medal_winners,layers-derived-wikipedia-wikidata
1904,Q934719,https://en.wikipedia.org/wiki/Charles_Hubbard_(archer),Charles Hubbard,silver,Q1350274,https://en.wikipedia.org/wiki/United_States_at_the_1904_Summer_Olympics,United States at the 1904 Summer Olympics,Q30,United States,US,USA,USA,1849-08-20,Q43196,Cincinnati,Q152891,Hamilton County,"39.1,-84.5125",39.1,-84.5125,Q6581097,male,Q861276,https://en.wikipedia.org/wiki/Archery_at_the_1904_Summer_Olympics_–_Men's_team_round,archery at the 1904 Summer Olympics – men's team round,Q385007,archery at the 1904 Summer Olympics,Q108429,archery,Q108429,archery,https://en.wikipedia.org/wiki/List_of_1904_Summer_Olympics_medal_winners,layers-derived-wikipedia-wikidata
1904,Q634153,https://en.wikipedia.org/wiki/Samuel_Duvall,Samuel Duvall,silver,Q1350274,https://en.wikipedia.org/wiki/United_States_at_the_1904_Summer_Olympics,United States at the 1904 Summer Olympics,Q30,United States,US,USA,USA,1836-03-11,Q577351,Liberty,Q507308,Union County,"39.6358,-84.9289",39.6358,-84.9289,Q6581097,male,Q861276,https://en.wikipedia.org/wiki/Archery_at_the_1904_Summer_Olympics_–_Men's_team_round,archery at the 1904 Summer Olympics – men's team round,Q385007,archery at the 1904 Summer Olympics,Q108429,archery,Q108429,archery,https://en.wikipedia.org/wiki/List_of_1904_Summer_Olympics_medal_winners,layers-derived-wikipedia-wikidata
1904,Q1370769,https://en.wikipedia.org/wiki/George_Bryant_(archer),Phil Bryant,bronze,Q1350274,https://en.wikipedia.org/wiki/United_States_at_the_1904_Summer_Olympics,United States at the 1904 Summer Olympics,Q30,United States,US,USA,USA,1878-02-22,Q54143,Melrose,Q54073,Middlesex County,"42.458333333333,-71.066666666667",42.458333333333,-71.066666666667,Q6581097,male,Q861276,https://en.wikipedia.org/wiki/Archery_at_the_1904_Summer_Olympics_–_Men's_team_round,archery at the 1904 Summer Olympics – men's team round,Q385007,archery at the 1904 Summer Olympics,Q108429,archery,Q108429,archery,https://en.wikipedia.org/wiki/List_of_1904_Summer_Olympics_medal_winners,layers-derived-wikipedia-wikidata
1904,Q1387424,https://en.wikipedia.org/wiki/Wallace_Bryant_(archer),Wallace Bryant,bronze,Q1350274,https://en.wikipedia.org/wiki/United_States_at_the_1904_Summer_Olympics,United States at the 1904 Summer Olympics,Q30,United States,US,USA,USA,1863-12-19,Q54143,Melrose,Q54073,Middlesex County,"42.458333333333,-71.066666666667",42.458333333333,-71.066666666667,Q6581097,male,Q861276,https://en.wikipedia.org/wiki/Archery_at_the_1904_Summer_Olympics_–_Men's_team_round,archery at the 1904 Summer Olympics – men's team round,Q385007,archery at the 1904 Summer Olympics,Q108429,archery,Q108429,archery,https://en.wikipedia.org/wiki/List_of_1904_Summer_Olympics_medal_winners,layers-derived-wikipedia-wikidata
1904,Q1148931,https://en.wikipedia.org/wiki/Cyrus_Edwin_Dallin,Cyrus Edwin Dallin,bronze,Q1350274,https://en.wikipedia.org/wiki/United_States_at_the_1904_Summer_Olympics,United States at the 1904 Summer Olympics,Q30,United States,US,USA,USA,1861-11-22,Q482879,Springville,Q27229,Utah County,"40.1628,-111.604",40.1628,-111.604,Q6581097,male,Q861276,https://en.wikipedia.org/wiki/Archery_at_the_1904_Summer_Olympics_–_Men's_team_round,archery at the 1904 Summer Olympics – men's team round,Q385007,archery at the 1904 Summer Olympics,Q108429,archery,Q108429,archery,https://en.wikipedia.org/wiki/List_of_1904_Summer_Olympics_medal_winners,layers-derived-wikipedia-wikidata
1904,Q948579,https://en.wikipedia.org/wiki/Henry_B._Richardson,Henry B. Richardson,bronze,Q1350274,https://en.wikipedia.org/wiki/United_States_at_the_1904_Summer_Olympics,United States at the 1904 Summer Olympics,Q30,United States,US,USA,USA,1889-05-19,Q100,Boston,Q54072,Suffolk County,"42.360277777777775,-71.05777777777777",42.360277777777775,-71.05777777777777,Q6581097,male,Q861276,https://en.wikipedia.org/wiki/Archery_at_the_1904_Summer_Olympics_–_Men's_team_round,archery at the 1904 Summer Olympics – men's team round,Q385007,archery at the 1904 Summer Olympics,Q108429,archery,Q108429,archery,https://en.wikipedia.org/wiki/List_of_1904_Summer_Olympics_medal_winners,layers-derived-wikipedia-wikidata
1904,Q262383,https://en.wikipedia.org/wiki/Matilda_Howell,Lida Howell,gold,Q1350274,https://en.wikipedia.org/wiki/United_States_at_the_1904_Summer_Olympics,United States at the 1904 Summer Olympics,Q30,United States,US,USA,USA,1859-08-28,Q986776,Lebanon,Q489576,Warren County,"39.426666666667,-84.2125",39.426666666667,-84.2125,Q6581072,female,Q861257,https://en.wikipedia.org/wiki/Archery_at_the_1904_Summer_Olympics_–_Women's_double_National_round,archery at the 1904 Summer Olympics – women's double National round,Q385007,archery at the 1904 Summer Olympics,Q108429,archery,Q108429,archery,https://en.wikipedia.org/wiki/List_of_1904_Summer_Olympics_medal_winners,layers-derived-wikipedia-wikidata
1904,Q442867,https://en.wikipedia.org/wiki/Emma_Cooke,Emma Cooke,silver,Q1350274,https://en.wikipedia.org/wiki/United_States_at_the_1904_Summer_Olympics,United States at the 1904 Summer Olympics,Q30,United States,US,USA,USA,1848-09-07,Q1133140,Fayetteville,Q494121,Franklin County,"39.911944444444,-77.563611111111",39.911944444444,-77.563611111111,Q6581072,female,Q861257,https://en.wikipedia.org/wiki/Archery_at_the_1904_Summer_Olympics_–_Women's_double_National_round,archery at the 1904 Summer Olympics – women's double National round,Q385007,archery at the 1904 Summer Olympics,Q108429,archery,Q108429,archery,https://en.wikipedia.org/wiki/List_of_1904_Summer_Olympics_medal_winners,layers-derived-wikipedia-wikidata
1904,Q459379,https://en.wikipedia.org/wiki/Jessie_Pollock,Eliza Pollock,bronze,Q1350274,https://en.wikipedia.org/wiki/United_States_at_the_1904_Summer_Olympics,United States at the 1904 Summer Olympics,Q30,United States,US,USA,USA,1840-10-24,Q852673,Hamilton,Q485561,Butler County,"39.395833333333,-84.565",39.395833333333,-84.565,Q6581072,female,Q861257,https://en.wikipedia.org/wiki/Archery_at_the_1904_Summer_Olympics_–_Women's_double_National_round,archery at the 1904 Summer Olympics – women's double National round,Q385007,archery at the 1904 Summer Olympics,Q108429,archery,Q108429,archery,https://en.wikipedia.org/wiki/List_of_1904_Summer_Olympics_medal_winners,layers-derived-wikipedia-wikidata
1904,Q262383,https://en.wikipedia.org/wiki/Matilda_Howell,Lida Howell,gold,Q1350274,https://en.wikipedia.org/wiki/United_States_at_the_1904_Summer_Olympics,United States at the 1904 Summer Olympics,Q30,United States,US,USA,USA,1859-08-28,Q986776,Lebanon,Q489576,Warren County,"39.426666666667,-84.2125",39.426666666667,-84.2125,Q6581072,female,Q861285,https://en.wikipedia.org/wiki/Archery_at_the_1904_Summer_Olympics_–_Women's_double_Columbia_round,archery at the 1904 Summer Olympics – women's double Columbia round,Q385007,archery at the 1904 Summer Olympics,Q108429,archery,Q108429,archery,https://en.wikipedia.org/wiki/List_of_1904_Summer_Olympics_medal_winners,layers-derived-wikipedia-wikidata
1904,Q442867,https://en.wikipedia.org/wiki/Emma_Cooke,Emma Cooke,silver,Q1350274,https://en.wikipedia.org/wiki/United_States_at_the_1904_Summer_Olympics,United States at the 1904 Summer Olympics,Q30,United States,US,USA,USA,1848-09-07,Q1133140,Fayetteville,Q494121,Franklin County,"39.911944444444,-77.563611111111",39.911944444444,-77.563611111111,Q6581072,female,Q861285,https://en.wikipedia.org/wiki/Archery_at_the_1904_Summer_Olympics_–_Women's_double_Columbia_round,archery at the 1904 Summer Olympics – women's double Columbia round,Q385007,archery at the 1904 Summer Olympics,Q108429,archery,Q108429,archery,https://en.wikipedia.org/wiki/List_of_1904_Summer_Olympics_medal_winners,layers-derived-wikipedia-wikidata
1904,Q459379,https://en.wikipedia.org/wiki/Jessie_Pollock,Eliza Pollock,bronze,Q1350274,https://en.wikipedia.org/wiki/United_States_at_the_1904_Summer_Olympics,United States at the 1904 Summer Olympics,Q30,United States,US,USA,USA,1840-10-24,Q852673,Hamilton,Q485561,Butler County,"39.395833333333,-84.565",39.395833333333,-84.565,Q6581072,female,Q861285,https://en.wikipedia.org/wiki/Archery_at_the_1904_Summer_Olympics_–_Women's_double_Columbia_round,archery at the 1904 Summer Olympics – women's double Columbia round,Q385007,archery at the 1904 Summer Olympics,Q108429,archery,Q108429,archery,https://en.wikipedia.org/wiki/List_of_1904_Summer_Olympics_medal_winners,layers-derived-wikipedia-wikidata
1904,Q262383,https://en.wikipedia.org/wiki/Matilda_Howell,Lida Howell,gold,Q1350274,https://en.wikipedia.org/wiki/United_States_at_the_1904_Summer_Olympics,United States at the 1904 Summer Olympics,Q30,United States,US,USA,USA,1859-08-28,Q986776,Lebanon,Q489576,Warren County,"39.426666666667,-84.2125",39.426666666667,-84.2125,Q6581072,female,Q861243,https://en.wikipedia.org/wiki/Archery_at_the_1904_Summer_Olympics_–_Women's_team_round,archery at the 1904 Summer Olympics – women's team round,Q385007,archery at the 1904 Summer Olympics,Q108429,archery,Q108429,archery,https://en.wikipedia.org/wiki/List_of_1904_Summer_Olympics_medal_winners,layers-derived-wikipedia-wikidata
1904,Q459379,https://en.wikipedia.org/wiki/Jessie_Pollock,Eliza Pollock,gold,Q1350274,https://en.wikipedia.org/wiki/United_States_at_the_1904_Summer_Olympics,United States at the 1904 Summer Olympics,Q30,United States,US,USA,USA,1840-10-24,Q852673,Hamilton,Q485561,Butler County,"39.395833333333,-84.565",39.395833333333,-84.565,Q6581072,female,Q861243,https://en.wikipedia.org/wiki/Archery_at_the_1904_Summer_Olympics_–_Women's_team_round,archery at the 1904 Summer Olympics – women's team round,Q385007,archery at the 1904 Summer Olympics,Q108429,archery,Q108429,archery,https://en.wikipedia.org/wiki/List_of_1904_Summer_Olympics_medal_winners,layers-derived-wikipedia-wikidata
1904,Q299590,https://en.wikipedia.org/wiki/Laura_Woodruff,Emily Woodruff,gold,Q1350274,https://en.wikipedia.org/wiki/United_States_at_the_1904_Summer_Olympics,United States at the 1904 Summer Olympics,Q30,United States,US,USA,USA,1846-04-19,Q43196,Cincinnati,Q152891,Hamilton County,"39.1,-84.5125",39.1,-84.5125,Q6581072,female,Q861243,https://en.wikipedia.org/wiki/Archery_at_the_1904_Summer_Olympics_–_Women's_team_round,archery at the 1904 Summer Olympics – women's team round,Q385007,archery at the 1904 Summer Olympics,Q108429,archery,Q108429,archery,https://en.wikipedia.org/wiki/List_of_1904_Summer_Olympics_medal_winners,layers-derived-wikipedia-wikidata
1904,Q293373,https://en.wikipedia.org/wiki/Leonie_Taylor,Leonie Taylor,gold,Q1350274,https://en.wikipedia.org/wiki/United_States_at_the_1904_Summer_Olympics,United States at the 1904 Summer Olympics,Q30,United States,US,USA,USA,1870-03-00,Q43196,Cincinnati,Q152891,Hamilton County,"39.1,-84.5125",39.1,-84.5125,Q6581072,female,Q861243,https://en.wikipedia.org/wiki/Archery_at_the_1904_Summer_Olympics_–_Women's_team_round,archery at the 1904 Summer Olympics – women's team round,Q385007,archery at the 1904 Summer Olympics,Q108429,archery,Q108429,archery,https://en.wikipedia.org/wiki/List_of_1904_Summer_Olympics_medal_winners,layers-derived-wikipedia-wikidata
1904,Q313195,https://en.wikipedia.org/wiki/Archie_Hahn_(athlete),Archie Hahn,gold,Q1350274,https://en.wikipedia.org/wiki/United_States_at_the_1904_Summer_Olympics,United States at the 1904 Summer Olympics,Q30,United States,US,USA,USA,1880-09-14,Q1013664,Dodgeville,Q501582,Iowa County,"42.963333333333,-90.131111111111",42.963333333333,-90.131111111111,Q6581097,male,Q249223,https://en.wikipedia.org/wiki/Athletics_at_the_1904_Summer_Olympics_–_Men's_60_metres,athletics at the 1904 Summer Olympics – men's 60 metres,Q723599,athletics at the 1904 Summer Olympics,Q542,athletics,Q542,athletics,https://en.wikipedia.org/wiki/List_of_1904_Summer_Olympics_medal_winners,layers-derived-wikipedia-wikidata
1904,Q391707,https://en.wikipedia.org/wiki/William_Hogenson,William Hogenson,silver,Q1350274,https://en.wikipedia.org/wiki/United_States_at_the_1904_Summer_Olympics,United States at the 1904 Summer Olympics,Q30,United States,US,USA,USA,1884-10-26,Q1297,Chicago,Q108418,Cook County,"41.88194444444444,-87.62777777777778",41.88194444444444,-87.62777777777778,Q6581097,male,Q249223,https://en.wikipedia.org/wiki/Athletics_at_the_1904_Summer_Olympics_–_Men's_60_metres,athletics at the 1904 Summer Olympics – men's 60 metres,Q723599,athletics at the 1904 Summer Olympics,Q542,athletics,Q542,athletics,https://en.wikipedia.org/wiki/List_of_1904_Summer_Olympics_medal_winners,layers-derived-wikipedia-wikidata
1904,Q1384705,https://en.wikipedia.org/wiki/Fay_Moulton,Fay Moulton,bronze,Q1350274,https://en.wikipedia.org/wiki/United_States_at_the_1904_Summer_Olympics,United States at the 1904 Summer Olympics,Q30,United States,US,USA,USA,1876-04-07,Q2232382,Marion,Q374765,Marion County,"38.34889,-97.01583",38.34889,-97.01583,Q6581097,male,Q249223,https://en.wikipedia.org/wiki/Athletics_at_the_1904_Summer_Olympics_–_Men's_60_metres,athletics at the 1904 Summer Olympics – men's 60 metres,Q723599,athletics at the 1904 Summer Olympics,Q542,athletics,Q542,athletics,https://en.wikipedia.org/wiki/List_of_1904_Summer_Olympics_medal_winners,layers-derived-wikipedia-wikidata
1904,Q313195,https://en.wikipedia.org/wiki/Archie_Hahn_(athlete),Archie Hahn,gold,Q1350274,https://en.wikipedia.org/wiki/United_States_at_the_1904_Summer_Olympics,United States at the 1904 Summer Olympics,Q30,United States,US,USA,USA,1880-09-14,Q1013664,Dodgeville,Q501582,Iowa County,"42.963333333333,-90.131111111111",42.963333333333,-90.131111111111,Q6581097,male,Q248957,https://en.wikipedia.org/wiki/Athletics_at_the_1904_Summer_Olympics_–_Men's_100_metres,athletics at the 1904 Summer Olympics – men's 100 metres,Q723599,athletics at the 1904 Summer Olympics,Q542,athletics,Q542,athletics,https://en.wikipedia.org/wiki/List_of_1904_Summer_Olympics_medal_winners,layers-derived-wikipedia-wikidata
1904,Q982432,https://en.wikipedia.org/wiki/Nathaniel_Cartmell,Nathaniel Cartmell,silver,Q1350274,https://en.wikipedia.org/wiki/United_States_at_the_1904_Summer_Olympics,United States at the 1904 Summer Olympics,Q30,United States,US,USA,USA,1883-01-13,Q502707,Union County,Q1603,Kentucky,"37.66,-87.95",37.66,-87.95,Q6581097,male,Q248957,https://en.wikipedia.org/wiki/Athletics_at_the_1904_Summer_Olympics_–_Men's_100_metres,athletics at the 1904 Summer Olympics – men's 100 metres,Q723599,athletics at the 1904 Summer Olympics,Q542,athletics,Q542,athletics,https://en.wikipedia.org/wiki/List_of_1904_Summer_Olympics_medal_winners,layers-derived-wikipedia-wikidata
1904,Q391707,https://en.wikipedia.org/wiki/William_Hogenson,William Hogenson,bronze,Q1350274,https://en.wikipedia.org/wiki/United_States_at_the_1904_Summer_Olympics,United States at the 1904 Summer Olympics,Q30,United States,US,USA,USA,1884-10-26,Q1297,Chicago,Q108418,Cook County,"41.88194444444444,-87.62777777777778",41.88194444444444,-87.62777777777778,Q6581097,male,Q248957,https://en.wikipedia.org/wiki/Athletics_at_the_1904_Summer_Olympics_–_Men's_100_metres,athletics at the 1904 Summer Olympics – men's 100 metres,Q723599,athletics at the 1904 Summer Olympics,Q542,athletics,Q542,athletics,https://en.wikipedia.org/wiki/List_of_1904_Summer_Olympics_medal_winners,layers-derived-wikipedia-wikidata
1904,Q313195,https://en.wikipedia.org/wiki/Archie_Hahn_(athlete),Archie Hahn,gold,Q1350274,https://en.wikipedia.org/wiki/United_States_at_the_1904_Summer_Olympics,United States at the 1904 Summer Olympics,Q30,United States,US,USA,USA,1880-09-14,Q1013664,Dodgeville,Q501582,Iowa County,"42.963333333333,-90.131111111111",42.963333333333,-90.131111111111,Q6581097,male,Q1185646,https://en.wikipedia.org/wiki/Athletics_at_the_1904_Summer_Olympics_–_Men's_200_metres,athletics at the 1904 Summer Olympics – men's 200 metres,Q723599,athletics at the 1904 Summer Olympics,Q542,athletics,Q542,athletics,https://en.wikipedia.org/wiki/List_of_1904_Summer_Olympics_medal_winners,layers-derived-wikipedia-wikidata
1904,Q982432,https://en.wikipedia.org/wiki/Nathaniel_Cartmell,Nathaniel Cartmell,silver,Q1350274,https://en.wikipedia.org/wiki/United_States_at_the_1904_Summer_Olympics,United States at the 1904 Summer Olympics,Q30,United States,US,USA,USA,1883-01-13,Q502707,Union County,Q1603,Kentucky,"37.66,-87.95",37.66,-87.95,Q6581097,male,Q1185646,https://en.wikipedia.org/wiki/Athletics_at_the_1904_Summer_Olympics_–_Men's_200_metres,athletics at the 1904 Summer Olympics – men's 200 metres,Q723599,athletics at the 1904 Summer Olympics,Q542,athletics,Q542,athletics,https://en.wikipedia.org/wiki/List_of_1904_Summer_Olympics_medal_winners,layers-derived-wikipedia-wikidata
1904,Q391707,https://en.wikipedia.org/wiki/William_Hogenson,William Hogenson,bronze,Q1350274,https://en.wikipedia.org/wiki/United_States_at_the_1904_Summer_Olympics,United States at the 1904 Summer Olympics,Q30,United States,US,USA,USA,1884-10-26,Q1297,Chicago,Q108418,Cook County,"41.88194444444444,-87.62777777777778",41.88194444444444,-87.62777777777778,Q6581097,male,Q1185646,https://en.wikipedia.org/wiki/Athletics_at_the_1904_Summer_Olympics_–_Men's_200_metres,athletics at the 1904 Summer Olympics – men's 200 metres,Q723599,athletics at the 1904 Summer Olympics,Q542,athletics,Q542,athletics,https://en.wikipedia.org/wiki/List_of_1904_Summer_Olympics_medal_winners,layers-derived-wikipedia-wikidata
1904,Q347233,https://en.wikipedia.org/wiki/Harry_Hillman,Harry Hillman,gold,Q1350274,https://en.wikipedia.org/wiki/United_States_at_the_1904_Summer_Olympics,United States at the 1904 Summer Olympics,Q30,United States,US,USA,USA,1881-09-08,Q18419,Brooklyn,Q60,New York City,"40.65083333333333,-73.94972222222222",40.65083333333333,-73.94972222222222,Q6581097,male,Q1185540,https://en.wikipedia.org/wiki/Athletics_at_the_1904_Summer_Olympics_–_Men's_400_metres,athletics at the 1904 Summer Olympics – men's 400 metres,Q723599,athletics at the 1904 Summer Olympics,Q542,athletics,Q542,athletics,https://en.wikipedia.org/wiki/List_of_1904_Summer_Olympics_medal_winners,layers-derived-wikipedia-wikidata
1904,Q924055,https://en.wikipedia.org/wiki/Frank_Waller_(athlete),Frank Waller,silver,Q1350274,https://en.wikipedia.org/wiki/United_States_at_the_1904_Summer_Olympics,United States at the 1904 Summer Olympics,Q30,United States,US,USA,USA,1884-06-24,Q28848,Saint Paul,Q491201,Ramsey County,"44.944166666667,-93.093611111111",44.944166666667,-93.093611111111,Q6581097,male,Q1185540,https://en.wikipedia.org/wiki/Athletics_at_the_1904_Summer_Olympics_–_Men's_400_metres,athletics at the 1904 Summer Olympics – men's 400 metres,Q723599,athletics at the 1904 Summer Olympics,Q542,athletics,Q542,athletics,https://en.wikipedia.org/wiki/List_of_1904_Summer_Olympics_medal_winners,layers-derived-wikipedia-wikidata
1904,Q932906,https://en.wikipedia.org/wiki/Herman_Groman,Herman Groman,bronze,Q1350274,https://en.wikipedia.org/wiki/United_States_at_the_1904_Summer_Olympics,United States at the 1904 Summer Olympics,Q30,United States,US,USA,USA,1882-08-18,Q998764,Odebolt,Q156639,Sac County,"42.310277777778,-95.251388888889",42.310277777778,-95.251388888889,Q6581097,male,Q1185540,https://en.wikipedia.org/wiki/Athletics_at_the_1904_Summer_Olympics_–_Men's_400_metres,athletics at the 1904 Summer Olympics – men's 400 metres,Q723599,athletics at the 1904 Summer Olympics,Q542,athletics,Q542,athletics,https://en.wikipedia.org/wiki/List_of_1904_Summer_Olympics_medal_winners,layers-derived-wikipedia-wikidata
1904,Q318952,https://en.wikipedia.org/wiki/James_Lightbody,James Lightbody,gold,Q1350274,https://en.wikipedia.org/wiki/United_States_at_the_1904_Summer_Olympics,United States at the 1904 Summer Olympics,Q30,United States,US,USA,USA,1882-03-16,Q1342,Pittsburgh,Q156291,Allegheny County,"40.44166666666667,-80",40.44166666666667,-80,Q6581097,male,Q1185457,https://en.wikipedia.org/wiki/Athletics_at_the_1904_Summer_Olympics_–_Men's_800_metres,athletics at the 1904 Summer Olympics – men's 800 metres,Q723599,athletics at the 1904 Summer Olympics,Q542,athletics,Q542,athletics,https://en.wikipedia.org/wiki/List_of_1904_Summer_Olympics_medal_winners,layers-derived-wikipedia-wikidata
1904,Q717491,https://en.wikipedia.org/wiki/Howard_Valentine,Howard Valentine,silver,Q1350274,https://en.wikipedia.org/wiki/United_States_at_the_1904_Summer_Olympics,United States at the 1904 Summer Olympics,Q30,United States,US,USA,USA,1881-12-14,Q60,New York City,Q1384,New York,"40.71277777777778,-74.00611111111111",40.71277777777778,-74.00611111111111,Q6581097,male,Q1185457,https://en.wikipedia.org/wiki/Athletics_at_the_1904_Summer_Olympics_–_Men's_800_metres,athletics at the 1904 Summer Olympics – men's 800 metres,Q723599,athletics at the 1904 Summer Olympics,Q542,athletics,Q542,athletics,https://en.wikipedia.org/wiki/List_of_1904_Summer_Olympics_medal_winners,layers-derived-wikipedia-wikidata
1904,Q1332371,https://en.wikipedia.org/wiki/Emil_Breitkreutz,Emil Breitkreutz,bronze,Q1350274,https://en.wikipedia.org/wiki/United_States_at_the_1904_Summer_Olympics,United States at the 1904 Summer Olympics,Q30,United States,US,USA,USA,1883-11-16,Q998675,Wausau,Q505848,Marathon County,"44.95,-89.633333333333",44.95,-89.633333333333,Q6581097,male,Q1185457,https://en.wikipedia.org/wiki/Athletics_at_the_1904_Summer_Olympics_–_Men's_800_metres,athletics at the 1904 Summer Olympics – men's 800 metres,Q723599,athletics at the 1904 Summer Olympics,Q542,athletics,Q542,athletics,https://en.wikipedia.org/wiki/List_of_1904_Summer_Olympics_medal_winners,layers-derived-wikipedia-wikidata
1904,Q318952,https://en.wikipedia.org/wiki/James_Lightbody,James Lightbody,gold,Q1350274,https://en.wikipedia.org/wiki/United_States_at_the_1904_Summer_Olympics,United States at the 1904 Summer Olympics,Q30,United States,US,USA,USA,1882-03-16,Q1342,Pittsburgh,Q156291,Allegheny County,"40.44166666666667,-80",40.44166666666667,-80,Q6581097,male,Q1185450,https://en.wikipedia.org/wiki/Athletics_at_the_1904_Summer_Olympics_–_Men's_1500_metres,athletics at the 1904 Summer Olympics – men's 1500 metres,Q723599,athletics at the 1904 Summer Olympics,Q542,athletics,Q542,athletics,https://en.wikipedia.org/wiki/List_of_1904_Summer_Olympics_medal_winners,layers-derived-wikipedia-wikidata
1904,Q974784,https://en.wikipedia.org/wiki/Frank_Verner,Frank Verner,silver,Q1350274,https://en.wikipedia.org/wiki/United_States_at_the_1904_Summer_Olympics,United States at the 1904 Summer Olympics,Q30,United States,US,USA,USA,1883-06-24,Q261380,Grundy County,Q1204,Illinois,"41.29,-88.43",41.29,-88.43,Q6581097,male,Q1185450,https://en.wikipedia.org/wiki/Athletics_at_the_1904_Summer_Olympics_–_Men's_1500_metres,athletics at the 1904 Summer Olympics – men's 1500 metres,Q723599,athletics at the 1904 Summer Olympics,Q542,athletics,Q542,athletics,https://en.wikipedia.org/wiki/List_of_1904_Summer_Olympics_medal_winners,layers-derived-wikipedia-wikidata
1904,Q517968,https://en.wikipedia.org/wiki/Lacey_Hearn,Lacey Hearn,bronze,Q1350274,https://en.wikipedia.org/wiki/United_States_at_the_1904_Summer_Olympics,United States at the 1904 Summer Olympics,Q30,United States,US,USA,USA,1881-03-23,Q1807259,Portland,Q506574,Jay County,"40.4339,-84.98",40.4339,-84.98,Q6581097,male,Q1185450,https://en.wikipedia.org/wiki/Athletics_at_the_1904_Summer_Olympics_–_Men's_1500_metres,athletics at the 1904 Summer Olympics – men's 1500 metres,Q723599,athletics at the 1904 Summer Olympics,Q542,athletics,Q542,athletics,https://en.wikipedia.org/wiki/List_of_1904_Summer_Olympics_medal_winners,layers-derived-wikipedia-wikidata
1904,Q317666,https://en.wikipedia.org/wiki/Thomas_Hicks_(athlete),Thomas Hicks,gold,Q1350274,https://en.wikipedia.org/wiki/United_States_at_the_1904_Summer_Olympics,United States at the 1904 Summer Olympics,Q30,United States,US,USA,USA,1876-01-11,Q2256,Birmingham,Q20986424,Birmingham,"52.48,-1.9025",52.48,-1.9025,Q6581097,male,Q499079,https://en.wikipedia.org/wiki/Athletics_at_the_1904_Summer_Olympics_–_Men's_marathon,athletics at the 1904 Summer Olympics – men's marathon,Q723599,athletics at the 1904 Summer Olympics,Q542,athletics,Q542,athletics,https://en.wikipedia.org/wiki/List_of_1904_Summer_Olympics_medal_winners,layers-derived-wikipedia-wikidata
1904,Q983653,https://en.wikipedia.org/wiki/Albert_Corey,Albert Corey,silver,Q1348535,https://en.wikipedia.org/wiki/France_at_the_1904_Summer_Olympics,France at the 1904 Summer Olympics,Q142,France,FR,FRA,FRA,1878-04-16,Q16140,Meursault,Q14836,canton of Beaune-Nord,"46.978055555556,4.7705555555556",46.978055555556,4.7705555555556,Q6581097,male,Q499079,https://en.wikipedia.org/wiki/Athletics_at_the_1904_Summer_Olympics_–_Men's_marathon,athletics at the 1904 Summer Olympics – men's marathon,Q723599,athletics at the 1904 Summer Olympics,Q542,athletics,Q542,athletics,https://en.wikipedia.org/wiki/List_of_1904_Summer_Olympics_medal_winners,layers-derived-wikipedia-wikidata
1904,Q710789,https://en.wikipedia.org/wiki/Arthur_L._Newton,Arthur L. Newton,bronze,Q1350274,https://en.wikipedia.org/wiki/United_States_at_the_1904_Summer_Olympics,United States at the 1904 Summer Olympics,Q30,United States,US,USA,USA,1883-01-31,Q2559976,Upton,Q54093,Worcester County,"42.174444444444,-71.602777777778",42.174444444444,-71.602777777778,Q6581097,male,Q499079,https://en.wikipedia.org/wiki/Athletics_at_the_1904_Summer_Olympics_–_Men's_marathon,athletics at the 1904 Summer Olympics – men's marathon,Q723599,athletics at the 1904 Summer Olympics,Q542,athletics,Q542,athletics,https://en.wikipedia.org/wiki/List_of_1904_Summer_Olympics_medal_winners,layers-derived-wikipedia-wikidata
1904,Q711772,https://en.wikipedia.org/wiki/Fred_Schule,Fred Schule,gold,Q1350274,https://en.wikipedia.org/wiki/United_States_at_the_1904_Summer_Olympics,United States at the 1904 Summer Olympics,Q30,United States,US,USA,USA,1879-09-27,Q1926420,Preston,Q485780,Jackson County,"42.050277777778,-90.394722222222",42.050277777778,-90.394722222222,Q6581097,male,Q285497,https://en.wikipedia.org/wiki/Athletics_at_the_1904_Summer_Olympics_–_Men's_110_metres_hurdles,athletics at the 1904 Summer Olympics – men's 110 metres hurdles,Q723599,athletics at the 1904 Summer Olympics,Q542,athletics,Q542,athletics,https://en.wikipedia.org/wiki/List_of_1904_Summer_Olympics_medal_winners,layers-derived-wikipedia-wikidata
1904,Q175813,https://en.wikipedia.org/wiki/Thaddeus_Shideler,Thaddeus Shideler,silver,Q1350274,https://en.wikipedia.org/wiki/United_States_at_the_1904_Summer_Olympics,United States at the 1904 Summer Olympics,Q30,United States,US,USA,USA,1883-10-17,Q286068,Marion,Q506722,Grant County,"40.5492,-85.6647",40.5492,-85.6647,Q6581097,male,Q285497,https://en.wikipedia.org/wiki/Athletics_at_the_1904_Summer_Olympics_–_Men's_110_metres_hurdles,athletics at the 1904 Summer Olympics – men's 110 metres hurdles,Q723599,athletics at the 1904 Summer Olympics,Q542,athletics,Q542,athletics,https://en.wikipedia.org/wiki/List_of_1904_Summer_Olympics_medal_winners,layers-derived-wikipedia-wikidata
1904,Q157730,https://en.wikipedia.org/wiki/Lesley_Ashburner,Lesley Ashburner,bronze,Q1350274,https://en.wikipedia.org/wiki/United_States_at_the_1904_Summer_Olympics,United States at the 1904 Summer Olympics,Q30,United States,US,USA,USA,1883-10-02,Q1345,Philadelphia,Q496900,Philadelphia County,"39.952777777778,-75.163611111111",39.952777777778,-75.163611111111,Q6581097,male,Q285497,https://en.wikipedia.org/wiki/Athletics_at_the_1904_Summer_Olympics_–_Men's_110_metres_hurdles,athletics at the 1904 Summer Olympics – men's 110 metres hurdles,Q723599,athletics at the 1904 Summer Olympics,Q542,athletics,Q542,athletics,https://en.wikipedia.org/wiki/List_of_1904_Summer_Olympics_medal_winners,layers-derived-wikipedia-wikidata
1904,Q347233,https://en.wikipedia.org/wiki/Harry_Hillman,Harry Hillman,gold,Q1350274,https://en.wikipedia.org/wiki/United_States_at_the_1904_Summer_Olympics,United States at the 1904 Summer Olympics,Q30,United States,US,USA,USA,1881-09-08,Q18419,Brooklyn,Q60,New York City,"40.65083333333333,-73.94972222222222",40.65083333333333,-73.94972222222222,Q6581097,male,Q327330,https://en.wikipedia.org/wiki/Athletics_at_the_1904_Summer_Olympics_–_Men's_200_metres_hurdles,athletics at the 1904 Summer Olympics – men's 200 metres hurdles,Q723599,athletics at the 1904 Summer Olympics,Q542,athletics,Q542,athletics,https://en.wikipedia.org/wiki/List_of_1904_Summer_Olympics_medal_winners,layers-derived-wikipedia-wikidata
1904,Q257231,https://en.wikipedia.org/wiki/Frank_Castleman,Frank Castleman,silver,Q1350274,https://en.wikipedia.org/wiki/United_States_at_the_1904_Summer_Olympics,United States at the 1904 Summer Olympics,Q30,United States,US,USA,USA,1877-03-17,Q122549112,Tracy Creek,Q47894,Broome County,"42.0195192,-76.0799249",42.0195192,-76.0799249,Q6581097,male,Q327330,https://en.wikipedia.org/wiki/Athletics_at_the_1904_Summer_Olympics_–_Men's_200_metres_hurdles,athletics at the 1904 Summer Olympics – men's 200 metres hurdles,Q723599,athletics at the 1904 Summer Olympics,Q542,athletics,Q542,athletics,https://en.wikipedia.org/wiki/List_of_1904_Summer_Olympics_medal_winners,layers-derived-wikipedia-wikidata
1904,Q1332444,https://en.wikipedia.org/wiki/George_Poage,George Poage,bronze,Q1350274,https://en.wikipedia.org/wiki/United_States_at_the_1904_Summer_Olympics,United States at the 1904 Summer Olympics,Q30,United States,US,USA,USA,1880-11-06,Q961975,Hannibal,Q490029,Marion County,"39.704166666667,-91.3775",39.704166666667,-91.3775,Q6581097,male,Q327330,https://en.wikipedia.org/wiki/Athletics_at_the_1904_Summer_Olympics_–_Men's_200_metres_hurdles,athletics at the 1904 Summer Olympics – men's 200 metres hurdles,Q723599,athletics at the 1904 Summer Olympics,Q542,athletics,Q542,athletics,https://en.wikipedia.org/wiki/List_of_1904_Summer_Olympics_medal_winners,layers-derived-wikipedia-wikidata
1904,Q347233,https://en.wikipedia.org/wiki/Harry_Hillman,Harry Hillman,gold,Q1350274,https://en.wikipedia.org/wiki/United_States_at_the_1904_Summer_Olympics,United States at the 1904 Summer Olympics,Q30,United States,US,USA,USA,1881-09-08,Q18419,Brooklyn,Q60,New York City,"40.65083333333333,-73.94972222222222",40.65083333333333,-73.94972222222222,Q6581097,male,Q327336,https://en.wikipedia.org/wiki/Athletics_at_the_1904_Summer_Olympics_–_Men's_400_metres_hurdles,athletics at the 1904 Summer Olympics – men's 400 metres hurdles,Q723599,athletics at the 1904 Summer Olympics,Q542,athletics,Q542,athletics,https://en.wikipedia.org/wiki/List_of_1904_Summer_Olympics_medal_winners,layers-derived-wikipedia-wikidata
1904,Q924055,https://en.wikipedia.org/wiki/Frank_Waller_(athlete),Frank Waller,silver,Q1350274,https://en.wikipedia.org/wiki/United_States_at_the_1904_Summer_Olympics,United States at the 1904 Summer Olympics,Q30,United States,US,USA,USA,1884-06-24,Q28848,Saint Paul,Q491201,Ramsey County,"44.944166666667,-93.093611111111",44.944166666667,-93.093611111111,Q6581097,male,Q327336,https://en.wikipedia.org/wiki/Athletics_at_the_1904_Summer_Olympics_–_Men's_400_metres_hurdles,athletics at the 1904 Summer Olympics – men's 400 metres hurdles,Q723599,athletics at the 1904 Summer Olympics,Q542,athletics,Q542,athletics,https://en.wikipedia.org/wiki/List_of_1904_Summer_Olympics_medal_winners,layers-derived-wikipedia-wikidata
1904,Q1332444,https://en.wikipedia.org/wiki/George_Poage,George Poage,bronze,Q1350274,https://en.wikipedia.org/wiki/United_States_at_the_1904_Summer_Olympics,United States at the 1904 Summer Olympics,Q30,United States,US,USA,USA,1880-11-06,Q961975,Hannibal,Q490029,Marion County,"39.704166666667,-91.3775",39.704166666667,-91.3775,Q6581097,male,Q327336,https://en.wikipedia.org/wiki/Athletics_at_the_1904_Summer_Olympics_–_Men's_400_metres_hurdles,athletics at the 1904 Summer Olympics – men's 400 metres hurdles,Q723599,athletics at the 1904 Summer Olympics,Q542,athletics,Q542,athletics,https://en.wikipedia.org/wiki/List_of_1904_Summer_Olympics_medal_winners,layers-derived-wikipedia-wikidata
1904,Q318952,https://en.wikipedia.org/wiki/James_Lightbody,James Lightbody,gold,Q1350274,https://en.wikipedia.org/wiki/United_States_at_the_1904_Summer_Olympics,United States at the 1904 Summer Olympics,Q30,United States,US,USA,USA,1882-03-16,Q1342,Pittsburgh,Q156291,Allegheny County,"40.44166666666667,-80",40.44166666666667,-80,Q6581097,male,Q327374,https://en.wikipedia.org/wiki/Athletics_at_the_1904_Summer_Olympics_–_Men's_2590_metres_steeplechase,athletics at the 1904 Summer Olympics – men's 2590 metres steeplechase,Q723599,athletics at the 1904 Summer Olympics,Q542,athletics,Q542,athletics,https://en.wikipedia.org/wiki/List_of_1904_Summer_Olympics_medal_winners,layers-derived-wikipedia-wikidata
1904,Q327420,https://en.wikipedia.org/wiki/John_Daly_(athlete),John Daly,silver,Q1354030,https://en.wikipedia.org/wiki/Great_Britain_at_the_1904_Summer_Olympics,Great Britain at the 1904 Summer Olympics,Q174193,United Kingdom of Great Britain and Ireland,,,,1880-02-22,Q129610,Galway,Q133862337,Galway City,"53.2719,-9.0488",53.2719,-9.0488,Q6581097,male,Q327374,https://en.wikipedia.org/wiki/Athletics_at_the_1904_Summer_Olympics_–_Men's_2590_metres_steeplechase,athletics at the 1904 Summer Olympics – men's 2590 metres steeplechase,Q723599,athletics at the 1904 Summer Olympics,Q542,athletics,Q542,athletics,https://en.wikipedia.org/wiki/List_of_1904_Summer_Olympics_medal_winners,layers-derived-wikipedia-wikidata
1904,Q710789,https://en.wikipedia.org/wiki/Arthur_L._Newton,Arthur L. Newton,bronze,Q1350274,https://en.wikipedia.org/wiki/United_States_at_the_1904_Summer_Olympics,United States at the 1904 Summer Olympics,Q30,United States,US,USA,USA,1883-01-31,Q2559976,Upton,Q54093,Worcester County,"42.174444444444,-71.602777777778",42.174444444444,-71.602777777778,Q6581097,male,Q327374,https://en.wikipedia.org/wiki/Athletics_at_the_1904_Summer_Olympics_–_Men's_2590_metres_steeplechase,athletics at the 1904 Summer Olympics – men's 2590 metres steeplechase,Q723599,athletics at the 1904 Summer Olympics,Q542,athletics,Q542,athletics,https://en.wikipedia.org/wiki/List_of_1904_Summer_Olympics_medal_winners,layers-derived-wikipedia-wikidata
1904,Q710789,https://en.wikipedia.org/wiki/Arthur_L._Newton,Arthur L. Newton,gold,Q1350274,https://en.wikipedia.org/wiki/United_States_at_the_1904_Summer_Olympics,United States at the 1904 Summer Olympics,Q30,United States,US,USA,USA,1883-01-31,Q2559976,Upton,Q54093,Worcester County,"42.174444444444,-71.602777777778",42.174444444444,-71.602777777778,Q6581097,male,Q327379,https://en.wikipedia.org/wiki/Athletics_at_the_1904_Summer_Olympics_–_Men's_4_miles_team_race,athletics at the 1904 Summer Olympics – men's 4 miles team race,Q723599,athletics at the 1904 Summer Olympics,Q542,athletics,Q542,athletics,https://en.wikipedia.org/wiki/List_of_1904_Summer_Olympics_medal_winners,layers-derived-wikipedia-wikidata
1904,Q1333013,https://en.wikipedia.org/wiki/George_Underwood_(athlete),George Underwood,gold,Q1350274,https://en.wikipedia.org/wiki/United_States_at_the_1904_Summer_Olympics,United States at the 1904 Summer Olympics,Q30,United States,US,USA,USA,1884-11-04,Q48370,Manchester,Q54439,Hillsborough County,"42.990833333333,-71.463611111111",42.990833333333,-71.463611111111,Q6581097,male,Q327379,https://en.wikipedia.org/wiki/Athletics_at_the_1904_Summer_Olympics_–_Men's_4_miles_team_race,athletics at the 1904 Summer Olympics – men's 4 miles team race,Q723599,athletics at the 1904 Summer Olympics,Q542,athletics,Q542,athletics,https://en.wikipedia.org/wiki/List_of_1904_Summer_Olympics_medal_winners,layers-derived-wikipedia-wikidata
1904,Q710455,https://en.wikipedia.org/wiki/Paul_Pilgrim,Paul Pilgrim,gold,Q1350274,https://en.wikipedia.org/wiki/United_States_at_the_1904_Summer_Olympics,United States at the 1904 Summer Olympics,Q30,United States,US,USA,USA,1883-10-26,Q60,New York City,Q1384,New York,"40.71277777777778,-74.00611111111111",40.71277777777778,-74.00611111111111,Q6581097,male,Q327379,https://en.wikipedia.org/wiki/Athletics_at_the_1904_Summer_Olympics_–_Men's_4_miles_team_race,athletics at the 1904 Summer Olympics – men's 4 miles team race,Q723599,athletics at the 1904 Summer Olympics,Q542,athletics,Q542,athletics,https://en.wikipedia.org/wiki/List_of_1904_Summer_Olympics_medal_winners,layers-derived-wikipedia-wikidata
1904,Q717491,https://en.wikipedia.org/wiki/Howard_Valentine,Howard Valentine,gold,Q1350274,https://en.wikipedia.org/wiki/United_States_at_the_1904_Summer_Olympics,United States at the 1904 Summer Olympics,Q30,United States,US,USA,USA,1881-12-14,Q60,New York City,Q1384,New York,"40.71277777777778,-74.00611111111111",40.71277777777778,-74.00611111111111,Q6581097,male,Q327379,https://en.wikipedia.org/wiki/Athletics_at_the_1904_Summer_Olympics_–_Men's_4_miles_team_race,athletics at the 1904 Summer Olympics – men's 4 miles team race,Q723599,athletics at the 1904 Summer Olympics,Q542,athletics,Q542,athletics,https://en.wikipedia.org/wiki/List_of_1904_Summer_Olympics_medal_winners,layers-derived-wikipedia-wikidata
1904,Q729986,https://en.wikipedia.org/wiki/David_Curtiss_Munson,David Munson,gold,Q1350274,https://en.wikipedia.org/wiki/United_States_at_the_1904_Summer_Olympics,United States at the 1904 Summer Olympics,Q30,United States,US,USA,USA,1884-05-19,Q3470455,Medina,Q115125,Orleans County,"43.2203,-78.3867",43.2203,-78.3867,Q6581097,male,Q327379,https://en.wikipedia.org/wiki/Athletics_at_the_1904_Summer_Olympics_–_Men's_4_miles_team_race,athletics at the 1904 Summer Olympics – men's 4 miles team race,Q723599,athletics at the 1904 Summer Olympics,Q542,athletics,Q542,athletics,https://en.wikipedia.org/wiki/List_of_1904_Summer_Olympics_medal_winners,layers-derived-wikipedia-wikidata
1904,Q318952,https://en.wikipedia.org/wiki/James_Lightbody,James Lightbody,silver,Q1360637,https://en.wikipedia.org/wiki/Mixed_team_at_the_1904_Summer_Olympics,Mixed team at the 1904 Summer Olympics,Q30,United States,US,USA,USA,1882-03-16,Q1342,Pittsburgh,Q156291,Allegheny County,"40.44166666666667,-80",40.44166666666667,-80,Q6581097,male,Q327379,https://en.wikipedia.org/wiki/Athletics_at_the_1904_Summer_Olympics_–_Men's_4_miles_team_race,athletics at the 1904 Summer Olympics – men's 4 miles team race,Q723599,athletics at the 1904 Summer Olympics,Q542,athletics,Q542,athletics,https://en.wikipedia.org/wiki/List_of_1904_Summer_Olympics_medal_winners,layers-derived-wikipedia-wikidata
1904,Q974784,https://en.wikipedia.org/wiki/Frank_Verner,Frank Verner,silver,Q1360637,https://en.wikipedia.org/wiki/Mixed_team_at_the_1904_Summer_Olympics,Mixed team at the 1904 Summer Olympics,Q30,United States,US,USA,USA,1883-06-24,Q261380,Grundy County,Q1204,Illinois,"41.29,-88.43",41.29,-88.43,Q6581097,male,Q327379,https://en.wikipedia.org/wiki/Athletics_at_the_1904_Summer_Olympics_–_Men's_4_miles_team_race,athletics at the 1904 Summer Olympics – men's 4 miles team race,Q723599,athletics at the 1904 Summer Olympics,Q542,athletics,Q542,athletics,https://en.wikipedia.org/wiki/List_of_1904_Summer_Olympics_medal_winners,layers-derived-wikipedia-wikidata
1904,Q517968,https://en.wikipedia.org/wiki/Lacey_Hearn,Lacey Hearn,silver,Q1360637,https://en.wikipedia.org/wiki/Mixed_team_at_the_1904_Summer_Olympics,Mixed team at the 1904 Summer Olympics,Q30,United States,US,USA,USA,1881-03-23,Q1807259,Portland,Q506574,Jay County,"40.4339,-84.98",40.4339,-84.98,Q6581097,male,Q327379,https://en.wikipedia.org/wiki/Athletics_at_the_1904_Summer_Olympics_–_Men's_4_miles_team_race,athletics at the 1904 Summer Olympics – men's 4 miles team race,Q723599,athletics at the 1904 Summer Olympics,Q542,athletics,Q542,athletics,https://en.wikipedia.org/wiki/List_of_1904_Summer_Olympics_medal_winners,layers-derived-wikipedia-wikidata
1904,Q983653,https://en.wikipedia.org/wiki/Albert_Corey,Albert Corey,silver,Q1360637,https://en.wikipedia.org/wiki/Mixed_team_at_the_1904_Summer_Olympics,Mixed team at the 1904 Summer Olympics,Q30,United States,US,USA,USA,1878-04-16,Q16140,Meursault,Q14836,canton of Beaune-Nord,"46.978055555556,4.7705555555556",46.978055555556,4.7705555555556,Q6581097,male,Q327379,https://en.wikipedia.org/wiki/Athletics_at_the_1904_Summer_Olympics_–_Men's_4_miles_team_race,athletics at the 1904 Summer Olympics – men's 4 miles team race,Q723599,athletics at the 1904 Summer Olympics,Q542,athletics,Q542,athletics,https://en.wikipedia.org/wiki/List_of_1904_Summer_Olympics_medal_winners,layers-derived-wikipedia-wikidata
1904,Q1376269,https://en.wikipedia.org/wiki/Sidney_Hatch,Sidney Hatch,silver,Q1360637,https://en.wikipedia.org/wiki/Mixed_team_at_the_1904_Summer_Olympics,Mixed team at the 1904 Summer Olympics,Q30,United States,US,USA,USA,1883-08-18,Q2299339,River Forest,Q108418,Cook County,"41.8931,-87.8175",41.8931,-87.8175,Q6581097,male,Q327379,https://en.wikipedia.org/wiki/Athletics_at_the_1904_Summer_Olympics_–_Men's_4_miles_team_race,athletics at the 1904 Summer Olympics – men's 4 miles team race,Q723599,athletics at the 1904 Summer Olympics,Q542,athletics,Q542,athletics,https://en.wikipedia.org/wiki/List_of_1904_Summer_Olympics_medal_winners,layers-derived-wikipedia-wikidata
1904,Q334650,https://en.wikipedia.org/wiki/Myer_Prinstein,Myer Prinstein,gold,Q1350274,https://en.wikipedia.org/wiki/United_States_at_the_1904_Summer_Olympics,United States at the 1904 Summer Olympics,Q30,United States,US,USA,USA,1878-12-22,Q958747,Szczuczyn,Q579831,Gmina Szczuczyn,"53.56666666666667,22.3",53.56666666666667,22.3,Q6581097,male,Q327367,https://en.wikipedia.org/wiki/Athletics_at_the_1904_Summer_Olympics_–_Men's_long_jump,athletics at the 1904 Summer Olympics – men's long jump,Q723599,athletics at the 1904 Summer Olympics,Q542,athletics,Q542,athletics,https://en.wikipedia.org/wiki/List_of_1904_Summer_Olympics_medal_winners,layers-derived-wikipedia-wikidata
1904,Q971926,https://en.wikipedia.org/wiki/Daniel_Frank_(athlete),Daniel Frank,silver,Q1350274,https://en.wikipedia.org/wiki/United_States_at_the_1904_Summer_Olympics,United States at the 1904 Summer Olympics,Q30,United States,US,USA,USA,1882-01-04,Q100,Boston,Q54072,Suffolk County,"42.360277777777775,-71.05777777777777",42.360277777777775,-71.05777777777777,Q6581097,male,Q327367,https://en.wikipedia.org/wiki/Athletics_at_the_1904_Summer_Olympics_–_Men's_long_jump,athletics at the 1904 Summer Olympics – men's long jump,Q723599,athletics at the 1904 Summer Olympics,Q542,athletics,Q542,athletics,https://en.wikipedia.org/wiki/List_of_1904_Summer_Olympics_medal_winners,layers-derived-wikipedia-wikidata
1904,Q578871,https://en.wikipedia.org/wiki/Robert_Stangland,Robert Stangland,bronze,Q1350274,https://en.wikipedia.org/wiki/United_States_at_the_1904_Summer_Olympics,United States at the 1904 Summer Olympics,Q30,United States,US,USA,USA,1881-10-05,Q60,New York City,Q1384,New York,"40.71277777777778,-74.00611111111111",40.71277777777778,-74.00611111111111,Q6581097,male,Q327367,https://en.wikipedia.org/wiki/Athletics_at_the_1904_Summer_Olympics_–_Men's_long_jump,athletics at the 1904 Summer Olympics – men's long jump,Q723599,athletics at the 1904 Summer Olympics,Q542,athletics,Q542,athletics,https://en.wikipedia.org/wiki/List_of_1904_Summer_Olympics_medal_winners,layers-derived-wikipedia-wikidata
1904,Q334650,https://en.wikipedia.org/wiki/Myer_Prinstein,Myer Prinstein,gold,Q1350274,https://en.wikipedia.org/wiki/United_States_at_the_1904_Summer_Olympics,United States at the 1904 Summer Olympics,Q30,United States,US,USA,USA,1878-12-22,Q958747,Szczuczyn,Q579831,Gmina Szczuczyn,"53.56666666666667,22.3",53.56666666666667,22.3,Q6581097,male,Q327296,https://en.wikipedia.org/wiki/Athletics_at_the_1904_Summer_Olympics_–_Men's_triple_jump,athletics at the 1904 Summer Olympics – men's triple jump,Q723599,athletics at the 1904 Summer Olympics,Q542,athletics,Q542,athletics,https://en.wikipedia.org/wiki/List_of_1904_Summer_Olympics_medal_winners,layers-derived-wikipedia-wikidata
1904,Q1452285,https://en.wikipedia.org/wiki/Fred_Englehardt,Fred Englehardt,silver,Q1350274,https://en.wikipedia.org/wiki/United_States_at_the_1904_Summer_Olympics,United States at the 1904 Summer Olympics,Q30,United States,US,USA,USA,1879-05-14,Q60,New York City,Q1384,New York,"40.71277777777778,-74.00611111111111",40.71277777777778,-74.00611111111111,Q6581097,male,Q327296,https://en.wikipedia.org/wiki/Athletics_at_the_1904_Summer_Olympics_–_Men's_triple_jump,athletics at the 1904 Summer Olympics – men's triple jump,Q723599,athletics at the 1904 Summer Olympics,Q542,athletics,Q542,athletics,https://en.wikipedia.org/wiki/List_of_1904_Summer_Olympics_medal_winners,layers-derived-wikipedia-wikidata
1904,Q578871,https://en.wikipedia.org/wiki/Robert_Stangland,Robert Stangland,bronze,Q1350274,https://en.wikipedia.org/wiki/United_States_at_the_1904_Summer_Olympics,United States at the 1904 Summer Olympics,Q30,United States,US,USA,USA,1881-10-05,Q60,New York City,Q1384,New York,"40.71277777777778,-74.00611111111111",40.71277777777778,-74.00611111111111,Q6581097,male,Q327296,https://en.wikipedia.org/wiki/Athletics_at_the_1904_Summer_Olympics_–_Men's_triple_jump,athletics at the 1904 Summer Olympics – men's triple jump,Q723599,athletics at the 1904 Summer Olympics,Q542,athletics,Q542,athletics,https://en.wikipedia.org/wiki/List_of_1904_Summer_Olympics_medal_winners,layers-derived-wikipedia-wikidata
1904,Q462912,https://en.wikipedia.org/wiki/Samuel_Jones_(athlete),Samuel Jones,gold,Q1350274,https://en.wikipedia.org/wiki/United_States_at_the_1904_Summer_Olympics,United States at the 1904 Summer Olympics,Q30,United States,US,USA,USA,1880-01-16,Q754635,Fairfield,Q54231,Fairfield County,"41.175833333333,-73.271944444444",41.175833333333,-73.271944444444,Q6581097,male,Q327305,https://en.wikipedia.org/wiki/Athletics_at_the_1904_Summer_Olympics_–_Men's_high_jump,athletics at the 1904 Summer Olympics – men's high jump,Q723599,athletics at the 1904 Summer Olympics,Q542,athletics,Q542,athletics,https://en.wikipedia.org/wiki/List_of_1904_Summer_Olympics_medal_winners,layers-derived-wikipedia-wikidata
1904,Q923044,https://en.wikipedia.org/wiki/Garrett_Serviss_(athlete),Garrett Serviss,silver,Q1350274,https://en.wikipedia.org/wiki/United_States_at_the_1904_Summer_Olympics,United States at the 1904 Summer Olympics,Q30,United States,US,USA,USA,1878-12-23,,,,,,,,Q6581097,male,Q327305,https://en.wikipedia.org/wiki/Athletics_at_the_1904_Summer_Olympics_–_Men's_high_jump,athletics at the 1904 Summer Olympics – men's high jump,Q723599,athletics at the 1904 Summer Olympics,Q542,athletics,Q542,athletics,https://en.wikipedia.org/wiki/List_of_1904_Summer_Olympics_medal_winners,layers-derived-wikipedia-wikidata
1904,Q64681,https://en.wikipedia.org/wiki/Paul_Weinstein_(athlete),Paul Weinstein,bronze,Q143137,https://en.wikipedia.org/wiki/Germany_at_the_1904_Summer_Olympics,Germany at the 1904 Summer Olympics,Q1206012,German Reich,,,,1878-04-05,Q695535,Wallendorf,Q526388,Schkopau,"51.358611111111,12.079722222222",51.358611111111,12.079722222222,Q6581097,male,Q327305,https://en.wikipedia.org/wiki/Athletics_at_the_1904_Summer_Olympics_–_Men's_high_jump,athletics at the 1904 Summer Olympics – men's high jump,Q723599,athletics at the 1904 Summer Olympics,Q542,athletics,Q542,athletics,https://en.wikipedia.org/wiki/List_of_1904_Summer_Olympics_medal_winners,layers-derived-wikipedia-wikidata
1904,Q525554,https://en.wikipedia.org/wiki/Charles_Dvorak,Charles Dvorak,gold,Q1350274,https://en.wikipedia.org/wiki/United_States_at_the_1904_Summer_Olympics,United States at the 1904 Summer Olympics,Q30,United States,US,USA,USA,1878-11-27,Q1297,Chicago,Q108418,Cook County,"41.88194444444444,-87.62777777777778",41.88194444444444,-87.62777777777778,Q6581097,male,Q327326,https://en.wikipedia.org/wiki/Athletics_at_the_1904_Summer_Olympics_–_Men's_pole_vault,athletics at the 1904 Summer Olympics – men's pole vault,Q723599,athletics at the 1904 Summer Olympics,Q542,athletics,Q542,athletics,https://en.wikipedia.org/wiki/List_of_1904_Summer_Olympics_medal_winners,layers-derived-wikipedia-wikidata
1904,Q765819,https://en.wikipedia.org/wiki/LeRoy_Samse,LeRoy Samse,silver,Q1350274,https://en.wikipedia.org/wiki/United_States_at_the_1904_Summer_Olympics,United States at the 1904 Summer Olympics,Q30,United States,US,USA,USA,1883-09-13,Q913209,Kokomo,Q507353,Howard County,"40.482222222222,-86.131666666667",40.482222222222,-86.131666666667,Q6581097,male,Q327326,https://en.wikipedia.org/wiki/Athletics_at_the_1904_Summer_Olympics_–_Men's_pole_vault,athletics at the 1904 Summer Olympics – men's pole vault,Q723599,athletics at the 1904 Summer Olympics,Q542,athletics,Q542,athletics,https://en.wikipedia.org/wiki/List_of_1904_Summer_Olympics_medal_winners,layers-derived-wikipedia-wikidata
1904,Q1378913,https://en.wikipedia.org/wiki/Louis_Wilkins,Louis Wilkins,bronze,Q1350274,https://en.wikipedia.org/wiki/United_States_at_the_1904_Summer_Olympics,United States at the 1904 Summer Olympics,Q30,United States,US,USA,USA,1882-12-10,Q2105688,Bourbon,Q540907,Marshall County,"41.2978,-86.1169",41.2978,-86.1169,Q6581097,male,Q327326,https://en.wikipedia.org/wiki/Athletics_at_the_1904_Summer_Olympics_–_Men's_pole_vault,athletics at the 1904 Summer Olympics – men's pole vault,Q723599,athletics at the 1904 Summer Olympics,Q542,athletics,Q542,athletics,https://en.wikipedia.org/wiki/List_of_1904_Summer_Olympics_medal_winners,layers-derived-wikipedia-wikidata
1904,Q52674,https://en.wikipedia.org/wiki/Ray_Ewry,Ray Ewry,gold,Q1350274,https://en.wikipedia.org/wiki/United_States_at_the_1904_Summer_Olympics,United States at the 1904 Summer Olympics,Q30,United States,US,USA,USA,1873-10-14,Q638187,Lafayette,Q507365,Tippecanoe County,"40.4172,-86.8786",40.4172,-86.8786,Q6581097,male,Q327320,https://en.wikipedia.org/wiki/Athletics_at_the_1904_Summer_Olympics_–_Men's_standing_long_jump,athletics at the 1904 Summer Olympics – men's standing long jump,Q723599,athletics at the 1904 Summer Olympics,Q542,athletics,Q542,athletics,https://en.wikipedia.org/wiki/List_of_1904_Summer_Olympics_medal_winners,layers-derived-wikipedia-wikidata
1904,Q923059,https://en.wikipedia.org/wiki/Charles_King_(athlete),Charles King,silver,Q1350274,https://en.wikipedia.org/wiki/United_States_at_the_1904_Summer_Olympics,United States at the 1904 Summer Olympics,Q30,United States,US,USA,USA,1880-12-10,Q2073595,Senatobia,Q486526,Tate County,"34.616388888889,-89.969444444444",34.616388888889,-89.969444444444,Q6581097,male,Q327320,https://en.wikipedia.org/wiki/Athletics_at_the_1904_Summer_Olympics_–_Men's_standing_long_jump,athletics at the 1904 Summer Olympics – men's standing long jump,Q723599,athletics at the 1904 Summer Olympics,Q542,athletics,Q542,athletics,https://en.wikipedia.org/wiki/List_of_1904_Summer_Olympics_medal_winners,layers-derived-wikipedia-wikidata
1904,Q156759,https://en.wikipedia.org/wiki/John_Biller,John Biller,bronze,Q1350274,https://en.wikipedia.org/wiki/United_States_at_the_1904_Summer_Olympics,United States at the 1904 Summer Olympics,Q30,United States,US,USA,USA,1877-11-14,Q25395,Newark,Q128077,Essex County,"40.73555555555556,-74.17222222222222",40.73555555555556,-74.17222222222222,Q6581097,male,Q327320,https://en.wikipedia.org/wiki/Athletics_at_the_1904_Summer_Olympics_–_Men's_standing_long_jump,athletics at the 1904 Summer Olympics – men's standing long jump,Q723599,athletics at the 1904 Summer Olympics,Q542,athletics,Q542,athletics,https://en.wikipedia.org/wiki/List_of_1904_Summer_Olympics_medal_winners,layers-derived-wikipedia-wikidata
1904,Q52674,https://en.wikipedia.org/wiki/Ray_Ewry,Ray Ewry,gold,Q1350274,https://en.wikipedia.org/wiki/United_States_at_the_1904_Summer_Olympics,United States at the 1904 Summer Olympics,Q30,United States,US,USA,USA,1873-10-14,Q638187,Lafayette,Q507365,Tippecanoe County,"40.4172,-86.8786",40.4172,-86.8786,Q6581097,male,Q392649,https://en.wikipedia.org/wiki/Athletics_at_the_1904_Summer_Olympics_–_Men's_standing_triple_jump,athletics at the 1904 Summer Olympics – men's standing triple jump,Q723599,athletics at the 1904 Summer Olympics,Q542,athletics,Q542,athletics,https://en.wikipedia.org/wiki/List_of_1904_Summer_Olympics_medal_winners,layers-derived-wikipedia-wikidata
1904,Q923059,https://en.wikipedia.org/wiki/Charles_King_(athlete),Charles King,silver,Q1350274,https://en.wikipedia.org/wiki/United_States_at_the_1904_Summer_Olympics,United States at the 1904 Summer Olympics,Q30,United States,US,USA,USA,1880-12-10,Q2073595,Senatobia,Q486526,Tate County,"34.616388888889,-89.969444444444",34.616388888889,-89.969444444444,Q6581097,male,Q392649,https://en.wikipedia.org/wiki/Athletics_at_the_1904_Summer_Olympics_–_Men's_standing_triple_jump,athletics at the 1904 Summer Olympics – men's standing triple jump,Q723599,athletics at the 1904 Summer Olympics,Q542,athletics,Q542,athletics,https://en.wikipedia.org/wiki/List_of_1904_Summer_Olympics_medal_winners,layers-derived-wikipedia-wikidata
1904,Q1359799,https://en.wikipedia.org/wiki/Joseph_Stadler,Joseph Stadler,bronze,Q1350274,https://en.wikipedia.org/wiki/United_States_at_the_1904_Summer_Olympics,United States at the 1904 Summer Olympics,Q30,United States,US,USA,USA,1880-06-12,Q37320,Cleveland,Q251267,Cuyahoga County,"41.49916666666667,-81.69472222222223",41.49916666666667,-81.69472222222223,Q6581097,male,Q392649,https://en.wikipedia.org/wiki/Athletics_at_the_1904_Summer_Olympics_–_Men's_standing_triple_jump,athletics at the 1904 Summer Olympics – men's standing triple jump,Q723599,athletics at the 1904 Summer Olympics,Q542,athletics,Q542,athletics,https://en.wikipedia.org/wiki/List_of_1904_Summer_Olympics_medal_winners,layers-derived-wikipedia-wikidata
1904,Q52674,https://en.wikipedia.org/wiki/Ray_Ewry,Ray Ewry,gold,Q1350274,https://en.wikipedia.org/wiki/United_States_at_the_1904_Summer_Olympics,United States at the 1904 Summer Olympics,Q30,United States,US,USA,USA,1873-10-14,Q638187,Lafayette,Q507365,Tippecanoe County,"40.4172,-86.8786",40.4172,-86.8786,Q6581097,male,Q327284,https://en.wikipedia.org/wiki/Athletics_at_the_1904_Summer_Olympics_–_Men's_standing_high_jump,athletics at the 1904 Summer Olympics – men's standing high jump,Q723599,athletics at the 1904 Summer Olympics,Q542,athletics,Q542,athletics,https://en.wikipedia.org/wiki/List_of_1904_Summer_Olympics_medal_winners,layers-derived-wikipedia-wikidata
1904,Q1359799,https://en.wikipedia.org/wiki/Joseph_Stadler,Joseph Stadler,silver,Q1350274,https://en.wikipedia.org/wiki/United_States_at_the_1904_Summer_Olympics,United States at the 1904 Summer Olympics,Q30,United States,US,USA,USA,1880-06-12,Q37320,Cleveland,Q251267,Cuyahoga County,"41.49916666666667,-81.69472222222223",41.49916666666667,-81.69472222222223,Q6581097,male,Q327284,https://en.wikipedia.org/wiki/Athletics_at_the_1904_Summer_Olympics_–_Men's_standing_high_jump,athletics at the 1904 Summer Olympics – men's standing high jump,Q723599,athletics at the 1904 Summer Olympics,Q542,athletics,Q542,athletics,https://en.wikipedia.org/wiki/List_of_1904_Summer_Olympics_medal_winners,layers-derived-wikipedia-wikidata
1904,Q1809337,https://en.wikipedia.org/wiki/Lawson_Robertson,Lawson Robertson,bronze,Q1350274,https://en.wikipedia.org/wiki/United_States_at_the_1904_Summer_Olympics,United States at the 1904 Summer Olympics,Q30,United States,US,USA,USA,1883-09-24,Q36405,Aberdeen,Q1542364,Grampian,"57.15,-2.1",57.15,-2.1,Q6581097,male,Q327284,https://en.wikipedia.org/wiki/Athletics_at_the_1904_Summer_Olympics_–_Men's_standing_high_jump,athletics at the 1904 Summer Olympics – men's standing high jump,Q723599,athletics at the 1904 Summer Olympics,Q542,athletics,Q542,athletics,https://en.wikipedia.org/wiki/List_of_1904_Summer_Olympics_medal_winners,layers-derived-wikipedia-wikidata
1904,Q371842,https://en.wikipedia.org/wiki/Ralph_Rose,Ralph Waldo Rose,gold,Q1350274,https://en.wikipedia.org/wiki/United_States_at_the_1904_Summer_Olympics,United States at the 1904 Summer Olympics,Q30,United States,US,USA,USA,1885-03-17,Q852598,Healdsburg,Q108067,Sonoma County,"38.6175,-122.86638888889",38.6175,-122.86638888889,Q6581097,male,Q392863,https://en.wikipedia.org/wiki/Athletics_at_the_1904_Summer_Olympics_–_Men's_shot_put,athletics at the 1904 Summer Olympics – men's shot put,Q723599,athletics at the 1904 Summer Olympics,Q542,athletics,Q542,athletics,https://en.wikipedia.org/wiki/List_of_1904_Summer_Olympics_medal_winners,layers-derived-wikipedia-wikidata
1904,Q1356696,https://en.wikipedia.org/wiki/Wesley_Coe,Wesley Coe,silver,Q1350274,https://en.wikipedia.org/wiki/United_States_at_the_1904_Summer_Olympics,United States at the 1904 Summer Olympics,Q30,United States,US,USA,USA,1879-05-08,Q100,Boston,Q54072,Suffolk County,"42.360277777777775,-71.05777777777777",42.360277777777775,-71.05777777777777,Q6581097,male,Q392863,https://en.wikipedia.org/wiki/Athletics_at_the_1904_Summer_Olympics_–_Men's_shot_put,athletics at the 1904 Summer Olympics – men's shot put,Q723599,athletics at the 1904 Summer Olympics,Q542,athletics,Q542,athletics,https://en.wikipedia.org/wiki/List_of_1904_Summer_Olympics_medal_winners,layers-derived-wikipedia-wikidata
1904,Q612861,https://en.wikipedia.org/wiki/Lawrence_Feuerbach,Lawrence Feuerbach,bronze,Q1350274,https://en.wikipedia.org/wiki/United_States_at_the_1904_Summer_Olympics,United States at the 1904 Summer Olympics,Q30,United States,US,USA,USA,1879-07-00,Q11299,Manhattan,Q60,New York City,"40.728333333333,-73.994166666667",40.728333333333,-73.994166666667,Q6581097,male,Q392863,https://en.wikipedia.org/wiki/Athletics_at_the_1904_Summer_Olympics_–_Men's_shot_put,athletics at the 1904 Summer Olympics – men's shot put,Q723599,athletics at the 1904 Summer Olympics,Q542,athletics,Q542,athletics,https://en.wikipedia.org/wiki/List_of_1904_Summer_Olympics_medal_winners,layers-derived-wikipedia-wikidata
1904,Q347267,https://en.wikipedia.org/wiki/Martin_Sheridan,Martin Sheridan,gold,Q1350274,https://en.wikipedia.org/wiki/United_States_at_the_1904_Summer_Olympics,United States at the 1904 Summer Olympics,Q30,United States,US,USA,USA,1881-03-28,Q2038011,Swinford,Q178626,County Mayo,"53.9417,-8.95",53.9417,-8.95,Q6581097,male,Q1185626,https://en.wikipedia.org/wiki/Athletics_at_the_1904_Summer_Olympics_–_Men's_discus_throw,athletics at the 1904 Summer Olympics – men's discus throw,Q723599,athletics at the 1904 Summer Olympics,Q542,athletics,Q542,athletics,https://en.wikipedia.org/wiki/List_of_1904_Summer_Olympics_medal_winners,layers-derived-wikipedia-wikidata
1904,Q371842,https://en.wikipedia.org/wiki/Ralph_Rose,Ralph Waldo Rose,silver,Q1350274,https://en.wikipedia.org/wiki/United_States_at_the_1904_Summer_Olympics,United States at the 1904 Summer Olympics,Q30,United States,US,USA,USA,1885-03-17,Q852598,Healdsburg,Q108067,Sonoma County,"38.6175,-122.86638888889",38.6175,-122.86638888889,Q6581097,male,Q1185626,https://en.wikipedia.org/wiki/Athletics_at_the_1904_Summer_Olympics_–_Men's_discus_throw,athletics at the 1904 Summer Olympics – men's discus throw,Q723599,athletics at the 1904 Summer Olympics,Q542,athletics,Q542,athletics,https://en.wikipedia.org/wiki/List_of_1904_Summer_Olympics_medal_winners,layers-derived-wikipedia-wikidata
1904,Q1389194,https://en.wikipedia.org/wiki/Nicolaos_Georgandas,Nikolaos Georgantas,bronze,Q142263,https://en.wikipedia.org/wiki/Greece_at_the_1904_Summer_Olympics,Greece at the 1904 Summer Olympics,Q209065,Kingdom of Greece,,,,1878-03-12,Q21589966,Steno,Q3539555,Tripoli Municipality,"37.495555555556,22.462222222222",37.495555555556,22.462222222222,Q6581097,male,Q1185626,https://en.wikipedia.org/wiki/Athletics_at_the_1904_Summer_Olympics_–_Men's_discus_throw,athletics at the 1904 Summer Olympics – men's discus throw,Q723599,athletics at the 1904 Summer Olympics,Q542,athletics,Q542,athletics,https://en.wikipedia.org/wiki/List_of_1904_Summer_Olympics_medal_winners,layers-derived-wikipedia-wikidata
1904,Q455064,https://en.wikipedia.org/wiki/John_Flanagan_(hammer_thrower),John Flanagan,gold,Q1350274,https://en.wikipedia.org/wiki/United_States_at_the_1904_Summer_Olympics,United States at the 1904 Summer Olympics,Q30,United States,US,USA,USA,1873-01-09,Q178283,County Limerick,Q131438,Munster,"52.5,-8.75",52.5,-8.75,Q6581097,male,Q1185638,https://en.wikipedia.org/wiki/Athletics_at_the_1904_Summer_Olympics_–_Men's_hammer_throw,athletics at the 1904 Summer Olympics – men's hammer throw,Q723599,athletics at the 1904 Summer Olympics,Q542,athletics,Q542,athletics,https://en.wikipedia.org/wiki/List_of_1904_Summer_Olympics_medal_winners,layers-derived-wikipedia-wikidata
1904,Q1699787,https://en.wikipedia.org/wiki/John_DeWitt_(athlete),John DeWitt,silver,Q1350274,https://en.wikipedia.org/wiki/United_States_at_the_1904_Summer_Olympics,United States at the 1904 Summer Olympics,Q30,United States,US,USA,USA,1881-10-29,Q1088690,Phillipsburg,Q502468,Warren County,"40.692,-75.179",40.692,-75.179,Q6581097,male,Q1185638,https://en.wikipedia.org/wiki/Athletics_at_the_1904_Summer_Olympics_–_Men's_hammer_throw,athletics at the 1904 Summer Olympics – men's hammer throw,Q723599,athletics at the 1904 Summer Olympics,Q542,athletics,Q542,athletics,https://en.wikipedia.org/wiki/List_of_1904_Summer_Olympics_medal_winners,layers-derived-wikipedia-wikidata
1904,Q371842,https://en.wikipedia.org/wiki/Ralph_Rose,Ralph Waldo Rose,bronze,Q1350274,https://en.wikipedia.org/wiki/United_States_at_the_1904_Summer_Olympics,United States at the 1904 Summer Olympics,Q30,United States,US,USA,USA,1885-03-17,Q852598,Healdsburg,Q108067,Sonoma County,"38.6175,-122.86638888889",38.6175,-122.86638888889,Q6581097,male,Q1185638,https://en.wikipedia.org/wiki/Athletics_at_the_1904_Summer_Olympics_–_Men's_hammer_throw,athletics at the 1904 Summer Olympics – men's hammer throw,Q723599,athletics at the 1904 Summer Olympics,Q542,athletics,Q542,athletics,https://en.wikipedia.org/wiki/List_of_1904_Summer_Olympics_medal_winners,layers-derived-wikipedia-wikidata
1904,Q289605,https://en.wikipedia.org/wiki/Étienne_Desmarteau,Étienne Desmarteau,gold,Q1207374,https://en.wikipedia.org/wiki/Canada_at_the_1904_Summer_Olympics,Canada at the 1904 Summer Olympics,Q16,Canada,CA,CAN,CAN,1873-02-04,Q141924,Boucherville,Q2826810,Urban agglomeration of Longueuil,"45.6,-73.45",45.6,-73.45,Q6581097,male,Q1133486,https://en.wikipedia.org/wiki/Athletics_at_the_1904_Summer_Olympics_–_Men's_56_pound_weight_throw,athletics at the 1904 Summer Olympics – men's 56 pound weight throw,Q723599,athletics at the 1904 Summer Olympics,Q542,athletics,Q542,athletics,https://en.wikipedia.org/wiki/List_of_1904_Summer_Olympics_medal_winners,layers-derived-wikipedia-wikidata
1904,Q455064,https://en.wikipedia.org/wiki/John_Flanagan_(hammer_thrower),John Flanagan,silver,Q1350274,https://en.wikipedia.org/wiki/United_States_at_the_1904_Summer_Olympics,United States at the 1904 Summer Olympics,Q30,United States,US,USA,USA,1873-01-09,Q178283,County Limerick,Q131438,Munster,"52.5,-8.75",52.5,-8.75,Q6581097,male,Q1133486,https://en.wikipedia.org/wiki/Athletics_at_the_1904_Summer_Olympics_–_Men's_56_pound_weight_throw,athletics at the 1904 Summer Olympics – men's 56 pound weight throw,Q723599,athletics at the 1904 Summer Olympics,Q542,athletics,Q542,athletics,https://en.wikipedia.org/wiki/List_of_1904_Summer_Olympics_medal_winners,layers-derived-wikipedia-wikidata
1904,Q968460,https://en.wikipedia.org/wiki/James_Mitchell_(athlete),James Mitchel,bronze,Q1350274,https://en.wikipedia.org/wiki/United_States_at_the_1904_Summer_Olympics,United States at the 1904 Summer Olympics,Q30,United States,US,USA,USA,1864-01-30,Q184618,County Tipperary,Q131438,Munster,"52.666666666667,-7.8333333333333",52.666666666667,-7.8333333333333,Q6581097,male,Q1133486,https://en.wikipedia.org/wiki/Athletics_at_the_1904_Summer_Olympics_–_Men's_56_pound_weight_throw,athletics at the 1904 Summer Olympics – men's 56 pound weight throw,Q723599,athletics at the 1904 Summer Olympics,Q542,athletics,Q542,athletics,https://en.wikipedia.org/wiki/List_of_1904_Summer_Olympics_medal_winners,layers-derived-wikipedia-wikidata
1904,Q2709364,https://en.wikipedia.org/wiki/Max_Emmerich,Max Emmerich,gold,Q1350274,https://en.wikipedia.org/wiki/United_States_at_the_1904_Summer_Olympics,United States at the 1904 Summer Olympics,Q30,United States,US,USA,USA,1879-06-01,Q6346,Indianapolis,Q506230,Marion County,"39.768611111111,-86.158055555556",39.768611111111,-86.158055555556,Q6581097,male,Q499072,https://en.wikipedia.org/wiki/Athletics_at_the_1904_Summer_Olympics_–_Men's_triathlon,athletics at the 1904 Summer Olympics – men's triathlon,Q723599,athletics at the 1904 Summer Olympics,Q542,athletics,Q542,athletics,https://en.wikipedia.org/wiki/List_of_1904_Summer_Olympics_medal_winners,layers-derived-wikipedia-wikidata
1904,Q2445635,https://en.wikipedia.org/wiki/John_Grieb,John Grieb,silver,Q1350274,https://en.wikipedia.org/wiki/United_States_at_the_1904_Summer_Olympics,United States at the 1904 Summer Olympics,Q30,United States,US,USA,USA,1879-11-19,Q1345,Philadelphia,Q496900,Philadelphia County,"39.952777777778,-75.163611111111",39.952777777778,-75.163611111111,Q6581097,male,Q499072,https://en.wikipedia.org/wiki/Athletics_at_the_1904_Summer_Olympics_–_Men's_triathlon,athletics at the 1904 Summer Olympics – men's triathlon,Q723599,athletics at the 1904 Summer Olympics,Q542,athletics,Q542,athletics,https://en.wikipedia.org/wiki/List_of_1904_Summer_Olympics_medal_winners,layers-derived-wikipedia-wikidata
1904,Q2638690,https://en.wikipedia.org/wiki/William_Merz,William Merz,bronze,Q1350274,https://en.wikipedia.org/wiki/United_States_at_the_1904_Summer_Olympics,United States at the 1904 Summer Olympics,Q30,United States,US,USA,USA,1878-04-25,Q574895,Red Bud,Q486499,Randolph County,"38.2095923,-89.9997593",38.2095923,-89.9997593,Q6581097,male,Q499072,https://en.wikipedia.org/wiki/Athletics_at_the_1904_Summer_Olympics_–_Men's_triathlon,athletics at the 1904 Summer Olympics – men's triathlon,Q723599,athletics at the 1904 Summer Olympics,Q542,athletics,Q542,athletics,https://en.wikipedia.org/wiki/List_of_1904_Summer_Olympics_medal_winners,layers-derived-wikipedia-wikidata
1904,Q722467,https://en.wikipedia.org/wiki/Tom_Kiely,Tom Kiely,gold,Q1354030,https://en.wikipedia.org/wiki/Great_Britain_at_the_1904_Summer_Olympics,Great Britain at the 1904 Summer Olympics,Q174193,United Kingdom of Great Britain and Ireland,,,,1869-08-25,Q1003187,Carrick-on-Suir,Q184618,County Tipperary,"52.346509,-7.411995",52.346509,-7.411995,Q6581097,male,Q1210386,https://en.wikipedia.org/wiki/Athletics_at_the_1904_Summer_Olympics_–_Men's_all-around,athletics at the 1904 Summer Olympics – men's all-around,Q723599,athletics at the 1904 Summer Olympics,Q542,athletics,Q542,athletics,https://en.wikipedia.org/wiki/List_of_1904_Summer_Olympics_medal_winners,layers-derived-wikipedia-wikidata
1904,Q349629,https://en.wikipedia.org/wiki/Adam_Gunn,Adam Gunn,silver,Q1350274,https://en.wikipedia.org/wiki/United_States_at_the_1904_Summer_Olympics,United States at the 1904 Summer Olympics,Q30,United States,US,USA,USA,1872-12-24,Q1020232,Golspie,Q208279,Highland,"57.973331,-3.975074",57.973331,-3.975074,Q6581097,male,Q1210386,https://en.wikipedia.org/wiki/Athletics_at_the_1904_Summer_Olympics_–_Men's_all-around,athletics at the 1904 Summer Olympics – men's all-around,Q723599,athletics at the 1904 Summer Olympics,Q542,athletics,Q542,athletics,https://en.wikipedia.org/wiki/List_of_1904_Summer_Olympics_medal_winners,layers-derived-wikipedia-wikidata
1904,Q130906,https://en.wikipedia.org/wiki/Truxtun_Hare,Truxtun Hare,bronze,Q1350274,https://en.wikipedia.org/wiki/United_States_at_the_1904_Summer_Olympics,United States at the 1904 Summer Olympics,Q30,United States,US,USA,USA,1878-10-12,Q1345,Philadelphia,Q496900,Philadelphia County,"39.952777777778,-75.163611111111",39.952777777778,-75.163611111111,Q6581097,male,Q1210386,https://en.wikipedia.org/wiki/Athletics_at_the_1904_Summer_Olympics_–_Men's_all-around,athletics at the 1904 Summer Olympics – men's all-around,Q723599,athletics at the 1904 Summer Olympics,Q542,athletics,Q542,athletics,https://en.wikipedia.org/wiki/List_of_1904_Summer_Olympics_medal_winners,layers-derived-wikipedia-wikidata
1904,Q718320,https://en.wikipedia.org/wiki/George_Finnegan,George Finnegan,gold,Q1350274,https://en.wikipedia.org/wiki/United_States_at_the_1904_Summer_Olympics,United States at the 1904 Summer Olympics,Q30,United States,US,USA,USA,1881-09-00,Q62,San Francisco,Q13188841,San Francisco County,"37.775,-122.41944444444445",37.775,-122.41944444444445,Q6581097,male,Q859429,https://en.wikipedia.org/wiki/Boxing_at_the_1904_Summer_Olympics_–_Flyweight,boxing at the 1904 Summer Olympics – flyweight,Q631313,boxing at the 1904 Summer Olympics,Q32112,boxing,Q32112,boxing,https://en.wikipedia.org/wiki/List_of_1904_Summer_Olympics_medal_winners,layers-derived-wikipedia-wikidata
1904,Q655934,https://en.wikipedia.org/wiki/Miles_Burke,Miles Burke,silver,Q1350274,https://en.wikipedia.org/wiki/United_States_at_the_1904_Summer_Olympics,United States at the 1904 Summer Olympics,Q30,United States,US,USA,USA,1885-01-15,Q38022,St. Louis,Q1581,Missouri,"38.62638888888889,-90.19944444444444",38.62638888888889,-90.19944444444444,Q6581097,male,Q859429,https://en.wikipedia.org/wiki/Boxing_at_the_1904_Summer_Olympics_–_Flyweight,boxing at the 1904 Summer Olympics – flyweight,Q631313,boxing at the 1904 Summer Olympics,Q32112,boxing,Q32112,boxing,https://en.wikipedia.org/wiki/List_of_1904_Summer_Olympics_medal_winners,layers-derived-wikipedia-wikidata
1904,Q459418,https://en.wikipedia.org/wiki/Oliver_Kirk,Oliver Kirk,gold,Q1350274,https://en.wikipedia.org/wiki/United_States_at_the_1904_Summer_Olympics,United States at the 1904 Summer Olympics,Q30,United States,US,USA,USA,1884-04-20,Q813247,Beatrice,Q203049,Gage County,"40.268333333333,-96.743055555556",40.268333333333,-96.743055555556,Q6581097,male,Q859523,https://en.wikipedia.org/wiki/Boxing_at_the_1904_Summer_Olympics_–_Bantamweight,boxing at the 1904 Summer Olympics – bantamweight,Q631313,boxing at the 1904 Summer Olympics,Q32112,boxing,Q32112,boxing,https://en.wikipedia.org/wiki/List_of_1904_Summer_Olympics_medal_winners,layers-derived-wikipedia-wikidata
1904,Q718320,https://en.wikipedia.org/wiki/George_Finnegan,George Finnegan,silver,Q1350274,https://en.wikipedia.org/wiki/United_States_at_the_1904_Summer_Olympics,United States at the 1904 Summer Olympics,Q30,United States,US,USA,USA,1881-09-00,Q62,San Francisco,Q13188841,San Francisco County,"37.775,-122.41944444444445",37.775,-122.41944444444445,Q6581097,male,Q859523,https://en.wikipedia.org/wiki/Boxing_at_the_1904_Summer_Olympics_–_Bantamweight,boxing at the 1904 Summer Olympics – bantamweight,Q631313,boxing at the 1904 Summer Olympics,Q32112,boxing,Q32112,boxing,https://en.wikipedia.org/wiki/List_of_1904_Summer_Olympics_medal_winners,layers-derived-wikipedia-wikidata
1904,Q459418,https://en.wikipedia.org/wiki/Oliver_Kirk,Oliver Kirk,gold,Q1350274,https://en.wikipedia.org/wiki/United_States_at_the_1904_Summer_Olympics,United States at the 1904 Summer Olympics,Q30,United States,US,USA,USA,1884-04-20,Q813247,Beatrice,Q203049,Gage County,"40.268333333333,-96.743055555556",40.268333333333,-96.743055555556,Q6581097,male,Q859550,https://en.wikipedia.org/wiki/Boxing_at_the_1904_Summer_Olympics_–_Featherweight,boxing at the 1904 Summer Olympics – featherweight,Q631313,boxing at the 1904 Summer Olympics,Q32112,boxing,Q32112,boxing,https://en.wikipedia.org/wiki/List_of_1904_Summer_Olympics_medal_winners,layers-derived-wikipedia-wikidata
1904,Q617019,https://en.wikipedia.org/wiki/Frank_Haller,Frank Haller,silver,Q1350274,https://en.wikipedia.org/wiki/United_States_at_the_1904_Summer_Olympics,United States at the 1904 Summer Olympics,Q30,United States,US,USA,USA,1883-01-06,Q62,San Francisco,Q13188841,San Francisco County,"37.775,-122.41944444444445",37.775,-122.41944444444445,Q6581097,male,Q859550,https://en.wikipedia.org/wiki/Boxing_at_the_1904_Summer_Olympics_–_Featherweight,boxing at the 1904 Summer Olympics – featherweight,Q631313,boxing at the 1904 Summer Olympics,Q32112,boxing,Q32112,boxing,https://en.wikipedia.org/wiki/List_of_1904_Summer_Olympics_medal_winners,layers-derived-wikipedia-wikidata
1904,Q2638720,https://en.wikipedia.org/wiki/Frederick_Gilmore,Frederick Garfield Gilmore,bronze,Q1350274,https://en.wikipedia.org/wiki/United_States_at_the_1904_Summer_Olympics,United States at the 1904 Summer Olympics,Q30,United States,US,USA,USA,1887-05-22,Q340,Montreal,Q2826806,Urban agglomeration of Montreal,"45.5033426,-73.5868411",45.5033426,-73.5868411,Q6581097,male,Q859550,https://en.wikipedia.org/wiki/Boxing_at_the_1904_Summer_Olympics_–_Featherweight,boxing at the 1904 Summer Olympics – featherweight,Q631313,boxing at the 1904 Summer Olympics,Q32112,boxing,Q32112,boxing,https://en.wikipedia.org/wiki/List_of_1904_Summer_Olympics_medal_winners,layers-derived-wikipedia-wikidata
1904,Q932597,https://en.wikipedia.org/wiki/Harry_Spanjer,Harry Spanjer,gold,Q1350274,https://en.wikipedia.org/wiki/United_States_at_the_1904_Summer_Olympics,United States at the 1904 Summer Olympics,Q30,United States,US,USA,USA,1873-01-09,Q184587,Grand Rapids,Q82499,Kent County,"42.96333333333333,-85.66777777777777",42.96333333333333,-85.66777777777777,Q6581097,male,Q860174,https://en.wikipedia.org/wiki/Boxing_at_the_1904_Summer_Olympics_–_Lightweight,boxing at the 1904 Summer Olympics – lightweight,Q631313,boxing at the 1904 Summer Olympics,Q32112,boxing,Q32112,boxing,https://en.wikipedia.org/wiki/List_of_1904_Summer_Olympics_medal_winners,layers-derived-wikipedia-wikidata
1904,Q2638706,https://en.wikipedia.org/wiki/Russell_van_Horn,Russell van Horn,silver,Q1350274,https://en.wikipedia.org/wiki/United_States_at_the_1904_Summer_Olympics,United States at the 1904 Summer Olympics,Q30,United States,US,USA,USA,1885-07-30,Q1400,Pennsylvania,Q30,United States,"41,-77.5",41,-77.5,Q6581097,male,Q860174,https://en.wikipedia.org/wiki/Boxing_at_the_1904_Summer_Olympics_–_Lightweight,boxing at the 1904 Summer Olympics – lightweight,Q631313,boxing at the 1904 Summer Olympics,Q32112,boxing,Q32112,boxing,https://en.wikipedia.org/wiki/List_of_1904_Summer_Olympics_medal_winners,layers-derived-wikipedia-wikidata
1904,Q1809216,https://en.wikipedia.org/wiki/Peter_Sturholdt,Peter Sturholdt,bronze,Q1350274,https://en.wikipedia.org/wiki/United_States_at_the_1904_Summer_Olympics,United States at the 1904 Summer Olympics,Q30,United States,US,USA,USA,1885-12-07,Q862658,Stillwater,Q485408,Washington County,"45.0565,-92.822175",45.0565,-92.822175,Q6581097,male,Q860174,https://en.wikipedia.org/wiki/Boxing_at_the_1904_Summer_Olympics_–_Lightweight,boxing at the 1904 Summer Olympics – lightweight,Q631313,boxing at the 1904 Summer Olympics,Q32112,boxing,Q32112,boxing,https://en.wikipedia.org/wiki/List_of_1904_Summer_Olympics_medal_winners,layers-derived-wikipedia-wikidata
1904,Q2831661,https://en.wikipedia.org/wiki/Albert_Young_(American_boxer),Albert Young,gold,Q1350274,https://en.wikipedia.org/wiki/United_States_at_the_1904_Summer_Olympics,United States at the 1904 Summer Olympics,Q30,United States,US,USA,USA,1877-09-28,Q240283,Lauterecken,Q15852579,Lauterecken-Wolfstein,"49.649444444444,7.5919444444444",49.649444444444,7.5919444444444,Q6581097,male,Q860248,https://en.wikipedia.org/wiki/Boxing_at_the_1904_Summer_Olympics_–_Welterweight,boxing at the 1904 Summer Olympics – welterweight,Q631313,boxing at the 1904 Summer Olympics,Q32112,boxing,Q32112,boxing,https://en.wikipedia.org/wiki/List_of_1904_Summer_Olympics_medal_winners,layers-derived-wikipedia-wikidata
1904,Q932597,https://en.wikipedia.org/wiki/Harry_Spanjer,Harry Spanjer,silver,Q1350274,https://en.wikipedia.org/wiki/United_States_at_the_1904_Summer_Olympics,United States at the 1904 Summer Olympics,Q30,United States,US,USA,USA,1873-01-09,Q184587,Grand Rapids,Q82499,Kent County,"42.96333333333333,-85.66777777777777",42.96333333333333,-85.66777777777777,Q6581097,male,Q860248,https://en.wikipedia.org/wiki/Boxing_at_the_1904_Summer_Olympics_–_Welterweight,boxing at the 1904 Summer Olympics – welterweight,Q631313,boxing at the 1904 Summer Olympics,Q32112,boxing,Q32112,boxing,https://en.wikipedia.org/wiki/List_of_1904_Summer_Olympics_medal_winners,layers-derived-wikipedia-wikidata
1904,Q949803,https://en.wikipedia.org/wiki/Joe_Lydon_(boxer),Joe Lydon,bronze,Q1350274,https://en.wikipedia.org/wiki/United_States_at_the_1904_Summer_Olympics,United States at the 1904 Summer Olympics,Q30,United States,US,USA,USA,1878-02-02,Q2038011,Swinford,Q178626,County Mayo,"53.9417,-8.95",53.9417,-8.95,Q6581097,male,Q860248,https://en.wikipedia.org/wiki/Boxing_at_the_1904_Summer_Olympics_–_Welterweight,boxing at the 1904 Summer Olympics – welterweight,Q631313,boxing at the 1904 Summer Olympics,Q32112,boxing,Q32112,boxing,https://en.wikipedia.org/wiki/List_of_1904_Summer_Olympics_medal_winners,layers-derived-wikipedia-wikidata
1904,Q2599035,https://en.wikipedia.org/wiki/Charles_Mayer_(boxer),Charles Mayer,gold,Q1350274,https://en.wikipedia.org/wiki/United_States_at_the_1904_Summer_Olympics,United States at the 1904 Summer Olympics,Q30,United States,US,USA,USA,1882-01-07,Q22697,Molsheim,Q2150573,Unterelsaß,"48.542777777778,7.4922222222222",48.542777777778,7.4922222222222,Q6581097,male,Q631313,https://en.wikipedia.org/wiki/Boxing_at_the_1904_Summer_Olympics_–_Middleweight,boxing at the 1904 Summer Olympics,Q8098,1904 Summer Olympics,Q32112,boxing,Q32112,boxing,https://en.wikipedia.org/wiki/List_of_1904_Summer_Olympics_medal_winners,layers-derived-wikipedia-wikidata
1904,Q2638278,https://en.wikipedia.org/wiki/Benjamin_Spradley,Benjamin Spradley,silver,Q1350274,https://en.wikipedia.org/wiki/United_States_at_the_1904_Summer_Olympics,United States at the 1904 Summer Olympics,Q30,United States,US,USA,USA,1879-01-18,Q761885,Washington,Q490383,Franklin County,"38.551944444444,-91.013333333333",38.551944444444,-91.013333333333,Q6581097,male,Q631313,https://en.wikipedia.org/wiki/Boxing_at_the_1904_Summer_Olympics_–_Middleweight,boxing at the 1904 Summer Olympics,Q8098,1904 Summer Olympics,Q32112,boxing,Q32112,boxing,https://en.wikipedia.org/wiki/List_of_1904_Summer_Olympics_medal_winners,layers-derived-wikipedia-wikidata
1904,Q1338239,https://en.wikipedia.org/wiki/Samuel_Berger_(boxer),Samuel Berger,gold,Q1350274,https://en.wikipedia.org/wiki/United_States_at_the_1904_Summer_Olympics,United States at the 1904 Summer Olympics,Q30,United States,US,USA,USA,1884-12-25,Q1297,Chicago,Q108418,Cook County,"41.88194444444444,-87.62777777777778",41.88194444444444,-87.62777777777778,Q6581097,male,Q860229,https://en.wikipedia.org/wiki/Boxing_at_the_1904_Summer_Olympics_–_Heavyweight,boxing at the 1904 Summer Olympics – heavyweight,Q631313,boxing at the 1904 Summer Olympics,Q32112,boxing,Q32112,boxing,https://en.wikipedia.org/wiki/List_of_1904_Summer_Olympics_medal_winners,layers-derived-wikipedia-wikidata
1904,Q2599035,https://en.wikipedia.org/wiki/Charles_Mayer_(boxer),Charles Mayer,silver,Q1350274,https://en.wikipedia.org/wiki/United_States_at_the_1904_Summer_Olympics,United States at the 1904 Summer Olympics,Q30,United States,US,USA,USA,1882-01-07,Q22697,Molsheim,Q2150573,Unterelsaß,"48.542777777778,7.4922222222222",48.542777777778,7.4922222222222,Q6581097,male,Q860229,https://en.wikipedia.org/wiki/Boxing_at_the_1904_Summer_Olympics_–_Heavyweight,boxing at the 1904 Summer Olympics – heavyweight,Q631313,boxing at the 1904 Summer Olympics,Q32112,boxing,Q32112,boxing,https://en.wikipedia.org/wiki/List_of_1904_Summer_Olympics_medal_winners,layers-derived-wikipedia-wikidata
1904,Q2991671,https://en.wikipedia.org/wiki/William_Michaels,William Michaels,bronze,Q1350274,https://en.wikipedia.org/wiki/United_States_at_the_1904_Summer_Olympics,United States at the 1904 Summer Olympics,Q30,United States,US,USA,USA,1876-07-13,Q2327969,Alcoa,Q475301,Blount County,"35.80385,-83.9775",35.80385,-83.9775,Q6581097,male,Q860229,https://en.wikipedia.org/wiki/Boxing_at_the_1904_Summer_Olympics_–_Heavyweight,boxing at the 1904 Summer Olympics – heavyweight,Q631313,boxing at the 1904 Summer Olympics,Q32112,boxing,Q32112,boxing,https://en.wikipedia.org/wiki/List_of_1904_Summer_Olympics_medal_winners,layers-derived-wikipedia-wikidata
1904,Q940285,https://en.wikipedia.org/wiki/Marcus_Hurley,Marcus Hurley,gold,Q1350274,https://en.wikipedia.org/wiki/United_States_at_the_1904_Summer_Olympics,United States at the 1904 Summer Olympics,Q30,United States,US,USA,USA,1883-12-22,Q744948,New Rochelle,Q54066,Westchester County,"40.908611111111,-73.781944444444",40.908611111111,-73.781944444444,Q6581097,male,Q860186,https://en.wikipedia.org/wiki/Cycling_at_the_1904_Summer_Olympics_–_1/4_mile,cycling at the 1904 Summer Olympics – 1/4 mile,Q839089,cycling at the 1904 Summer Olympics,Q221635,track cycling,Q221635,track cycling,https://en.wikipedia.org/wiki/List_of_1904_Summer_Olympics_medal_winners,layers-derived-wikipedia-wikidata
1904,Q1017119,https://en.wikipedia.org/wiki/Burton_Downing,Burton Downing,silver,Q1350274,https://en.wikipedia.org/wiki/United_States_at_the_1904_Summer_Olympics,United States at the 1904 Summer Olympics,Q30,United States,US,USA,USA,1885-02-05,Q16553,San Jose,Q110739,Santa Clara County,"37.304166666667,-121.87277777778",37.304166666667,-121.87277777778,Q6581097,male,Q860186,https://en.wikipedia.org/wiki/Cycling_at_the_1904_Summer_Olympics_–_1/4_mile,cycling at the 1904 Summer Olympics – 1/4 mile,Q839089,cycling at the 1904 Summer Olympics,Q221635,track cycling,Q221635,track cycling,https://en.wikipedia.org/wiki/List_of_1904_Summer_Olympics_medal_winners,layers-derived-wikipedia-wikidata
1904,Q26269,https://en.wikipedia.org/wiki/Teddy_Billington,Teddy Billington,bronze,Q1350274,https://en.wikipedia.org/wiki/United_States_at_the_1904_Summer_Olympics,United States at the 1904 Summer Olympics,Q30,United States,US,USA,USA,1882-07-14,Q79848,Southampton,Q21683230,City of Southampton,"50.906666666666666,-1.4044444444444444",50.906666666666666,-1.4044444444444444,Q6581097,male,Q860186,https://en.wikipedia.org/wiki/Cycling_at_the_1904_Summer_Olympics_–_1/4_mile,cycling at the 1904 Summer Olympics – 1/4 mile,Q839089,cycling at the 1904 Summer Olympics,Q221635,track cycling,Q221635,track cycling,https://en.wikipedia.org/wiki/List_of_1904_Summer_Olympics_medal_winners,layers-derived-wikipedia-wikidata
1904,Q940285,https://en.wikipedia.org/wiki/Marcus_Hurley,Marcus Hurley,gold,Q1350274,https://en.wikipedia.org/wiki/United_States_at_the_1904_Summer_Olympics,United States at the 1904 Summer Olympics,Q30,United States,US,USA,USA,1883-12-22,Q744948,New Rochelle,Q54066,Westchester County,"40.908611111111,-73.781944444444",40.908611111111,-73.781944444444,Q6581097,male,Q860454,https://en.wikipedia.org/wiki/Cycling_at_the_1904_Summer_Olympics_–_1/3_mile,cycling at the 1904 Summer Olympics – 1/3 mile,Q839089,cycling at the 1904 Summer Olympics,Q221635,track cycling,Q221635,track cycling,https://en.wikipedia.org/wiki/List_of_1904_Summer_Olympics_medal_winners,layers-derived-wikipedia-wikidata
1904,Q1017119,https://en.wikipedia.org/wiki/Burton_Downing,Burton Downing,silver,Q1350274,https://en.wikipedia.org/wiki/United_States_at_the_1904_Summer_Olympics,United States at the 1904 Summer Olympics,Q30,United States,US,USA,USA,1885-02-05,Q16553,San Jose,Q110739,Santa Clara County,"37.304166666667,-121.87277777778",37.304166666667,-121.87277777778,Q6581097,male,Q860454,https://en.wikipedia.org/wiki/Cycling_at_the_1904_Summer_Olympics_–_1/3_mile,cycling at the 1904 Summer Olympics – 1/3 mile,Q839089,cycling at the 1904 Summer Olympics,Q221635,track cycling,Q221635,track cycling,https://en.wikipedia.org/wiki/List_of_1904_Summer_Olympics_medal_winners,layers-derived-wikipedia-wikidata
1904,Q26269,https://en.wikipedia.org/wiki/Teddy_Billington,Teddy Billington,bronze,Q1350274,https://en.wikipedia.org/wiki/United_States_at_the_1904_Summer_Olympics,United States at the 1904 Summer Olympics,Q30,United States,US,USA,USA,1882-07-14,Q79848,Southampton,Q21683230,City of Southampton,"50.906666666666666,-1.4044444444444444",50.906666666666666,-1.4044444444444444,Q6581097,male,Q860454,https://en.wikipedia.org/wiki/Cycling_at_the_1904_Summer_Olympics_–_1/3_mile,cycling at the 1904 Summer Olympics – 1/3 mile,Q839089,cycling at the 1904 Summer Olympics,Q221635,track cycling,Q221635,track cycling,https://en.wikipedia.org/wiki/List_of_1904_Summer_Olympics_medal_winners,layers-derived-wikipedia-wikidata
1904,Q940285,https://en.wikipedia.org/wiki/Marcus_Hurley,Marcus Hurley,gold,Q1350274,https://en.wikipedia.org/wiki/United_States_at_the_1904_Summer_Olympics,United States at the 1904 Summer Olympics,Q30,United States,US,USA,USA,1883-12-22,Q744948,New Rochelle,Q54066,Westchester County,"40.908611111111,-73.781944444444",40.908611111111,-73.781944444444,Q6581097,male,Q860168,https://en.wikipedia.org/wiki/Cycling_at_the_1904_Summer_Olympics_–_1/2_mile,cycling at the 1904 Summer Olympics – 1/2 mile,Q839089,cycling at the 1904 Summer Olympics,Q221635,track cycling,Q221635,track cycling,https://en.wikipedia.org/wiki/List_of_1904_Summer_Olympics_medal_winners,layers-derived-wikipedia-wikidata
1904,Q26269,https://en.wikipedia.org/wiki/Teddy_Billington,Teddy Billington,silver,Q1350274,https://en.wikipedia.org/wiki/United_States_at_the_1904_Summer_Olympics,United States at the 1904 Summer Olympics,Q30,United States,US,USA,USA,1882-07-14,Q79848,Southampton,Q21683230,City of Southampton,"50.906666666666666,-1.4044444444444444",50.906666666666666,-1.4044444444444444,Q6581097,male,Q860168,https://en.wikipedia.org/wiki/Cycling_at_the_1904_Summer_Olympics_–_1/2_mile,cycling at the 1904 Summer Olympics – 1/2 mile,Q839089,cycling at the 1904 Summer Olympics,Q221635,track cycling,Q221635,track cycling,https://en.wikipedia.org/wiki/List_of_1904_Summer_Olympics_medal_winners,layers-derived-wikipedia-wikidata
1904,Q1017119,https://en.wikipedia.org/wiki/Burton_Downing,Burton Downing,bronze,Q1350274,https://en.wikipedia.org/wiki/United_States_at_the_1904_Summer_Olympics,United States at the 1904 Summer Olympics,Q30,United States,US,USA,USA,1885-02-05,Q16553,San Jose,Q110739,Santa Clara County,"37.304166666667,-121.87277777778",37.304166666667,-121.87277777778,Q6581097,male,Q860168,https://en.wikipedia.org/wiki/Cycling_at_the_1904_Summer_Olympics_–_1/2_mile,cycling at the 1904 Summer Olympics – 1/2 mile,Q839089,cycling at the 1904 Summer Olympics,Q221635,track cycling,Q221635,track cycling,https://en.wikipedia.org/wiki/List_of_1904_Summer_Olympics_medal_winners,layers-derived-wikipedia-wikidata
1904,Q940285,https://en.wikipedia.org/wiki/Marcus_Hurley,Marcus Hurley,gold,Q1350274,https://en.wikipedia.org/wiki/United_States_at_the_1904_Summer_Olympics,United States at the 1904 Summer Olympics,Q30,United States,US,USA,USA,1883-12-22,Q744948,New Rochelle,Q54066,Westchester County,"40.908611111111,-73.781944444444",40.908611111111,-73.781944444444,Q6581097,male,Q860238,https://en.wikipedia.org/wiki/Cycling_at_the_1904_Summer_Olympics_–_1_mile,cycling at the 1904 Summer Olympics – 1 mile,Q839089,cycling at the 1904 Summer Olympics,Q221635,track cycling,Q221635,track cycling,https://en.wikipedia.org/wiki/List_of_1904_Summer_Olympics_medal_winners,layers-derived-wikipedia-wikidata
1904,Q1017119,https://en.wikipedia.org/wiki/Burton_Downing,Burton Downing,silver,Q1350274,https://en.wikipedia.org/wiki/United_States_at_the_1904_Summer_Olympics,United States at the 1904 Summer Olympics,Q30,United States,US,USA,USA,1885-02-05,Q16553,San Jose,Q110739,Santa Clara County,"37.304166666667,-121.87277777778",37.304166666667,-121.87277777778,Q6581097,male,Q860238,https://en.wikipedia.org/wiki/Cycling_at_the_1904_Summer_Olympics_–_1_mile,cycling at the 1904 Summer Olympics – 1 mile,Q839089,cycling at the 1904 Summer Olympics,Q221635,track cycling,Q221635,track cycling,https://en.wikipedia.org/wiki/List_of_1904_Summer_Olympics_medal_winners,layers-derived-wikipedia-wikidata
1904,Q26269,https://en.wikipedia.org/wiki/Teddy_Billington,Teddy Billington,bronze,Q1350274,https://en.wikipedia.org/wiki/United_States_at_the_1904_Summer_Olympics,United States at the 1904 Summer Olympics,Q30,United States,US,USA,USA,1882-07-14,Q79848,Southampton,Q21683230,City of Southampton,"50.906666666666666,-1.4044444444444444",50.906666666666666,-1.4044444444444444,Q6581097,male,Q860238,https://en.wikipedia.org/wiki/Cycling_at_the_1904_Summer_Olympics_–_1_mile,cycling at the 1904 Summer Olympics – 1 mile,Q839089,cycling at the 1904 Summer Olympics,Q221635,track cycling,Q221635,track cycling,https://en.wikipedia.org/wiki/List_of_1904_Summer_Olympics_medal_winners,layers-derived-wikipedia-wikidata
1904,Q1017119,https://en.wikipedia.org/wiki/Burton_Downing,Burton Downing,gold,Q1350274,https://en.wikipedia.org/wiki/United_States_at_the_1904_Summer_Olympics,United States at the 1904 Summer Olympics,Q30,United States,US,USA,USA,1885-02-05,Q16553,San Jose,Q110739,Santa Clara County,"37.304166666667,-121.87277777778",37.304166666667,-121.87277777778,Q6581097,male,Q2033281,https://en.wikipedia.org/wiki/Cycling_at_the_1904_Summer_Olympics_–_2_miles,cycling at the 1904 Summer Olympics – 2 miles,Q839089,cycling at the 1904 Summer Olympics,Q221635,track cycling,Q221635,track cycling,https://en.wikipedia.org/wiki/List_of_1904_Summer_Olympics_medal_winners,layers-derived-wikipedia-wikidata
1904,Q26261,https://en.wikipedia.org/wiki/Oscar_Goerke,Oscar Goerke,silver,Q1350274,https://en.wikipedia.org/wiki/United_States_at_the_1904_Summer_Olympics,United States at the 1904 Summer Olympics,Q30,United States,US,USA,USA,1883-01-10,Q18419,Brooklyn,Q60,New York City,"40.65083333333333,-73.94972222222222",40.65083333333333,-73.94972222222222,Q6581097,male,Q2033281,https://en.wikipedia.org/wiki/Cycling_at_the_1904_Summer_Olympics_–_2_miles,cycling at the 1904 Summer Olympics – 2 miles,Q839089,cycling at the 1904 Summer Olympics,Q221635,track cycling,Q221635,track cycling,https://en.wikipedia.org/wiki/List_of_1904_Summer_Olympics_medal_winners,layers-derived-wikipedia-wikidata
1904,Q940285,https://en.wikipedia.org/wiki/Marcus_Hurley,Marcus Hurley,bronze,Q1350274,https://en.wikipedia.org/wiki/United_States_at_the_1904_Summer_Olympics,United States at the 1904 Summer Olympics,Q30,United States,US,USA,USA,1883-12-22,Q744948,New Rochelle,Q54066,Westchester County,"40.908611111111,-73.781944444444",40.908611111111,-73.781944444444,Q6581097,male,Q2033281,https://en.wikipedia.org/wiki/Cycling_at_the_1904_Summer_Olympics_–_2_miles,cycling at the 1904 Summer Olympics – 2 miles,Q839089,cycling at the 1904 Summer Olympics,Q221635,track cycling,Q221635,track cycling,https://en.wikipedia.org/wiki/List_of_1904_Summer_Olympics_medal_winners,layers-derived-wikipedia-wikidata
1904,Q26510,https://en.wikipedia.org/wiki/Charles_Schlee,Charles Schlee,gold,Q1350274,https://en.wikipedia.org/wiki/United_States_at_the_1904_Summer_Olympics,United States at the 1904 Summer Olympics,Q30,United States,US,USA,USA,1873-07-21,Q1748,Copenhagen,Q26073,Capital Region of Denmark,"55.676111111111,12.568888888889",55.676111111111,12.568888888889,Q6581097,male,Q4106943,https://en.wikipedia.org/wiki/Cycling_at_the_1904_Summer_Olympics_–_5_miles,cycling at the 1904 Summer Olympics – 5 miles,Q839089,cycling at the 1904 Summer Olympics,Q221635,track cycling,Q221635,track cycling,https://en.wikipedia.org/wiki/List_of_1904_Summer_Olympics_medal_winners,layers-derived-wikipedia-wikidata
1904,Q1508617,https://en.wikipedia.org/wiki/George_E._Wiley,George E. Wiley,silver,Q1350274,https://en.wikipedia.org/wiki/United_States_at_the_1904_Summer_Olympics,United States at the 1904 Summer Olympics,Q30,United States,US,USA,USA,1881-05-07,Q1380663,Little Falls,Q487564,Herkimer County,"43.0428,-74.8575",43.0428,-74.8575,Q6581097,male,Q4106943,https://en.wikipedia.org/wiki/Cycling_at_the_1904_Summer_Olympics_–_5_miles,cycling at the 1904 Summer Olympics – 5 miles,Q839089,cycling at the 1904 Summer Olympics,Q221635,track cycling,Q221635,track cycling,https://en.wikipedia.org/wiki/List_of_1904_Summer_Olympics_medal_winners,layers-derived-wikipedia-wikidata
1904,Q26267,https://en.wikipedia.org/wiki/Arthur_F._Andrews,Arthur F. Andrews,bronze,Q1350274,https://en.wikipedia.org/wiki/United_States_at_the_1904_Summer_Olympics,United States at the 1904 Summer Olympics,Q30,United States,US,USA,USA,1876-09-01,Q932981,Muncie,Q509798,Delaware County,"40.193333333333,-85.388055555556",40.193333333333,-85.388055555556,Q6581097,male,Q4106943,https://en.wikipedia.org/wiki/Cycling_at_the_1904_Summer_Olympics_–_5_miles,cycling at the 1904 Summer Olympics – 5 miles,Q839089,cycling at the 1904 Summer Olympics,Q221635,track cycling,Q221635,track cycling,https://en.wikipedia.org/wiki/List_of_1904_Summer_Olympics_medal_winners,layers-derived-wikipedia-wikidata
1904,Q1017119,https://en.wikipedia.org/wiki/Burton_Downing,Burton Downing,gold,Q1350274,https://en.wikipedia.org/wiki/United_States_at_the_1904_Summer_Olympics,United States at the 1904 Summer Olympics,Q30,United States,US,USA,USA,1885-02-05,Q16553,San Jose,Q110739,Santa Clara County,"37.304166666667,-121.87277777778",37.304166666667,-121.87277777778,Q6581097,male,Q4106942,https://en.wikipedia.org/wiki/Cycling_at_the_1904_Summer_Olympics_–_25_miles,cycling at the 1904 Summer Olympics – 25 miles,Q839089,cycling at the 1904 Summer Olympics,Q221635,track cycling,Q221635,track cycling,https://en.wikipedia.org/wiki/List_of_1904_Summer_Olympics_medal_winners,layers-derived-wikipedia-wikidata
1904,Q26267,https://en.wikipedia.org/wiki/Arthur_F._Andrews,Arthur F. Andrews,silver,Q1350274,https://en.wikipedia.org/wiki/United_States_at_the_1904_Summer_Olympics,United States at the 1904 Summer Olympics,Q30,United States,US,USA,USA,1876-09-01,Q932981,Muncie,Q509798,Delaware County,"40.193333333333,-85.388055555556",40.193333333333,-85.388055555556,Q6581097,male,Q4106942,https://en.wikipedia.org/wiki/Cycling_at_the_1904_Summer_Olympics_–_25_miles,cycling at the 1904 Summer Olympics – 25 miles,Q839089,cycling at the 1904 Summer Olympics,Q221635,track cycling,Q221635,track cycling,https://en.wikipedia.org/wiki/List_of_1904_Summer_Olympics_medal_winners,layers-derived-wikipedia-wikidata
1904,Q1508617,https://en.wikipedia.org/wiki/George_E._Wiley,George E. Wiley,bronze,Q1350274,https://en.wikipedia.org/wiki/United_States_at_the_1904_Summer_Olympics,United States at the 1904 Summer Olympics,Q30,United States,US,USA,USA,1881-05-07,Q1380663,Little Falls,Q487564,Herkimer County,"43.0428,-74.8575",43.0428,-74.8575,Q6581097,male,Q4106942,https://en.wikipedia.org/wiki/Cycling_at_the_1904_Summer_Olympics_–_25_miles,cycling at the 1904 Summer Olympics – 25 miles,Q839089,cycling at the 1904 Summer Olympics,Q221635,track cycling,Q221635,track cycling,https://en.wikipedia.org/wiki/List_of_1904_Summer_Olympics_medal_winners,layers-derived-wikipedia-wikidata
1904,Q1193461,https://en.wikipedia.org/wiki/George_Sheldon_(diver),George Sheldon,gold,Q1350274,https://en.wikipedia.org/wiki/United_States_at_the_1904_Summer_Olympics,United States at the 1904 Summer Olympics,Q30,United States,US,USA,USA,1874-05-17,Q38022,St. Louis,Q1581,Missouri,"38.62638888888889,-90.19944444444444",38.62638888888889,-90.19944444444444,Q6581097,male,Q859615,https://en.wikipedia.org/wiki/Diving_at_the_1904_Summer_Olympics_–_Platform,diving at the 1904 Summer Olympics – platform,Q659310,diving at the 1904 Summer Olympics,Q7735,diving,Q7735,diving,https://en.wikipedia.org/wiki/List_of_1904_Summer_Olympics_medal_winners,layers-derived-wikipedia-wikidata
1904,Q2605191,https://en.wikipedia.org/wiki/Georg_Hoffmann,Georg Hoffmann,silver,Q143137,https://en.wikipedia.org/wiki/Germany_at_the_1904_Summer_Olympics,Germany at the 1904 Summer Olympics,Q1206012,German Reich,,,,1880-01-01,,,,,,,,Q6581097,male,Q859615,https://en.wikipedia.org/wiki/Diving_at_the_1904_Summer_Olympics_–_Platform,diving at the 1904 Summer Olympics – platform,Q659310,diving at the 1904 Summer Olympics,Q7735,diving,Q7735,diving,https://en.wikipedia.org/wiki/List_of_1904_Summer_Olympics_medal_winners,layers-derived-wikipedia-wikidata
1904,Q1996557,https://en.wikipedia.org/wiki/Frank_Kehoe,Frank Kehoe,bronze,Q1350274,https://en.wikipedia.org/wiki/United_States_at_the_1904_Summer_Olympics,United States at the 1904 Summer Olympics,Q30,United States,US,USA,USA,1882-02-08,Q1297,Chicago,Q108418,Cook County,"41.88194444444444,-87.62777777777778",41.88194444444444,-87.62777777777778,Q6581097,male,Q859615,https://en.wikipedia.org/wiki/Diving_at_the_1904_Summer_Olympics_–_Platform,diving at the 1904 Summer Olympics – platform,Q659310,diving at the 1904 Summer Olympics,Q7735,diving,Q7735,diving,https://en.wikipedia.org/wiki/List_of_1904_Summer_Olympics_medal_winners,layers-derived-wikipedia-wikidata
1904,Q2445952,https://en.wikipedia.org/wiki/William_Dickey_(diver),William Dickey,gold,Q1350274,https://en.wikipedia.org/wiki/United_States_at_the_1904_Summer_Olympics,United States at the 1904 Summer Olympics,Q30,United States,US,USA,USA,1874-10-20,Q60,New York City,Q1384,New York,"40.71277777777778,-74.00611111111111",40.71277777777778,-74.00611111111111,Q6581097,male,Q859562,https://en.wikipedia.org/wiki/Diving_at_the_1904_Summer_Olympics_–_Plunge_for_distance,swimming at the 1904 Summer Olympics – plunge for distance,Q843658,swimming at the 1904 Summer Olympics,Q7735,diving,Q7735,diving,https://en.wikipedia.org/wiki/List_of_1904_Summer_Olympics_medal_winners,layers-derived-wikipedia-wikidata
1904,Q3719031,https://en.wikipedia.org/wiki/Edgar_Adams,Edgar Adams,silver,Q1350274,https://en.wikipedia.org/wiki/United_States_at_the_1904_Summer_Olympics,United States at the 1904 Summer Olympics,Q30,United States,US,USA,USA,1868-04-07,Q1433349,Grafton,Q511095,Taylor County,"39.341666666667,-80.019722222222",39.341666666667,-80.019722222222,Q6581097,male,Q859562,https://en.wikipedia.org/wiki/Diving_at_the_1904_Summer_Olympics_–_Plunge_for_distance,swimming at the 1904 Summer Olympics – plunge for distance,Q843658,swimming at the 1904 Summer Olympics,Q7735,diving,Q7735,diving,https://en.wikipedia.org/wiki/List_of_1904_Summer_Olympics_medal_winners,layers-derived-wikipedia-wikidata
1904,Q1818611,https://en.wikipedia.org/wiki/Leo_Goodwin_(swimmer),Leo Goodwin,bronze,Q1350274,https://en.wikipedia.org/wiki/United_States_at_the_1904_Summer_Olympics,United States at the 1904 Summer Olympics,Q30,United States,US,USA,USA,1883-11-13,Q60,New York City,Q1384,New York,"40.71277777777778,-74.00611111111111",40.71277777777778,-74.00611111111111,Q6581097,male,Q859562,https://en.wikipedia.org/wiki/Diving_at_the_1904_Summer_Olympics_–_Plunge_for_distance,swimming at the 1904 Summer Olympics – plunge for distance,Q843658,swimming at the 1904 Summer Olympics,Q7735,diving,Q7735,diving,https://en.wikipedia.org/wiki/List_of_1904_Summer_Olympics_medal_winners,layers-derived-wikipedia-wikidata
1904,Q455984,https://en.wikipedia.org/wiki/Ramón_Fonst,Ramón Fonst,gold,Q1202034,https://en.wikipedia.org/wiki/Cuba_at_the_1904_Summer_Olympics,Cuba at the 1904 Summer Olympics,Q241,Cuba,CU,CUB,CUB,1883-08-31,Q1563,Havana,Q12588,Havana Province,"23.136666666667,-82.358888888889",23.136666666667,-82.358888888889,Q6581097,male,Q862192,https://en.wikipedia.org/wiki/Fencing_at_the_1904_Summer_Olympics_–_Men's_foil,fencing at the 1904 Summer Olympics – men's foil,Q908737,fencing at the 1904 Summer Olympics,Q12100,fencing,Q12100,fencing,https://en.wikipedia.org/wiki/List_of_1904_Summer_Olympics_medal_winners,layers-derived-wikipedia-wikidata
1904,Q1369254,https://en.wikipedia.org/wiki/Albertson_Van_Zo_Post,Albertson Van Zo Post,silver,Q1350274,https://en.wikipedia.org/wiki/United_States_at_the_1904_Summer_Olympics,United States at the 1904 Summer Olympics,Q30,United States,US,USA,USA,1866-07-28,Q43196,Cincinnati,Q152891,Hamilton County,"39.1,-84.5125",39.1,-84.5125,Q6581097,male,Q862192,https://en.wikipedia.org/wiki/Fencing_at_the_1904_Summer_Olympics_–_Men's_foil,fencing at the 1904 Summer Olympics – men's foil,Q908737,fencing at the 1904 Summer Olympics,Q12100,fencing,Q12100,fencing,https://en.wikipedia.org/wiki/List_of_1904_Summer_Olympics_medal_winners,layers-derived-wikipedia-wikidata
1904,Q1084656,https://en.wikipedia.org/wiki/Charles_Tatham_(fencer),Charles Tatham,bronze,Q1350274,https://en.wikipedia.org/wiki/United_States_at_the_1904_Summer_Olympics,United States at the 1904 Summer Olympics,Q30,United States,US,USA,USA,1854-09-03,Q60,New York City,Q1384,New York,"40.71277777777778,-74.00611111111111",40.71277777777778,-74.00611111111111,Q6581097,male,Q862192,https://en.wikipedia.org/wiki/Fencing_at_the_1904_Summer_Olympics_–_Men's_foil,fencing at the 1904 Summer Olympics – men's foil,Q908737,fencing at the 1904 Summer Olympics,Q12100,fencing,Q12100,fencing,https://en.wikipedia.org/wiki/List_of_1904_Summer_Olympics_medal_winners,layers-derived-wikipedia-wikidata
1904,Q455984,https://en.wikipedia.org/wiki/Ramón_Fonst,Ramón Fonst,gold,Q1360637,https://en.wikipedia.org/wiki/Mixed_team_at_the_1904_Summer_Olympics,Mixed team at the 1904 Summer Olympics,Q30,United States,US,USA,USA,1883-08-31,Q1563,Havana,Q12588,Havana Province,"23.136666666667,-82.358888888889",23.136666666667,-82.358888888889,Q6581097,male,Q862219,https://en.wikipedia.org/wiki/Fencing_at_the_1904_Summer_Olympics_–_Men's_team_foil,fencing at the 1904 Summer Olympics – men's team foil,Q908737,fencing at the 1904 Summer Olympics,Q12100,fencing,Q12100,fencing,https://en.wikipedia.org/wiki/List_of_1904_Summer_Olympics_medal_winners,layers-derived-wikipedia-wikidata
1904,Q1369254,https://en.wikipedia.org/wiki/Albertson_Van_Zo_Post,Albertson Van Zo Post,gold,Q1360637,https://en.wikipedia.org/wiki/Mixed_team_at_the_1904_Summer_Olympics,Mixed team at the 1904 Summer Olympics,Q30,United States,US,USA,USA,1866-07-28,Q43196,Cincinnati,Q152891,Hamilton County,"39.1,-84.5125",39.1,-84.5125,Q6581097,male,Q862219,https://en.wikipedia.org/wiki/Fencing_at_the_1904_Summer_Olympics_–_Men's_team_foil,fencing at the 1904 Summer Olympics – men's team foil,Q908737,fencing at the 1904 Summer Olympics,Q12100,fencing,Q12100,fencing,https://en.wikipedia.org/wiki/List_of_1904_Summer_Olympics_medal_winners,layers-derived-wikipedia-wikidata
1904,Q1333247,https://en.wikipedia.org/wiki/Manuel_Díaz_(fencer),Manuel Díaz,gold,Q1360637,https://en.wikipedia.org/wiki/Mixed_team_at_the_1904_Summer_Olympics,Mixed team at the 1904 Summer Olympics,Q30,United States,US,USA,USA,1874-04-08,Q1563,Havana,Q12588,Havana Province,"23.136666666667,-82.358888888889",23.136666666667,-82.358888888889,Q6581097,male,Q862219,https://en.wikipedia.org/wiki/Fencing_at_the_1904_Summer_Olympics_–_Men's_team_foil,fencing at the 1904 Summer Olympics – men's team foil,Q908737,fencing at the 1904 Summer Olympics,Q12100,fencing,Q12100,fencing,https://en.wikipedia.org/wiki/List_of_1904_Summer_Olympics_medal_winners,layers-derived-wikipedia-wikidata
1904,Q1084656,https://en.wikipedia.org/wiki/Charles_Tatham_(fencer),Charles Tatham,silver,Q1350274,https://en.wikipedia.org/wiki/United_States_at_the_1904_Summer_Olympics,United States at the 1904 Summer Olympics,Q30,United States,US,USA,USA,1854-09-03,Q60,New York City,Q1384,New York,"40.71277777777778,-74.00611111111111",40.71277777777778,-74.00611111111111,Q6581097,male,Q862219,https://en.wikipedia.org/wiki/Fencing_at_the_1904_Summer_Olympics_–_Men's_team_foil,fencing at the 1904 Summer Olympics – men's team foil,Q908737,fencing at the 1904 Summer Olympics,Q12100,fencing,Q12100,fencing,https://en.wikipedia.org/wiki/List_of_1904_Summer_Olympics_medal_winners,layers-derived-wikipedia-wikidata
1904,Q1111370,https://en.wikipedia.org/wiki/Charles_Townsend_(fencer),Fitzhugh Townsend,silver,Q1350274,https://en.wikipedia.org/wiki/United_States_at_the_1904_Summer_Olympics,United States at the 1904 Summer Olympics,Q30,United States,US,USA,USA,1872-04-00,Q60,New York City,Q1384,New York,"40.71277777777778,-74.00611111111111",40.71277777777778,-74.00611111111111,Q6581097,male,Q862219,https://en.wikipedia.org/wiki/Fencing_at_the_1904_Summer_Olympics_–_Men's_team_foil,fencing at the 1904 Summer Olympics – men's team foil,Q908737,fencing at the 1904 Summer Olympics,Q12100,fencing,Q12100,fencing,https://en.wikipedia.org/wiki/List_of_1904_Summer_Olympics_medal_winners,layers-derived-wikipedia-wikidata
1904,Q2357856,https://en.wikipedia.org/wiki/Arthur_Fox_(fencer),Arthur Fox,silver,Q1350274,https://en.wikipedia.org/wiki/United_States_at_the_1904_Summer_Olympics,United States at the 1904 Summer Olympics,Q30,United States,US,USA,USA,1878-09-09,Q587996,Cowes,Q9679,Isle of Wight,"50.7595,-1.3002",50.7595,-1.3002,Q6581097,male,Q862219,https://en.wikipedia.org/wiki/Fencing_at_the_1904_Summer_Olympics_–_Men's_team_foil,fencing at the 1904 Summer Olympics – men's team foil,Q908737,fencing at the 1904 Summer Olympics,Q12100,fencing,Q12100,fencing,https://en.wikipedia.org/wiki/List_of_1904_Summer_Olympics_medal_winners,layers-derived-wikipedia-wikidata
1904,Q455984,https://en.wikipedia.org/wiki/Ramón_Fonst,Ramón Fonst,gold,Q1202034,https://en.wikipedia.org/wiki/Cuba_at_the_1904_Summer_Olympics,Cuba at the 1904 Summer Olympics,Q241,Cuba,CU,CUB,CUB,1883-08-31,Q1563,Havana,Q12588,Havana Province,"23.136666666667,-82.358888888889",23.136666666667,-82.358888888889,Q6581097,male,Q862183,https://en.wikipedia.org/wiki/Fencing_at_the_1904_Summer_Olympics_–_Men's_épée,fencing at the 1904 Summer Olympics – men's épée,Q908737,fencing at the 1904 Summer Olympics,Q12100,fencing,Q12100,fencing,https://en.wikipedia.org/wiki/List_of_1904_Summer_Olympics_medal_winners,layers-derived-wikipedia-wikidata
1904,Q1084656,https://en.wikipedia.org/wiki/Charles_Tatham_(fencer),Charles Tatham,silver,Q1350274,https://en.wikipedia.org/wiki/United_States_at_the_1904_Summer_Olympics,United States at the 1904 Summer Olympics,Q30,United States,US,USA,USA,1854-09-03,Q60,New York City,Q1384,New York,"40.71277777777778,-74.00611111111111",40.71277777777778,-74.00611111111111,Q6581097,male,Q862183,https://en.wikipedia.org/wiki/Fencing_at_the_1904_Summer_Olympics_–_Men's_épée,fencing at the 1904 Summer Olympics – men's épée,Q908737,fencing at the 1904 Summer Olympics,Q12100,fencing,Q12100,fencing,https://en.wikipedia.org/wiki/List_of_1904_Summer_Olympics_medal_winners,layers-derived-wikipedia-wikidata
1904,Q1369254,https://en.wikipedia.org/wiki/Albertson_Van_Zo_Post,Albertson Van Zo Post,bronze,Q1350274,https://en.wikipedia.org/wiki/United_States_at_the_1904_Summer_Olympics,United States at the 1904 Summer Olympics,Q30,United States,US,USA,USA,1866-07-28,Q43196,Cincinnati,Q152891,Hamilton County,"39.1,-84.5125",39.1,-84.5125,Q6581097,male,Q862183,https://en.wikipedia.org/wiki/Fencing_at_the_1904_Summer_Olympics_–_Men's_épée,fencing at the 1904 Summer Olympics – men's épée,Q908737,fencing at the 1904 Summer Olympics,Q12100,fencing,Q12100,fencing,https://en.wikipedia.org/wiki/List_of_1904_Summer_Olympics_medal_winners,layers-derived-wikipedia-wikidata
1904,Q1333247,https://en.wikipedia.org/wiki/Manuel_Díaz_(fencer),Manuel Díaz,gold,Q1202034,https://en.wikipedia.org/wiki/Cuba_at_the_1904_Summer_Olympics,Cuba at the 1904 Summer Olympics,Q241,Cuba,CU,CUB,CUB,1874-04-08,Q1563,Havana,Q12588,Havana Province,"23.136666666667,-82.358888888889",23.136666666667,-82.358888888889,Q6581097,male,Q862174,https://en.wikipedia.org/wiki/Fencing_at_the_1904_Summer_Olympics_–_Men's_sabre,fencing at the 1904 Summer Olympics – men's sabre,Q908737,fencing at the 1904 Summer Olympics,Q12100,fencing,Q12100,fencing,https://en.wikipedia.org/wiki/List_of_1904_Summer_Olympics_medal_winners,layers-derived-wikipedia-wikidata
1904,Q2357823,https://en.wikipedia.org/wiki/William_Grebe,William Grebe,silver,Q1350274,https://en.wikipedia.org/wiki/United_States_at_the_1904_Summer_Olympics,United States at the 1904 Summer Olympics,Q30,United States,US,USA,USA,1870-01-01,Q1297,Chicago,Q108418,Cook County,"41.88194444444444,-87.62777777777778",41.88194444444444,-87.62777777777778,Q6581097,male,Q862174,https://en.wikipedia.org/wiki/Fencing_at_the_1904_Summer_Olympics_–_Men's_sabre,fencing at the 1904 Summer Olympics – men's sabre,Q908737,fencing at the 1904 Summer Olympics,Q12100,fencing,Q12100,fencing,https://en.wikipedia.org/wiki/List_of_1904_Summer_Olympics_medal_winners,layers-derived-wikipedia-wikidata
1904,Q1369254,https://en.wikipedia.org/wiki/Albertson_Van_Zo_Post,Albertson Van Zo Post,bronze,Q1350274,https://en.wikipedia.org/wiki/United_States_at_the_1904_Summer_Olympics,United States at the 1904 Summer Olympics,Q30,United States,US,USA,USA,1866-07-28,Q43196,Cincinnati,Q152891,Hamilton County,"39.1,-84.5125",39.1,-84.5125,Q6581097,male,Q862174,https://en.wikipedia.org/wiki/Fencing_at_the_1904_Summer_Olympics_–_Men's_sabre,fencing at the 1904 Summer Olympics – men's sabre,Q908737,fencing at the 1904 Summer Olympics,Q12100,fencing,Q12100,fencing,https://en.wikipedia.org/wiki/List_of_1904_Summer_Olympics_medal_winners,layers-derived-wikipedia-wikidata
1904,Q1369254,https://en.wikipedia.org/wiki/Albertson_Van_Zo_Post,Albertson Van Zo Post,gold,Q1350274,https://en.wikipedia.org/wiki/United_States_at_the_1904_Summer_Olympics,United States at the 1904 Summer Olympics,Q30,United States,US,USA,USA,1866-07-28,Q43196,Cincinnati,Q152891,Hamilton County,"39.1,-84.5125",39.1,-84.5125,Q6581097,male,Q862205,https://en.wikipedia.org/wiki/Fencing_at_the_1904_Summer_Olympics_–_Men's_singlestick,fencing at the 1904 Summer Olympics – men's singlestick,Q908737,fencing at the 1904 Summer Olympics,Q12100,fencing,Q12100,fencing,https://en.wikipedia.org/wiki/List_of_1904_Summer_Olympics_medal_winners,layers-derived-wikipedia-wikidata
1904,Q2356426,https://en.wikipedia.org/wiki/William_O'Connor_(fencer),William O'Connor,silver,Q1350274,https://en.wikipedia.org/wiki/United_States_at_the_1904_Summer_Olympics,United States at the 1904 Summer Olympics,Q30,United States,US,USA,USA,1864-05-23,Q1342,Pittsburgh,Q156291,Allegheny County,"40.44166666666667,-80",40.44166666666667,-80,Q6581097,male,Q862205,https://en.wikipedia.org/wiki/Fencing_at_the_1904_Summer_Olympics_–_Men's_singlestick,fencing at the 1904 Summer Olympics – men's singlestick,Q908737,fencing at the 1904 Summer Olympics,Q12100,fencing,Q12100,fencing,https://en.wikipedia.org/wiki/List_of_1904_Summer_Olympics_medal_winners,layers-derived-wikipedia-wikidata
1904,Q2357823,https://en.wikipedia.org/wiki/William_Grebe,William Grebe,bronze,Q1350274,https://en.wikipedia.org/wiki/United_States_at_the_1904_Summer_Olympics,United States at the 1904 Summer Olympics,Q30,United States,US,USA,USA,1870-01-01,Q1297,Chicago,Q108418,Cook County,"41.88194444444444,-87.62777777777778",41.88194444444444,-87.62777777777778,Q6581097,male,Q862205,https://en.wikipedia.org/wiki/Fencing_at_the_1904_Summer_Olympics_–_Men's_singlestick,fencing at the 1904 Summer Olympics – men's singlestick,Q908737,fencing at the 1904 Summer Olympics,Q12100,fencing,Q12100,fencing,https://en.wikipedia.org/wiki/List_of_1904_Summer_Olympics_medal_winners,layers-derived-wikipedia-wikidata
1904,Q4154114,https://en.wikipedia.org/wiki/George_Ducker,George Ducker,gold,Q1207374,https://en.wikipedia.org/wiki/Canada_at_the_1904_Summer_Olympics,Canada at the 1904 Summer Olympics,Q16,Canada,CA,CAN,CAN,1871-09-27,Q1904,Ontario,Q16,Canada,"50,-85",50,-85,Q6581097,male,,,Football,,,,Football,,Football,https://en.wikipedia.org/wiki/List_of_1904_Summer_Olympics_medal_winners,layers-derived-wikipedia-wikidata
1904,Q4152441,https://en.wikipedia.org/wiki/John_Gourlay_(Canadian_footballer),John Gourlay,gold,Q1207374,https://en.wikipedia.org/wiki/Canada_at_the_1904_Summer_Olympics,Canada at the 1904 Summer Olympics,Q16,Canada,CA,CAN,CAN,1872-07-26,Q2906399,Blenheim,Q113464,Chatham-Kent,"42.333333333333336,-81.99972222222222",42.333333333333336,-81.99972222222222,Q6581097,male,,,Football,,,,Football,,Football,https://en.wikipedia.org/wiki/List_of_1904_Summer_Olympics_medal_winners,layers-derived-wikipedia-wikidata
1904,Q522801,https://en.wikipedia.org/wiki/Alexander_Hall_(footballer),Alexander Hall,gold,Q1207374,https://en.wikipedia.org/wiki/Canada_at_the_1904_Summer_Olympics,Canada at the 1904 Summer Olympics,Q16,Canada,CA,CAN,CAN,1880-12-03,Q1016944,Peterhead,Q189912,Aberdeenshire,"57.5091,-1.7832",57.5091,-1.7832,Q6581097,male,,,Football,,,,Football,,Football,https://en.wikipedia.org/wiki/List_of_1904_Summer_Olympics_medal_winners,layers-derived-wikipedia-wikidata
1904,Q4710591,https://en.wikipedia.org/wiki/Albert_Johnston_(footballer),Albert Johnson,gold,Q1207374,https://en.wikipedia.org/wiki/Canada_at_the_1904_Summer_Olympics,Canada at the 1904 Summer Olympics,Q16,Canada,CA,CAN,CAN,1879-11-30,Q3267294,Plympton–Wyoming,Q1406913,Lambton County,"43.01972222222222,-82.1061111111111",43.01972222222222,-82.1061111111111,Q6581097,male,,,Football,,,,Football,,Football,https://en.wikipedia.org/wiki/List_of_1904_Summer_Olympics_medal_winners,layers-derived-wikipedia-wikidata
1904,Q4257503,https://en.wikipedia.org/wiki/Robert_Lane_(soccer),Robert Lane,gold,Q1207374,https://en.wikipedia.org/wiki/Canada_at_the_1904_Summer_Olympics,Canada at the 1904 Summer Olympics,Q16,Canada,CA,CAN,CAN,1882-01-15,Q15982096,Galt,Q1904,Ontario,"43.35583,-80.31056",43.35583,-80.31056,Q6581097,male,,,Football,,,,Football,,Football,https://en.wikipedia.org/wiki/List_of_1904_Summer_Olympics_medal_winners,layers-derived-wikipedia-wikidata
1904,Q4262316,https://en.wikipedia.org/wiki/Ernest_Linton,Ernest Linton,gold,Q1207374,https://en.wikipedia.org/wiki/Canada_at_the_1904_Summer_Olympics,Canada at the 1904 Summer Olympics,Q16,Canada,CA,CAN,CAN,1880-02-17,Q15982096,Galt,Q1904,Ontario,"43.35583,-80.31056",43.35583,-80.31056,Q6581097,male,,,Football,,,,Football,,Football,https://en.wikipedia.org/wiki/List_of_1904_Summer_Olympics_medal_winners,layers-derived-wikipedia-wikidata
1904,Q3439367,https://en.wikipedia.org/wiki/Gordon_McDonald,Gordon McDonald,gold,Q1207374,https://en.wikipedia.org/wiki/Canada_at_the_1904_Summer_Olympics,Canada at the 1904 Summer Olympics,Q16,Canada,CA,CAN,CAN,1878-02-02,Q7966701,Walton,Q1904,Ontario,"43.6778,-81.3017",43.6778,-81.3017,Q6581097,male,,,Football,,,,Football,,Football,https://en.wikipedia.org/wiki/List_of_1904_Summer_Olympics_medal_winners,layers-derived-wikipedia-wikidata
1904,Q4442631,https://en.wikipedia.org/wiki/Frederick_Steep,Frederick Steep,gold,Q1207374,https://en.wikipedia.org/wiki/Canada_at_the_1904_Summer_Olympics,Canada at the 1904 Summer Olympics,Q16,Canada,CA,CAN,CAN,1874-12-20,Q126805,St. Catharines,Q381896,Regional Municipality of Niagara,"43.183333333333,-79.233333333333",43.183333333333,-79.233333333333,Q6581097,male,,,Football,,,,Football,,Football,https://en.wikipedia.org/wiki/List_of_1904_Summer_Olympics_medal_winners,layers-derived-wikipedia-wikidata
1904,Q2639261,https://en.wikipedia.org/wiki/Tom_Taylor_(soccer),Tom Taylor,gold,Q1207374,https://en.wikipedia.org/wiki/Canada_at_the_1904_Summer_Olympics,Canada at the 1904 Summer Olympics,Q16,Canada,CA,CAN,CAN,1880-12-04,Q15982096,Galt,Q1904,Ontario,"43.35583,-80.31056",43.35583,-80.31056,Q6581097,male,,,Football,,,,Football,,Football,https://en.wikipedia.org/wiki/List_of_1904_Summer_Olympics_medal_winners,layers-derived-wikipedia-wikidata
1904,Q4464780,https://en.wikipedia.org/wiki/William_Twaits_(footballer),William Twaits,gold,Q1207374,https://en.wikipedia.org/wiki/Canada_at_the_1904_Summer_Olympics,Canada at the 1904 Summer Olympics,Q16,Canada,CA,CAN,CAN,1879-08-20,Q15982096,Galt,Q1904,Ontario,"43.35583,-80.31056",43.35583,-80.31056,Q6581097,male,,,Football,,,,Football,,Football,https://en.wikipedia.org/wiki/List_of_1904_Summer_Olympics_medal_winners,layers-derived-wikipedia-wikidata
1904,Q7109555,https://en.wikipedia.org/wiki/Otto_Christman,Otto Christman,gold,Q1207374,https://en.wikipedia.org/wiki/Canada_at_the_1904_Summer_Olympics,Canada at the 1904 Summer Olympics,Q16,Canada,CA,CAN,CAN,1880-02-20,,,,,,,,Q6581097,male,,,Football,,,,Football,,Football,https://en.wikipedia.org/wiki/List_of_1904_Summer_Olympics_medal_winners,layers-derived-wikipedia-wikidata
1904,Q2831234,https://en.wikipedia.org/wiki/Albert_Henderson_(soccer),Albert Henderson,gold,Q1207374,https://en.wikipedia.org/wiki/Canada_at_the_1904_Summer_Olympics,Canada at the 1904 Summer Olympics,Q16,Canada,CA,CAN,CAN,1881-08-29,Q15982096,Galt,Q1904,Ontario,"43.35583,-80.31056",43.35583,-80.31056,Q6581097,male,,,Football,,,,Football,,Football,https://en.wikipedia.org/wiki/List_of_1904_Summer_Olympics_medal_winners,layers-derived-wikipedia-wikidata
1904,Q3440864,https://en.wikipedia.org/wiki/Charles_Bartliff,Charles Bartliff,silver,Q1350274,https://en.wikipedia.org/wiki/United_States_at_the_1904_Summer_Olympics,United States at the 1904 Summer Olympics,Q30,United States,US,USA,USA,1886-08-18,Q16563,Memphis,Q501602,Shelby County,"35.14611111111111,-90.05194444444444",35.14611111111111,-90.05194444444444,Q6581097,male,,,Football,,,,Football,,Football,https://en.wikipedia.org/wiki/List_of_1904_Summer_Olympics_medal_winners,layers-derived-wikipedia-wikidata
1904,Q1809185,https://en.wikipedia.org/wiki/Warren_Brittingham,Warren Brittingham,silver,Q1350274,https://en.wikipedia.org/wiki/United_States_at_the_1904_Summer_Olympics,United States at the 1904 Summer Olympics,Q30,United States,US,USA,USA,1886-09-02,Q38022,St. Louis,Q1581,Missouri,"38.62638888888889,-90.19944444444444",38.62638888888889,-90.19944444444444,Q6581097,male,,,Football,,,,Football,,Football,https://en.wikipedia.org/wiki/List_of_1904_Summer_Olympics_medal_winners,layers-derived-wikipedia-wikidata
1904,Q3440870,https://en.wikipedia.org/wiki/Oscar_Brockmeyer,Oscar Brockmeyer,silver,Q1350274,https://en.wikipedia.org/wiki/United_States_at_the_1904_Summer_Olympics,United States at the 1904 Summer Olympics,Q30,United States,US,USA,USA,1883-11-13,Q38022,St. Louis,Q1581,Missouri,"38.62638888888889,-90.19944444444444",38.62638888888889,-90.19944444444444,Q6581097,male,,,Football,,,,Football,,Football,https://en.wikipedia.org/wiki/List_of_1904_Summer_Olympics_medal_winners,layers-derived-wikipedia-wikidata
1904,Q1809205,https://en.wikipedia.org/wiki/Charles_January,Charles January,silver,Q1350274,https://en.wikipedia.org/wiki/United_States_at_the_1904_Summer_Olympics,United States at the 1904 Summer Olympics,Q30,United States,US,USA,USA,1888-02-01,Q26519,Hidalgo County,Q1439,Texas,"26.39672,-98.18107",26.39672,-98.18107,Q6581097,male,,,Football,,,,Football,,Football,https://en.wikipedia.org/wiki/List_of_1904_Summer_Olympics_medal_winners,layers-derived-wikipedia-wikidata
1904,Q1809366,https://en.wikipedia.org/wiki/John_January,John January,silver,Q1350274,https://en.wikipedia.org/wiki/United_States_at_the_1904_Summer_Olympics,United States at the 1904 Summer Olympics,Q30,United States,US,USA,USA,1882-03-06,Q38022,St. Louis,Q1581,Missouri,"38.62638888888889,-90.19944444444444",38.62638888888889,-90.19944444444444,Q6581097,male,,,Football,,,,Football,,Football,https://en.wikipedia.org/wiki/List_of_1904_Summer_Olympics_medal_winners,layers-derived-wikipedia-wikidata
1904,Q1810229,https://en.wikipedia.org/wiki/Thomas_January,Thomas January,silver,Q1350274,https://en.wikipedia.org/wiki/United_States_at_the_1904_Summer_Olympics,United States at the 1904 Summer Olympics,Q30,United States,US,USA,USA,1886-01-08,Q38022,St. Louis,Q1581,Missouri,"38.62638888888889,-90.19944444444444",38.62638888888889,-90.19944444444444,Q6581097,male,,,Football,,,,Football,,Football,https://en.wikipedia.org/wiki/List_of_1904_Summer_Olympics_medal_winners,layers-derived-wikipedia-wikidata
1904,Q3440511,https://en.wikipedia.org/wiki/Raymond_Lawler,Raymond Lawler,silver,Q1350274,https://en.wikipedia.org/wiki/United_States_at_the_1904_Summer_Olympics,United States at the 1904 Summer Olympics,Q30,United States,US,USA,USA,1888-02-22,Q38022,St. Louis,Q1581,Missouri,"38.62638888888889,-90.19944444444444",38.62638888888889,-90.19944444444444,Q6581097,male,,,Football,,,,Football,,Football,https://en.wikipedia.org/wiki/List_of_1904_Summer_Olympics_medal_winners,layers-derived-wikipedia-wikidata
1904,Q949803,https://en.wikipedia.org/wiki/Joe_Lydon_(boxer),Joe Lydon,silver,Q1350274,https://en.wikipedia.org/wiki/United_States_at_the_1904_Summer_Olympics,United States at the 1904 Summer Olympics,Q30,United States,US,USA,USA,1878-02-02,Q2038011,Swinford,Q178626,County Mayo,"53.9417,-8.95",53.9417,-8.95,Q6581097,male,,,Football,,,,Football,,Football,https://en.wikipedia.org/wiki/List_of_1904_Summer_Olympics_medal_winners,layers-derived-wikipedia-wikidata
1904,Q3440857,https://en.wikipedia.org/wiki/Louis_Menges,Louis Menges,silver,Q1350274,https://en.wikipedia.org/wiki/United_States_at_the_1904_Summer_Olympics,United States at the 1904 Summer Olympics,Q30,United States,US,USA,USA,1888-10-30,Q577891,East St. Louis,Q486507,St. Clair County,"38.625,-90.1575",38.625,-90.1575,Q6581097,male,,,Football,,,,Football,,Football,https://en.wikipedia.org/wiki/List_of_1904_Summer_Olympics_medal_winners,layers-derived-wikipedia-wikidata
1904,Q1610450,https://en.wikipedia.org/wiki/Peter_Ratican,Peter Ratican,silver,Q1350274,https://en.wikipedia.org/wiki/United_States_at_the_1904_Summer_Olympics,United States at the 1904 Summer Olympics,Q30,United States,US,USA,USA,1887-04-13,Q38022,St. Louis,Q1581,Missouri,"38.62638888888889,-90.19944444444444",38.62638888888889,-90.19944444444444,Q6581097,male,,,Football,,,,Football,,Football,https://en.wikipedia.org/wiki/List_of_1904_Summer_Olympics_medal_winners,layers-derived-wikipedia-wikidata
1904,Q3434989,https://en.wikipedia.org/wiki/Joseph_Brady_(footballer),Joseph Brady,bronze,Q1350274,https://en.wikipedia.org/wiki/United_States_at_the_1904_Summer_Olympics,United States at the 1904 Summer Olympics,Q30,United States,US,USA,USA,,,,,,,,,Q6581097,male,,,Football,,,,Football,,Football,https://en.wikipedia.org/wiki/List_of_1904_Summer_Olympics_medal_winners,layers-derived-wikipedia-wikidata
1904,Q3440504,https://en.wikipedia.org/wiki/George_Edwin_Cooke,George Edwin Cooke,bronze,Q1350274,https://en.wikipedia.org/wiki/United_States_at_the_1904_Summer_Olympics,United States at the 1904 Summer Olympics,Q30,United States,US,USA,USA,1883-02-17,Q38022,St. Louis,Q1581,Missouri,"38.62638888888889,-90.19944444444444",38.62638888888889,-90.19944444444444,Q6581097,male,,,Football,,,,Football,,Football,https://en.wikipedia.org/wiki/List_of_1904_Summer_Olympics_medal_winners,layers-derived-wikipedia-wikidata
1904,Q3440850,https://en.wikipedia.org/wiki/Thomas_Cooke_(soccer),Thomas Cooke,bronze,Q1350274,https://en.wikipedia.org/wiki/United_States_at_the_1904_Summer_Olympics,United States at the 1904 Summer Olympics,Q30,United States,US,USA,USA,1885-08-22,Q38022,St. Louis,Q1581,Missouri,"38.62638888888889,-90.19944444444444",38.62638888888889,-90.19944444444444,Q6581097,male,,,Football,,,,Football,,Football,https://en.wikipedia.org/wiki/List_of_1904_Summer_Olympics_medal_winners,layers-derived-wikipedia-wikidata
1904,Q1610948,https://en.wikipedia.org/wiki/Cormic_Cosgrove,Cormic Cosgrove,bronze,Q1350274,https://en.wikipedia.org/wiki/United_States_at_the_1904_Summer_Olympics,United States at the 1904 Summer Olympics,Q30,United States,US,USA,USA,1869-02-15,Q577923,LaSalle,Q487003,LaSalle County,"41.3411,-89.0908",41.3411,-89.0908,Q6581097,male,,,Football,,,,Football,,Football,https://en.wikipedia.org/wiki/List_of_1904_Summer_Olympics_medal_winners,layers-derived-wikipedia-wikidata
1904,Q5342590,https://en.wikipedia.org/wiki/Edward_Dierkes,Edward Dierkes,bronze,Q1350274,https://en.wikipedia.org/wiki/United_States_at_the_1904_Summer_Olympics,United States at the 1904 Summer Olympics,Q30,United States,US,USA,USA,1886-03-14,Q38022,St. Louis,Q1581,Missouri,"38.62638888888889,-90.19944444444444",38.62638888888889,-90.19944444444444,Q6581097,male,,,Football,,,,Football,,Football,https://en.wikipedia.org/wiki/List_of_1904_Summer_Olympics_medal_winners,layers-derived-wikipedia-wikidata
1904,Q1809384,https://en.wikipedia.org/wiki/Martin_Dooling,Martin Dooling,bronze,Q1350274,https://en.wikipedia.org/wiki/United_States_at_the_1904_Summer_Olympics,United States at the 1904 Summer Olympics,Q30,United States,US,USA,USA,1886-12-18,Q443852,Alton,Q486448,Madison County,"38.90028,-90.15972",38.90028,-90.15972,Q6581097,male,,,Football,,,,Football,,Football,https://en.wikipedia.org/wiki/List_of_1904_Summer_Olympics_medal_winners,layers-derived-wikipedia-wikidata
1904,Q1998140,https://en.wikipedia.org/wiki/Frank_Frost_(footballer),Frank Frost,bronze,Q1350274,https://en.wikipedia.org/wiki/United_States_at_the_1904_Summer_Olympics,United States at the 1904 Summer Olympics,Q30,United States,US,USA,USA,,,,,,,,,Q6581097,male,,,Football,,,,Football,,Football,https://en.wikipedia.org/wiki/List_of_1904_Summer_Olympics_medal_winners,layers-derived-wikipedia-wikidata
1904,Q3440485,https://en.wikipedia.org/wiki/Claude_Jameson,Claude Jameson,bronze,Q1350274,https://en.wikipedia.org/wiki/United_States_at_the_1904_Summer_Olympics,United States at the 1904 Summer Olympics,Q30,United States,US,USA,USA,1886-01-20,Q38022,St. Louis,Q1581,Missouri,"38.62638888888889,-90.19944444444444",38.62638888888889,-90.19944444444444,Q6581097,male,,,Football,,,,Football,,Football,https://en.wikipedia.org/wiki/List_of_1904_Summer_Olympics_medal_winners,layers-derived-wikipedia-wikidata
1904,Q3440844,https://en.wikipedia.org/wiki/Henry_Jameson,Henry Jameson,bronze,Q1350274,https://en.wikipedia.org/wiki/United_States_at_the_1904_Summer_Olympics,United States at the 1904 Summer Olympics,Q30,United States,US,USA,USA,1883-04-19,Q38022,St. Louis,Q1581,Missouri,"38.62638888888889,-90.19944444444444",38.62638888888889,-90.19944444444444,Q6581097,male,,,Football,,,,Football,,Football,https://en.wikipedia.org/wiki/List_of_1904_Summer_Olympics_medal_winners,layers-derived-wikipedia-wikidata
1904,Q6524107,https://en.wikipedia.org/wiki/Leo_O'Connell,Leo O'Connell,bronze,Q1350274,https://en.wikipedia.org/wiki/United_States_at_the_1904_Summer_Olympics,United States at the 1904 Summer Olympics,Q30,United States,US,USA,USA,1883-08-31,Q38022,St. Louis,Q1581,Missouri,"38.62638888888889,-90.19944444444444",38.62638888888889,-90.19944444444444,Q6581097,male,,,Football,,,,Football,,Football,https://en.wikipedia.org/wiki/List_of_1904_Summer_Olympics_medal_winners,layers-derived-wikipedia-wikidata
1904,Q3440498,https://en.wikipedia.org/wiki/Harry_Tate_(footballer),Harry Tate,bronze,Q1350274,https://en.wikipedia.org/wiki/United_States_at_the_1904_Summer_Olympics,United States at the 1904 Summer Olympics,Q30,United States,US,USA,USA,1886-07-31,Q38022,St. Louis,Q1581,Missouri,"38.62638888888889,-90.19944444444444",38.62638888888889,-90.19944444444444,Q6581097,male,,,Football,,,,Football,,Football,https://en.wikipedia.org/wiki/List_of_1904_Summer_Olympics_medal_winners,layers-derived-wikipedia-wikidata
1904,Q1507810,https://en.wikipedia.org/wiki/George_Lyon_(golfer),George Lyon,gold,Q1207374,https://en.wikipedia.org/wiki/Canada_at_the_1904_Summer_Olympics,Canada at the 1904 Summer Olympics,Q16,Canada,CA,CAN,CAN,1858-07-27,Q52998,Richmond Hill,Q18458,Regional Municipality of York,"43.87138888888889,-79.43722222222222",43.87138888888889,-79.43722222222222,Q6581097,male,Q860085,https://en.wikipedia.org/wiki/Golf_at_the_1904_Summer_Olympics_–_Men's_individual,golf at the 1904 Summer Olympics – men's individual,Q898827,golf at the 1904 Summer Olympics,Q5377,golf,Q5377,golf,https://en.wikipedia.org/wiki/List_of_1904_Summer_Olympics_medal_winners,layers-derived-wikipedia-wikidata
1904,Q2638533,https://en.wikipedia.org/wiki/Chandler_Egan,Chandler Egan,silver,Q1350274,https://en.wikipedia.org/wiki/United_States_at_the_1904_Summer_Olympics,United States at the 1904 Summer Olympics,Q30,United States,US,USA,USA,1884-08-21,Q1297,Chicago,Q108418,Cook County,"41.88194444444444,-87.62777777777778",41.88194444444444,-87.62777777777778,Q6581097,male,Q860085,https://en.wikipedia.org/wiki/Golf_at_the_1904_Summer_Olympics_–_Men's_individual,golf at the 1904 Summer Olympics – men's individual,Q898827,golf at the 1904 Summer Olympics,Q5377,golf,Q5377,golf,https://en.wikipedia.org/wiki/List_of_1904_Summer_Olympics_medal_winners,layers-derived-wikipedia-wikidata
1904,Q2444599,https://en.wikipedia.org/wiki/Burt_McKinnie,Burt McKinnie,bronze,Q1350274,https://en.wikipedia.org/wiki/United_States_at_the_1904_Summer_Olympics,United States at the 1904 Summer Olympics,Q30,United States,US,USA,USA,1879-01-17,Q2666651,Pleasanton,Q376053,Linn County,"38.1764,-94.7119",38.1764,-94.7119,Q6581097,male,Q860085,https://en.wikipedia.org/wiki/Golf_at_the_1904_Summer_Olympics_–_Men's_individual,golf at the 1904 Summer Olympics – men's individual,Q898827,golf at the 1904 Summer Olympics,Q5377,golf,Q5377,golf,https://en.wikipedia.org/wiki/List_of_1904_Summer_Olympics_medal_winners,layers-derived-wikipedia-wikidata
1904,Q2444576,https://en.wikipedia.org/wiki/Francis_Newton_(golfer),Francis Newton,bronze,Q1350274,https://en.wikipedia.org/wiki/United_States_at_the_1904_Summer_Olympics,United States at the 1904 Summer Olympics,Q30,United States,US,USA,USA,1874-01-03,Q61,"Washington, D.C.",Q3551781,District of Columbia,"38.895,-77.036666666667",38.895,-77.036666666667,Q6581097,male,Q860085,https://en.wikipedia.org/wiki/Golf_at_the_1904_Summer_Olympics_–_Men's_individual,golf at the 1904 Summer Olympics – men's individual,Q898827,golf at the 1904 Summer Olympics,Q5377,golf,Q5377,golf,https://en.wikipedia.org/wiki/List_of_1904_Summer_Olympics_medal_winners,layers-derived-wikipedia-wikidata
1904,Q2444536,https://en.wikipedia.org/wiki/Edward_Cummins,Edward Cummins,gold,Q1350274,https://en.wikipedia.org/wiki/United_States_at_the_1904_Summer_Olympics,United States at the 1904 Summer Olympics,Q30,United States,US,USA,USA,1886-07-25,Q1297,Chicago,Q108418,Cook County,"41.88194444444444,-87.62777777777778",41.88194444444444,-87.62777777777778,Q6581097,male,Q4142798,https://en.wikipedia.org/wiki/Golf_at_the_1904_Summer_Olympics_–_Men's_team,golf at the 1904 Summer Olympics – men's team,Q898827,golf at the 1904 Summer Olympics,Q5377,golf,Q5377,golf,https://en.wikipedia.org/wiki/List_of_1904_Summer_Olympics_medal_winners,layers-derived-wikipedia-wikidata
1904,Q2444591,https://en.wikipedia.org/wiki/Kenneth_Edwards_(golfer),Kenneth Edwards,gold,Q1350274,https://en.wikipedia.org/wiki/United_States_at_the_1904_Summer_Olympics,United States at the 1904 Summer Olympics,Q30,United States,US,USA,USA,1886-03-09,Q1297,Chicago,Q108418,Cook County,"41.88194444444444,-87.62777777777778",41.88194444444444,-87.62777777777778,Q6581097,male,Q4142798,https://en.wikipedia.org/wiki/Golf_at_the_1904_Summer_Olympics_–_Men's_team,golf at the 1904 Summer Olympics – men's team,Q898827,golf at the 1904 Summer Olympics,Q5377,golf,Q5377,golf,https://en.wikipedia.org/wiki/List_of_1904_Summer_Olympics_medal_winners,layers-derived-wikipedia-wikidata
1904,Q2638533,https://en.wikipedia.org/wiki/Chandler_Egan,Chandler Egan,gold,Q1350274,https://en.wikipedia.org/wiki/United_States_at_the_1904_Summer_Olympics,United States at the 1904 Summer Olympics,Q30,United States,US,USA,USA,1884-08-21,Q1297,Chicago,Q108418,Cook County,"41.88194444444444,-87.62777777777778",41.88194444444444,-87.62777777777778,Q6581097,male,Q4142798,https://en.wikipedia.org/wiki/Golf_at_the_1904_Summer_Olympics_–_Men's_team,golf at the 1904 Summer Olympics – men's team,Q898827,golf at the 1904 Summer Olympics,Q5377,golf,Q5377,golf,https://en.wikipedia.org/wiki/List_of_1904_Summer_Olympics_medal_winners,layers-derived-wikipedia-wikidata
1904,Q1803758,https://en.wikipedia.org/wiki/Walter_Egan_(golfer),Walter Egan,gold,Q1350274,https://en.wikipedia.org/wiki/United_States_at_the_1904_Summer_Olympics,United States at the 1904 Summer Olympics,Q30,United States,US,USA,USA,1881-06-02,Q1297,Chicago,Q108418,Cook County,"41.88194444444444,-87.62777777777778",41.88194444444444,-87.62777777777778,Q6581097,male,Q4142798,https://en.wikipedia.org/wiki/Golf_at_the_1904_Summer_Olympics_–_Men's_team,golf at the 1904 Summer Olympics – men's team,Q898827,golf at the 1904 Summer Olympics,Q5377,golf,Q5377,golf,https://en.wikipedia.org/wiki/List_of_1904_Summer_Olympics_medal_winners,layers-derived-wikipedia-wikidata
1904,Q2445408,https://en.wikipedia.org/wiki/Robert_Hunter_(golfer),Robert Hunter,gold,Q1350274,https://en.wikipedia.org/wiki/United_States_at_the_1904_Summer_Olympics,United States at the 1904 Summer Olympics,Q30,United States,US,USA,USA,1886-11-20,Q1297,Chicago,Q108418,Cook County,"41.88194444444444,-87.62777777777778",41.88194444444444,-87.62777777777778,Q6581097,male,Q4142798,https://en.wikipedia.org/wiki/Golf_at_the_1904_Summer_Olympics_–_Men's_team,golf at the 1904 Summer Olympics – men's team,Q898827,golf at the 1904 Summer Olympics,Q5377,golf,Q5377,golf,https://en.wikipedia.org/wiki/List_of_1904_Summer_Olympics_medal_winners,layers-derived-wikipedia-wikidata
1904,Q2445676,https://en.wikipedia.org/wiki/Nathaniel_Moore_(golfer),Nathaniel Moore,gold,Q1350274,https://en.wikipedia.org/wiki/United_States_at_the_1904_Summer_Olympics,United States at the 1904 Summer Olympics,Q30,United States,US,USA,USA,1884-01-25,Q1297,Chicago,Q108418,Cook County,"41.88194444444444,-87.62777777777778",41.88194444444444,-87.62777777777778,Q6581097,male,Q4142798,https://en.wikipedia.org/wiki/Golf_at_the_1904_Summer_Olympics_–_Men's_team,golf at the 1904 Summer Olympics – men's team,Q898827,golf at the 1904 Summer Olympics,Q5377,golf,Q5377,golf,https://en.wikipedia.org/wiki/List_of_1904_Summer_Olympics_medal_winners,layers-derived-wikipedia-wikidata
1904,Q1803763,https://en.wikipedia.org/wiki/Mason_Phelps,Mason Phelps,gold,Q1350274,https://en.wikipedia.org/wiki/United_States_at_the_1904_Summer_Olympics,United States at the 1904 Summer Olympics,Q30,United States,US,USA,USA,1885-12-07,Q1297,Chicago,Q108418,Cook County,"41.88194444444444,-87.62777777777778",41.88194444444444,-87.62777777777778,Q6581097,male,Q4142798,https://en.wikipedia.org/wiki/Golf_at_the_1904_Summer_Olympics_–_Men's_team,golf at the 1904 Summer Olympics – men's team,Q898827,golf at the 1904 Summer Olympics,Q5377,golf,Q5377,golf,https://en.wikipedia.org/wiki/List_of_1904_Summer_Olympics_medal_winners,layers-derived-wikipedia-wikidata
1904,Q2444528,https://en.wikipedia.org/wiki/Daniel_Sawyer,Daniel Sawyer,gold,Q1350274,https://en.wikipedia.org/wiki/United_States_at_the_1904_Summer_Olympics,United States at the 1904 Summer Olympics,Q30,United States,US,USA,USA,1882-06-20,Q2229465,Pine Island,Q486243,Goodhue County,"44.201388888889,-92.646388888889",44.201388888889,-92.646388888889,Q6581097,male,Q4142798,https://en.wikipedia.org/wiki/Golf_at_the_1904_Summer_Olympics_–_Men's_team,golf at the 1904 Summer Olympics – men's team,Q898827,golf at the 1904 Summer Olympics,Q5377,golf,Q5377,golf,https://en.wikipedia.org/wiki/List_of_1904_Summer_Olympics_medal_winners,layers-derived-wikipedia-wikidata
1904,Q2444568,https://en.wikipedia.org/wiki/Clement_Smoot,Clement Smoot,gold,Q1350274,https://en.wikipedia.org/wiki/United_States_at_the_1904_Summer_Olympics,United States at the 1904 Summer Olympics,Q30,United States,US,USA,USA,1884-04-07,Q576671,Highland Park,Q484263,Lake County,"42.1825,-87.806944444444",42.1825,-87.806944444444,Q6581097,male,Q4142798,https://en.wikipedia.org/wiki/Golf_at_the_1904_Summer_Olympics_–_Men's_team,golf at the 1904 Summer Olympics – men's team,Q898827,golf at the 1904 Summer Olympics,Q5377,golf,Q5377,golf,https://en.wikipedia.org/wiki/List_of_1904_Summer_Olympics_medal_winners,layers-derived-wikipedia-wikidata
1904,Q1832636,https://en.wikipedia.org/wiki/Warren_Wood,Warren Wood,gold,Q1350274,https://en.wikipedia.org/wiki/United_States_at_the_1904_Summer_Olympics,United States at the 1904 Summer Olympics,Q30,United States,US,USA,USA,1887-04-27,Q1297,Chicago,Q108418,Cook County,"41.88194444444444,-87.62777777777778",41.88194444444444,-87.62777777777778,Q6581097,male,Q4142798,https://en.wikipedia.org/wiki/Golf_at_the_1904_Summer_Olympics_–_Men's_team,golf at the 1904 Summer Olympics – men's team,Q898827,golf at the 1904 Summer Olympics,Q5377,golf,Q5377,golf,https://en.wikipedia.org/wiki/List_of_1904_Summer_Olympics_medal_winners,layers-derived-wikipedia-wikidata
1904,Q1810222,https://en.wikipedia.org/wiki/John_Cady_(golfer),John Cady,silver,Q1350274,https://en.wikipedia.org/wiki/United_States_at_the_1904_Summer_Olympics,United States at the 1904 Summer Olympics,Q30,United States,US,USA,USA,1866-01-26,Q1204,Illinois,Q30,United States,"40.000277777777775,-89.25027777777778",40.000277777777775,-89.25027777777778,Q6581097,male,Q4142798,https://en.wikipedia.org/wiki/Golf_at_the_1904_Summer_Olympics_–_Men's_team,golf at the 1904 Summer Olympics – men's team,Q898827,golf at the 1904 Summer Olympics,Q5377,golf,Q5377,golf,https://en.wikipedia.org/wiki/List_of_1904_Summer_Olympics_medal_winners,layers-derived-wikipedia-wikidata
1904,Q1809858,https://en.wikipedia.org/wiki/Albert_Bond_Lambert,Albert Bond Lambert,silver,Q1350274,https://en.wikipedia.org/wiki/United_States_at_the_1904_Summer_Olympics,United States at the 1904 Summer Olympics,Q30,United States,US,USA,USA,1875-12-06,Q38022,St. Louis,Q1581,Missouri,"38.62638888888889,-90.19944444444444",38.62638888888889,-90.19944444444444,Q6581097,male,Q4142798,https://en.wikipedia.org/wiki/Golf_at_the_1904_Summer_Olympics_–_Men's_team,golf at the 1904 Summer Olympics – men's team,Q898827,golf at the 1904 Summer Olympics,Q5377,golf,Q5377,golf,https://en.wikipedia.org/wiki/List_of_1904_Summer_Olympics_medal_winners,layers-derived-wikipedia-wikidata
1904,Q2445959,https://en.wikipedia.org/wiki/John_Maxwell_(golfer),John Maxwell,silver,Q1350274,https://en.wikipedia.org/wiki/United_States_at_the_1904_Summer_Olympics,United States at the 1904 Summer Olympics,Q30,United States,US,USA,USA,1871-07-16,Q7086344,Olena,Q486444,Henderson County,"40.7856,-90.9389",40.7856,-90.9389,Q6581097,male,Q4142798,https://en.wikipedia.org/wiki/Golf_at_the_1904_Summer_Olympics_–_Men's_team,golf at the 1904 Summer Olympics – men's team,Q898827,golf at the 1904 Summer Olympics,Q5377,golf,Q5377,golf,https://en.wikipedia.org/wiki/List_of_1904_Summer_Olympics_medal_winners,layers-derived-wikipedia-wikidata
1904,Q2444599,https://en.wikipedia.org/wiki/Burt_McKinnie,Burt McKinnie,silver,Q1350274,https://en.wikipedia.org/wiki/United_States_at_the_1904_Summer_Olympics,United States at the 1904 Summer Olympics,Q30,United States,US,USA,USA,1879-01-17,Q2666651,Pleasanton,Q376053,Linn County,"38.1764,-94.7119",38.1764,-94.7119,Q6581097,male,Q4142798,https://en.wikipedia.org/wiki/Golf_at_the_1904_Summer_Olympics_–_Men's_team,golf at the 1904 Summer Olympics – men's team,Q898827,golf at the 1904 Summer Olympics,Q5377,golf,Q5377,golf,https://en.wikipedia.org/wiki/List_of_1904_Summer_Olympics_medal_winners,layers-derived-wikipedia-wikidata
1904,Q54541,https://en.wikipedia.org/wiki/Ralph_McKittrick,Ralph McKittrick,silver,Q1350274,https://en.wikipedia.org/wiki/United_States_at_the_1904_Summer_Olympics,United States at the 1904 Summer Olympics,Q30,United States,US,USA,USA,1877-08-17,Q38022,St. Louis,Q1581,Missouri,"38.62638888888889,-90.19944444444444",38.62638888888889,-90.19944444444444,Q6581097,male,Q4142798,https://en.wikipedia.org/wiki/Golf_at_the_1904_Summer_Olympics_–_Men's_team,golf at the 1904 Summer Olympics – men's team,Q898827,golf at the 1904 Summer Olympics,Q5377,golf,Q5377,golf,https://en.wikipedia.org/wiki/List_of_1904_Summer_Olympics_medal_winners,layers-derived-wikipedia-wikidata
1904,Q2444576,https://en.wikipedia.org/wiki/Francis_Newton_(golfer),Francis Newton,silver,Q1350274,https://en.wikipedia.org/wiki/United_States_at_the_1904_Summer_Olympics,United States at the 1904 Summer Olympics,Q30,United States,US,USA,USA,1874-01-03,Q61,"Washington, D.C.",Q3551781,District of Columbia,"38.895,-77.036666666667",38.895,-77.036666666667,Q6581097,male,Q4142798,https://en.wikipedia.org/wiki/Golf_at_the_1904_Summer_Olympics_–_Men's_team,golf at the 1904 Summer Olympics – men's team,Q898827,golf at the 1904 Summer Olympics,Q5377,golf,Q5377,golf,https://en.wikipedia.org/wiki/List_of_1904_Summer_Olympics_medal_winners,layers-derived-wikipedia-wikidata
1904,Q1809924,https://en.wikipedia.org/wiki/Henry_Potter_(golfer),Henry Potter,silver,Q1350274,https://en.wikipedia.org/wiki/United_States_at_the_1904_Summer_Olympics,United States at the 1904 Summer Olympics,Q30,United States,US,USA,USA,1881-10-04,Q38022,St. Louis,Q1581,Missouri,"38.62638888888889,-90.19944444444444",38.62638888888889,-90.19944444444444,Q6581097,male,Q4142798,https://en.wikipedia.org/wiki/Golf_at_the_1904_Summer_Olympics_–_Men's_team,golf at the 1904 Summer Olympics – men's team,Q898827,golf at the 1904 Summer Olympics,Q5377,golf,Q5377,golf,https://en.wikipedia.org/wiki/List_of_1904_Summer_Olympics_medal_winners,layers-derived-wikipedia-wikidata
1904,Q1809846,https://en.wikipedia.org/wiki/Frederick_Semple,Frederick Semple,silver,Q1350274,https://en.wikipedia.org/wiki/United_States_at_the_1904_Summer_Olympics,United States at the 1904 Summer Olympics,Q30,United States,US,USA,USA,1872-12-24,Q38022,St. Louis,Q1581,Missouri,"38.62638888888889,-90.19944444444444",38.62638888888889,-90.19944444444444,Q6581097,male,Q4142798,https://en.wikipedia.org/wiki/Golf_at_the_1904_Summer_Olympics_–_Men's_team,golf at the 1904 Summer Olympics – men's team,Q898827,golf at the 1904 Summer Olympics,Q5377,golf,Q5377,golf,https://en.wikipedia.org/wiki/List_of_1904_Summer_Olympics_medal_winners,layers-derived-wikipedia-wikidata
1904,Q2444517,https://en.wikipedia.org/wiki/Stuart_Stickney,Stuart Stickney,silver,Q1350274,https://en.wikipedia.org/wiki/United_States_at_the_1904_Summer_Olympics,United States at the 1904 Summer Olympics,Q30,United States,US,USA,USA,1877-03-09,Q38022,St. Louis,Q1581,Missouri,"38.62638888888889,-90.19944444444444",38.62638888888889,-90.19944444444444,Q6581097,male,Q4142798,https://en.wikipedia.org/wiki/Golf_at_the_1904_Summer_Olympics_–_Men's_team,golf at the 1904 Summer Olympics – men's team,Q898827,golf at the 1904 Summer Olympics,Q5377,golf,Q5377,golf,https://en.wikipedia.org/wiki/List_of_1904_Summer_Olympics_medal_winners,layers-derived-wikipedia-wikidata
1904,Q2444408,https://en.wikipedia.org/wiki/William_Stickney_(golfer),William Stickney,silver,Q1350274,https://en.wikipedia.org/wiki/United_States_at_the_1904_Summer_Olympics,United States at the 1904 Summer Olympics,Q30,United States,US,USA,USA,1879-05-25,Q38022,St. Louis,Q1581,Missouri,"38.62638888888889,-90.19944444444444",38.62638888888889,-90.19944444444444,Q6581097,male,Q4142798,https://en.wikipedia.org/wiki/Golf_at_the_1904_Summer_Olympics_–_Men's_team,golf at the 1904 Summer Olympics – men's team,Q898827,golf at the 1904 Summer Olympics,Q5377,golf,Q5377,golf,https://en.wikipedia.org/wiki/List_of_1904_Summer_Olympics_medal_winners,layers-derived-wikipedia-wikidata
1904,Q2445620,https://en.wikipedia.org/wiki/Douglass_Cadwallader,Douglass Cadwallader,bronze,Q1350274,https://en.wikipedia.org/wiki/United_States_at_the_1904_Summer_Olympics,United States at the 1904 Summer Olympics,Q30,United States,US,USA,USA,1884-01-29,Q1204,Illinois,Q30,United States,"40.000277777777775,-89.25027777777778",40.000277777777775,-89.25027777777778,Q6581097,male,Q4142798,https://en.wikipedia.org/wiki/Golf_at_the_1904_Summer_Olympics_–_Men's_team,golf at the 1904 Summer Olympics – men's team,Q898827,golf at the 1904 Summer Olympics,Q5377,golf,Q5377,golf,https://en.wikipedia.org/wiki/List_of_1904_Summer_Olympics_medal_winners,layers-derived-wikipedia-wikidata
1904,Q2445421,https://en.wikipedia.org/wiki/Jesse_Carleton,Jesse Carleton,bronze,Q1350274,https://en.wikipedia.org/wiki/United_States_at_the_1904_Summer_Olympics,United States at the 1904 Summer Olympics,Q30,United States,US,USA,USA,1862-08-20,Q754868,Cumberland,Q156257,Allegany County,"39.65277777777778,-78.7625",39.65277777777778,-78.7625,Q6581097,male,Q4142798,https://en.wikipedia.org/wiki/Golf_at_the_1904_Summer_Olympics_–_Men's_team,golf at the 1904 Summer Olympics – men's team,Q898827,golf at the 1904 Summer Olympics,Q5377,golf,Q5377,golf,https://en.wikipedia.org/wiki/List_of_1904_Summer_Olympics_medal_winners,layers-derived-wikipedia-wikidata
1904,Q2444510,https://en.wikipedia.org/wiki/Harold_Fraser_(golfer),Harold Fraser,bronze,Q1350274,https://en.wikipedia.org/wiki/United_States_at_the_1904_Summer_Olympics,United States at the 1904 Summer Olympics,Q30,United States,US,USA,USA,1872-10-26,Q1642364,Woodstock,Q382652,Oxford County,"43.130555555556,-80.746666666667",43.130555555556,-80.746666666667,Q6581097,male,Q4142798,https://en.wikipedia.org/wiki/Golf_at_the_1904_Summer_Olympics_–_Men's_team,golf at the 1904 Summer Olympics – men's team,Q898827,golf at the 1904 Summer Olympics,Q5377,golf,Q5377,golf,https://en.wikipedia.org/wiki/List_of_1904_Summer_Olympics_medal_winners,layers-derived-wikipedia-wikidata
1904,Q2445584,https://en.wikipedia.org/wiki/Arthur_Hussey,Arthur Hussey,bronze,Q1350274,https://en.wikipedia.org/wiki/United_States_at_the_1904_Summer_Olympics,United States at the 1904 Summer Olympics,Q30,United States,US,USA,USA,1882-03-05,Q49239,Toledo,Q112107,Lucas County,"41.65277777777778,-83.53777777777778",41.65277777777778,-83.53777777777778,Q6581097,male,Q4142798,https://en.wikipedia.org/wiki/Golf_at_the_1904_Summer_Olympics_–_Men's_team,golf at the 1904 Summer Olympics – men's team,Q898827,golf at the 1904 Summer Olympics,Q5377,golf,Q5377,golf,https://en.wikipedia.org/wiki/List_of_1904_Summer_Olympics_medal_winners,layers-derived-wikipedia-wikidata
1904,Q2445649,https://en.wikipedia.org/wiki/Orus_Jones,Orus Jones,bronze,Q1350274,https://en.wikipedia.org/wiki/United_States_at_the_1904_Summer_Olympics,United States at the 1904 Summer Olympics,Q30,United States,US,USA,USA,1867-03-08,Q1903275,Jackson,Q738043,Jackson County,"39.0508,-82.6397",39.0508,-82.6397,Q6581097,male,Q4142798,https://en.wikipedia.org/wiki/Golf_at_the_1904_Summer_Olympics_–_Men's_team,golf at the 1904 Summer Olympics – men's team,Q898827,golf at the 1904 Summer Olympics,Q5377,golf,Q5377,golf,https://en.wikipedia.org/wiki/List_of_1904_Summer_Olympics_medal_winners,layers-derived-wikipedia-wikidata
1904,Q2638697,https://en.wikipedia.org/wiki/Allen_Lard,Allen Lard,bronze,Q1350274,https://en.wikipedia.org/wiki/United_States_at_the_1904_Summer_Olympics,United States at the 1904 Summer Olympics,Q30,United States,US,USA,USA,1866-08-06,Q49241,Lexington,Q491931,Fayette County,"38.049722222222,-84.458611111111",38.049722222222,-84.458611111111,Q6581097,male,Q4142798,https://en.wikipedia.org/wiki/Golf_at_the_1904_Summer_Olympics_–_Men's_team,golf at the 1904 Summer Olympics – men's team,Q898827,golf at the 1904 Summer Olympics,Q5377,golf,Q5377,golf,https://en.wikipedia.org/wiki/List_of_1904_Summer_Olympics_medal_winners,layers-derived-wikipedia-wikidata
1904,Q765500,https://en.wikipedia.org/wiki/George_Oliver_(golfer),George Oliver,bronze,Q1350274,https://en.wikipedia.org/wiki/United_States_at_the_1904_Summer_Olympics,United States at the 1904 Summer Olympics,Q30,United States,US,USA,USA,1883-01-18,Q49255,Tampa,Q488874,Hillsborough County,"27.9475,-82.45861111111111",27.9475,-82.45861111111111,Q6581097,male,Q4142798,https://en.wikipedia.org/wiki/Golf_at_the_1904_Summer_Olympics_–_Men's_team,golf at the 1904 Summer Olympics – men's team,Q898827,golf at the 1904 Summer Olympics,Q5377,golf,Q5377,golf,https://en.wikipedia.org/wiki/List_of_1904_Summer_Olympics_medal_winners,layers-derived-wikipedia-wikidata
1904,Q2444623,https://en.wikipedia.org/wiki/Simeon_Price,Simeon Price,bronze,Q1350274,https://en.wikipedia.org/wiki/United_States_at_the_1904_Summer_Olympics,United States at the 1904 Summer Olympics,Q30,United States,US,USA,USA,1882-05-16,Q38022,St. Louis,Q1581,Missouri,"38.62638888888889,-90.19944444444444",38.62638888888889,-90.19944444444444,Q6581097,male,Q4142798,https://en.wikipedia.org/wiki/Golf_at_the_1904_Summer_Olympics_–_Men's_team,golf at the 1904 Summer Olympics – men's team,Q898827,golf at the 1904 Summer Olympics,Q5377,golf,Q5377,golf,https://en.wikipedia.org/wiki/List_of_1904_Summer_Olympics_medal_winners,layers-derived-wikipedia-wikidata
1904,Q2445594,https://en.wikipedia.org/wiki/John_Rahm,John Rahm,bronze,Q1350274,https://en.wikipedia.org/wiki/United_States_at_the_1904_Summer_Olympics,United States at the 1904 Summer Olympics,Q30,United States,US,USA,USA,1854-01-08,Q43421,Richmond,Q1370,Virginia,"37.54083333333333,-77.43666666666667",37.54083333333333,-77.43666666666667,Q6581097,male,Q4142798,https://en.wikipedia.org/wiki/Golf_at_the_1904_Summer_Olympics_–_Men's_team,golf at the 1904 Summer Olympics – men's team,Q898827,golf at the 1904 Summer Olympics,Q5377,golf,Q5377,golf,https://en.wikipedia.org/wiki/List_of_1904_Summer_Olympics_medal_winners,layers-derived-wikipedia-wikidata
1904,Q2444545,https://en.wikipedia.org/wiki/Harold_Weber,Harold Weber,bronze,Q1350274,https://en.wikipedia.org/wiki/United_States_at_the_1904_Summer_Olympics,United States at the 1904 Summer Olympics,Q30,United States,US,USA,USA,1882-03-20,Q49239,Toledo,Q112107,Lucas County,"41.65277777777778,-83.53777777777778",41.65277777777778,-83.53777777777778,Q6581097,male,Q4142798,https://en.wikipedia.org/wiki/Golf_at_the_1904_Summer_Olympics_–_Men's_team,golf at the 1904 Summer Olympics – men's team,Q898827,golf at the 1904 Summer Olympics,Q5377,golf,Q5377,golf,https://en.wikipedia.org/wiki/List_of_1904_Summer_Olympics_medal_winners,layers-derived-wikipedia-wikidata
1904,Q78942,https://en.wikipedia.org/wiki/Julius_Lenhart,Julius Lenhart,gold,Q141919,https://en.wikipedia.org/wiki/Austria_at_the_1904_Summer_Olympics,Austria at the 1904 Summer Olympics,Q28513,Austria–Hungary,,,,1875-11-27,Q1741,Vienna,Q40,Austria,"48.208333333333336,16.3725",48.208333333333336,16.3725,Q6581097,male,Q1046525,https://en.wikipedia.org/wiki/Gymnastics_at_the_1904_Summer_Olympics_–_Men's_all-around,gymnastics at the 1904 Summer Olympics – men's artistic individual all-around,Q532793,gymnastics at the 1904 Summer Olympics,Q43450,gymnastics,Q43450,gymnastics,https://en.wikipedia.org/wiki/List_of_1904_Summer_Olympics_medal_winners,layers-derived-wikipedia-wikidata
1904,Q1803445,https://en.wikipedia.org/wiki/Wilhelm_Weber_(gymnast),Wilhelm Weber,silver,Q143137,https://en.wikipedia.org/wiki/Germany_at_the_1904_Summer_Olympics,Germany at the 1904 Summer Olympics,Q1206012,German Reich,,,,1880-01-01,Q64,Berlin,Q148499,Margraviate of Brandenburg,"52.516666666667,13.383333333333",52.516666666667,13.383333333333,Q6581097,male,Q1046525,https://en.wikipedia.org/wiki/Gymnastics_at_the_1904_Summer_Olympics_–_Men's_all-around,gymnastics at the 1904 Summer Olympics – men's artistic individual all-around,Q532793,gymnastics at the 1904 Summer Olympics,Q43450,gymnastics,Q43450,gymnastics,https://en.wikipedia.org/wiki/List_of_1904_Summer_Olympics_medal_winners,layers-derived-wikipedia-wikidata
1904,Q364287,https://en.wikipedia.org/wiki/Adolf_Spinnler,Adolf Spinnler,bronze,Q142403,https://en.wikipedia.org/wiki/Switzerland_at_the_1904_Summer_Olympics,Switzerland at the 1904 Summer Olympics,Q39,Switzerland,CH,CHE,SUI,1879-07-18,Q68972,Liestal,Q659800,Liestal District,"47.483888888889,7.735",47.483888888889,7.735,Q6581097,male,Q1046525,https://en.wikipedia.org/wiki/Gymnastics_at_the_1904_Summer_Olympics_–_Men's_all-around,gymnastics at the 1904 Summer Olympics – men's artistic individual all-around,Q532793,gymnastics at the 1904 Summer Olympics,Q43450,gymnastics,Q43450,gymnastics,https://en.wikipedia.org/wiki/List_of_1904_Summer_Olympics_medal_winners,layers-derived-wikipedia-wikidata
1904,Q180207,https://en.wikipedia.org/wiki/Anton_Heida,Anton Heida,gold,Q1350274,https://en.wikipedia.org/wiki/United_States_at_the_1904_Summer_Olympics,United States at the 1904 Summer Olympics,Q30,United States,US,USA,USA,1878-01-01,Q1085,Prague,Q2162698,Duchy of Bohemia,"50.0875,14.421388888888888",50.0875,14.421388888888888,Q6581097,male,Q1046731,https://en.wikipedia.org/wiki/Gymnastics_at_the_1904_Summer_Olympics_–_Men's_combined,gymnastics at the 1904 Summer Olympics – men's combined,Q532793,gymnastics at the 1904 Summer Olympics,Q43450,gymnastics,Q43450,gymnastics,https://en.wikipedia.org/wiki/List_of_1904_Summer_Olympics_medal_winners,layers-derived-wikipedia-wikidata
1904,Q556883,https://en.wikipedia.org/wiki/George_Eyser,George Eyser,silver,Q1350274,https://en.wikipedia.org/wiki/United_States_at_the_1904_Summer_Olympics,United States at the 1904 Summer Olympics,Q30,United States,US,USA,USA,1870-08-31,Q1707,Kiel,Q1194,Schleswig-Holstein,"54.323333333333,10.139444444444",54.323333333333,10.139444444444,Q6581097,male,Q1046731,https://en.wikipedia.org/wiki/Gymnastics_at_the_1904_Summer_Olympics_–_Men's_combined,gymnastics at the 1904 Summer Olympics – men's combined,Q532793,gymnastics at the 1904 Summer Olympics,Q43450,gymnastics,Q43450,gymnastics,https://en.wikipedia.org/wiki/List_of_1904_Summer_Olympics_medal_winners,layers-derived-wikipedia-wikidata
1904,Q2638690,https://en.wikipedia.org/wiki/William_Merz,William Merz,bronze,Q1350274,https://en.wikipedia.org/wiki/United_States_at_the_1904_Summer_Olympics,United States at the 1904 Summer Olympics,Q30,United States,US,USA,USA,1878-04-25,Q574895,Red Bud,Q486499,Randolph County,"38.2095923,-89.9997593",38.2095923,-89.9997593,Q6581097,male,Q1046731,https://en.wikipedia.org/wiki/Gymnastics_at_the_1904_Summer_Olympics_–_Men's_combined,gymnastics at the 1904 Summer Olympics – men's combined,Q532793,gymnastics at the 1904 Summer Olympics,Q43450,gymnastics,Q43450,gymnastics,https://en.wikipedia.org/wiki/List_of_1904_Summer_Olympics_medal_winners,layers-derived-wikipedia-wikidata
1904,Q364287,https://en.wikipedia.org/wiki/Adolf_Spinnler,Adolf Spinnler,gold,Q142403,https://en.wikipedia.org/wiki/Switzerland_at_the_1904_Summer_Olympics,Switzerland at the 1904 Summer Olympics,Q39,Switzerland,CH,CHE,SUI,1879-07-18,Q68972,Liestal,Q659800,Liestal District,"47.483888888889,7.735",47.483888888889,7.735,Q6581097,male,Q1047316,https://en.wikipedia.org/wiki/Gymnastics_at_the_1904_Summer_Olympics_–_Men's_triathlon,gymnastics at the 1904 Summer Olympics – men's triathlon,Q532793,gymnastics at the 1904 Summer Olympics,Q43450,gymnastics,Q43450,gymnastics,https://en.wikipedia.org/wiki/List_of_1904_Summer_Olympics_medal_winners,layers-derived-wikipedia-wikidata
1904,Q78942,https://en.wikipedia.org/wiki/Julius_Lenhart,Julius Lenhart,silver,Q141919,https://en.wikipedia.org/wiki/Austria_at_the_1904_Summer_Olympics,Austria at the 1904 Summer Olympics,Q28513,Austria–Hungary,,,,1875-11-27,Q1741,Vienna,Q40,Austria,"48.208333333333336,16.3725",48.208333333333336,16.3725,Q6581097,male,Q1047316,https://en.wikipedia.org/wiki/Gymnastics_at_the_1904_Summer_Olympics_–_Men's_triathlon,gymnastics at the 1904 Summer Olympics – men's triathlon,Q532793,gymnastics at the 1904 Summer Olympics,Q43450,gymnastics,Q43450,gymnastics,https://en.wikipedia.org/wiki/List_of_1904_Summer_Olympics_medal_winners,layers-derived-wikipedia-wikidata
1904,Q1803445,https://en.wikipedia.org/wiki/Wilhelm_Weber_(gymnast),Wilhelm Weber,bronze,Q143137,https://en.wikipedia.org/wiki/Germany_at_the_1904_Summer_Olympics,Germany at the 1904 Summer Olympics,Q1206012,German Reich,,,,1880-01-01,Q64,Berlin,Q148499,Margraviate of Brandenburg,"52.516666666667,13.383333333333",52.516666666667,13.383333333333,Q6581097,male,Q1047316,https://en.wikipedia.org/wiki/Gymnastics_at_the_1904_Summer_Olympics_–_Men's_triathlon,gymnastics at the 1904 Summer Olympics – men's triathlon,Q532793,gymnastics at the 1904 Summer Olympics,Q43450,gymnastics,Q43450,gymnastics,https://en.wikipedia.org/wiki/List_of_1904_Summer_Olympics_medal_winners,layers-derived-wikipedia-wikidata
1904,Q2445635,https://en.wikipedia.org/wiki/John_Grieb,John Grieb,gold,Q1360637,https://en.wikipedia.org/wiki/Mixed_team_at_the_1904_Summer_Olympics,Mixed team at the 1904 Summer Olympics,Q30,United States,US,USA,USA,1879-11-19,Q1345,Philadelphia,Q496900,Philadelphia County,"39.952777777778,-75.163611111111",39.952777777778,-75.163611111111,Q6581097,male,Q861735,https://en.wikipedia.org/wiki/Gymnastics_at_the_1904_Summer_Olympics_–_Men's_team,gymnastics at the 1904 Summer Olympics – men's team,Q532793,gymnastics at the 1904 Summer Olympics,Q43450,gymnastics,Q43450,gymnastics,https://en.wikipedia.org/wiki/List_of_1904_Summer_Olympics_medal_winners,layers-derived-wikipedia-wikidata
1904,Q180207,https://en.wikipedia.org/wiki/Anton_Heida,Anton Heida,gold,Q1360637,https://en.wikipedia.org/wiki/Mixed_team_at_the_1904_Summer_Olympics,Mixed team at the 1904 Summer Olympics,Q30,United States,US,USA,USA,1878-01-01,Q1085,Prague,Q2162698,Duchy of Bohemia,"50.0875,14.421388888888888",50.0875,14.421388888888888,Q6581097,male,Q861735,https://en.wikipedia.org/wiki/Gymnastics_at_the_1904_Summer_Olympics_–_Men's_team,gymnastics at the 1904 Summer Olympics – men's team,Q532793,gymnastics at the 1904 Summer Olympics,Q43450,gymnastics,Q43450,gymnastics,https://en.wikipedia.org/wiki/List_of_1904_Summer_Olympics_medal_winners,layers-derived-wikipedia-wikidata
1904,Q1803431,https://en.wikipedia.org/wiki/Max_Hess_(gymnast),Max Hess,gold,Q1360637,https://en.wikipedia.org/wiki/Mixed_team_at_the_1904_Summer_Olympics,Mixed team at the 1904 Summer Olympics,Q30,United States,US,USA,USA,1877-12-29,Q14821,Coburg,Q700663,Saxe-Coburg-Saalfeld,"50.258469444444444,10.957869444444444",50.258469444444444,10.957869444444444,Q6581097,male,Q861735,https://en.wikipedia.org/wiki/Gymnastics_at_the_1904_Summer_Olympics_–_Men's_team,gymnastics at the 1904 Summer Olympics – men's team,Q532793,gymnastics at the 1904 Summer Olympics,Q43450,gymnastics,Q43450,gymnastics,https://en.wikipedia.org/wiki/List_of_1904_Summer_Olympics_medal_winners,layers-derived-wikipedia-wikidata
1904,Q1803461,https://en.wikipedia.org/wiki/Philip_Kassel,Philip Kassel,gold,Q1360637,https://en.wikipedia.org/wiki/Mixed_team_at_the_1904_Summer_Olympics,Mixed team at the 1904 Summer Olympics,Q30,United States,US,USA,USA,1876-09-26,Q183,Germany,,,"51,10",51,10,Q6581097,male,Q861735,https://en.wikipedia.org/wiki/Gymnastics_at_the_1904_Summer_Olympics_–_Men's_team,gymnastics at the 1904 Summer Olympics – men's team,Q532793,gymnastics at the 1904 Summer Olympics,Q43450,gymnastics,Q43450,gymnastics,https://en.wikipedia.org/wiki/List_of_1904_Summer_Olympics_medal_winners,layers-derived-wikipedia-wikidata
1904,Q78942,https://en.wikipedia.org/wiki/Julius_Lenhart,Julius Lenhart,gold,Q1360637,https://en.wikipedia.org/wiki/Mixed_team_at_the_1904_Summer_Olympics,Mixed team at the 1904 Summer Olympics,Q30,United States,US,USA,USA,1875-11-27,Q1741,Vienna,Q40,Austria,"48.208333333333336,16.3725",48.208333333333336,16.3725,Q6581097,male,Q861735,https://en.wikipedia.org/wiki/Gymnastics_at_the_1904_Summer_Olympics_–_Men's_team,gymnastics at the 1904 Summer Olympics – men's team,Q532793,gymnastics at the 1904 Summer Olympics,Q43450,gymnastics,Q43450,gymnastics,https://en.wikipedia.org/wiki/List_of_1904_Summer_Olympics_medal_winners,layers-derived-wikipedia-wikidata
1904,Q2444794,https://en.wikipedia.org/wiki/Ernst_Reckeweg,Ernst Reckeweg,gold,Q1360637,https://en.wikipedia.org/wiki/Mixed_team_at_the_1904_Summer_Olympics,Mixed team at the 1904 Summer Olympics,Q30,United States,US,USA,USA,1873-04-18,Q556680,Oberstadt,Q7872,Hildburghausen,"50.555161,10.59656",50.555161,10.59656,Q6581097,male,Q861735,https://en.wikipedia.org/wiki/Gymnastics_at_the_1904_Summer_Olympics_–_Men's_team,gymnastics at the 1904 Summer Olympics – men's team,Q532793,gymnastics at the 1904 Summer Olympics,Q43450,gymnastics,Q43450,gymnastics,https://en.wikipedia.org/wiki/List_of_1904_Summer_Olympics_medal_winners,layers-derived-wikipedia-wikidata
1904,Q1803421,https://en.wikipedia.org/wiki/Emil_Beyer,Emil Beyer,silver,Q1350274,https://en.wikipedia.org/wiki/United_States_at_the_1904_Summer_Olympics,United States at the 1904 Summer Olympics,Q30,United States,US,USA,USA,1876-11-22,Q1384,New York,Q30,United States,"43,-75",43,-75,Q6581097,male,Q861735,https://en.wikipedia.org/wiki/Gymnastics_at_the_1904_Summer_Olympics_–_Men's_team,gymnastics at the 1904 Summer Olympics – men's team,Q532793,gymnastics at the 1904 Summer Olympics,Q43450,gymnastics,Q43450,gymnastics,https://en.wikipedia.org/wiki/List_of_1904_Summer_Olympics_medal_winners,layers-derived-wikipedia-wikidata
1904,Q1803397,https://en.wikipedia.org/wiki/John_Bissinger,John Bissinger,silver,Q1350274,https://en.wikipedia.org/wiki/United_States_at_the_1904_Summer_Olympics,United States at the 1904 Summer Olympics,Q30,United States,US,USA,USA,1879-01-07,Q60,New York City,Q1384,New York,"40.71277777777778,-74.00611111111111",40.71277777777778,-74.00611111111111,Q6581097,male,Q861735,https://en.wikipedia.org/wiki/Gymnastics_at_the_1904_Summer_Olympics_–_Men's_team,gymnastics at the 1904 Summer Olympics – men's team,Q532793,gymnastics at the 1904 Summer Olympics,Q43450,gymnastics,Q43450,gymnastics,https://en.wikipedia.org/wiki/List_of_1904_Summer_Olympics_medal_winners,layers-derived-wikipedia-wikidata
1904,Q490532,https://en.wikipedia.org/wiki/Arthur_Rosenkampff,Arthur Rosenkampff,silver,Q1350274,https://en.wikipedia.org/wiki/United_States_at_the_1904_Summer_Olympics,United States at the 1904 Summer Olympics,Q30,United States,US,USA,USA,1884-11-03,Q60,New York City,Q1384,New York,"40.71277777777778,-74.00611111111111",40.71277777777778,-74.00611111111111,Q6581097,male,Q861735,https://en.wikipedia.org/wiki/Gymnastics_at_the_1904_Summer_Olympics_–_Men's_team,gymnastics at the 1904 Summer Olympics – men's team,Q532793,gymnastics at the 1904 Summer Olympics,Q43450,gymnastics,Q43450,gymnastics,https://en.wikipedia.org/wiki/List_of_1904_Summer_Olympics_medal_winners,layers-derived-wikipedia-wikidata
1904,Q1804930,https://en.wikipedia.org/wiki/Julian_Schmitz,Julian Schmitz,silver,Q1350274,https://en.wikipedia.org/wiki/United_States_at_the_1904_Summer_Olympics,United States at the 1904 Summer Olympics,Q30,United States,US,USA,USA,1881-09-15,Q138578,Hoboken,Q490505,Hudson County,"40.745,-74.0325",40.745,-74.0325,Q6581097,male,Q861735,https://en.wikipedia.org/wiki/Gymnastics_at_the_1904_Summer_Olympics_–_Men's_team,gymnastics at the 1904 Summer Olympics – men's team,Q532793,gymnastics at the 1904 Summer Olympics,Q43450,gymnastics,Q43450,gymnastics,https://en.wikipedia.org/wiki/List_of_1904_Summer_Olympics_medal_winners,layers-derived-wikipedia-wikidata
1904,Q1804809,https://en.wikipedia.org/wiki/Otto_Steffen,Otto Steffen,silver,Q1350274,https://en.wikipedia.org/wiki/United_States_at_the_1904_Summer_Olympics,United States at the 1904 Summer Olympics,Q30,United States,US,USA,USA,1874-08-09,Q16119,Idar-Oberstein,Q8575,Birkenfeld District,"49.701944444444,7.3252777777778",49.701944444444,7.3252777777778,Q6581097,male,Q861735,https://en.wikipedia.org/wiki/Gymnastics_at_the_1904_Summer_Olympics_–_Men's_team,gymnastics at the 1904 Summer Olympics – men's team,Q532793,gymnastics at the 1904 Summer Olympics,Q43450,gymnastics,Q43450,gymnastics,https://en.wikipedia.org/wiki/List_of_1904_Summer_Olympics_medal_winners,layers-derived-wikipedia-wikidata
1904,Q4124764,https://en.wikipedia.org/wiki/Max_Wolf_(gymnast),Max Wolf,silver,Q1350274,https://en.wikipedia.org/wiki/United_States_at_the_1904_Summer_Olympics,United States at the 1904 Summer Olympics,Q30,United States,US,USA,USA,,,,,,,,,Q6581097,male,Q861735,https://en.wikipedia.org/wiki/Gymnastics_at_the_1904_Summer_Olympics_–_Men's_team,gymnastics at the 1904 Summer Olympics – men's team,Q532793,gymnastics at the 1904 Summer Olympics,Q43450,gymnastics,Q43450,gymnastics,https://en.wikipedia.org/wiki/List_of_1904_Summer_Olympics_medal_winners,layers-derived-wikipedia-wikidata
1904,Q1803438,https://en.wikipedia.org/wiki/John_Duha,John Duha,bronze,Q1350274,https://en.wikipedia.org/wiki/United_States_at_the_1904_Summer_Olympics,United States at the 1904 Summer Olympics,Q30,United States,US,USA,USA,1875-02-16,Q1297,Chicago,Q108418,Cook County,"41.88194444444444,-87.62777777777778",41.88194444444444,-87.62777777777778,Q6581097,male,Q861735,https://en.wikipedia.org/wiki/Gymnastics_at_the_1904_Summer_Olympics_–_Men's_team,gymnastics at the 1904 Summer Olympics – men's team,Q532793,gymnastics at the 1904 Summer Olympics,Q43450,gymnastics,Q43450,gymnastics,https://en.wikipedia.org/wiki/List_of_1904_Summer_Olympics_medal_winners,layers-derived-wikipedia-wikidata
1904,Q4239895,https://en.wikipedia.org/wiki/Charles_Krause_(gymnast),Charles Krause,bronze,Q1350274,https://en.wikipedia.org/wiki/United_States_at_the_1904_Summer_Olympics,United States at the 1904 Summer Olympics,Q30,United States,US,USA,USA,1900-00-00,,,,,,,,Q6581097,male,Q861735,https://en.wikipedia.org/wiki/Gymnastics_at_the_1904_Summer_Olympics_–_Men's_team,gymnastics at the 1904 Summer Olympics – men's team,Q532793,gymnastics at the 1904 Summer Olympics,Q43450,gymnastics,Q43450,gymnastics,https://en.wikipedia.org/wiki/List_of_1904_Summer_Olympics_medal_winners,layers-derived-wikipedia-wikidata
1904,Q11971848,https://en.wikipedia.org/wiki/George_Mayer_(gymnast),George Mayer,bronze,Q1350274,https://en.wikipedia.org/wiki/United_States_at_the_1904_Summer_Olympics,United States at the 1904 Summer Olympics,Q30,United States,US,USA,USA,,,,,,,,,Q6581097,male,Q861735,https://en.wikipedia.org/wiki/Gymnastics_at_the_1904_Summer_Olympics_–_Men's_team,gymnastics at the 1904 Summer Olympics – men's team,Q532793,gymnastics at the 1904 Summer Olympics,Q43450,gymnastics,Q43450,gymnastics,https://en.wikipedia.org/wiki/List_of_1904_Summer_Olympics_medal_winners,layers-derived-wikipedia-wikidata
1904,Q1995917,https://en.wikipedia.org/wiki/Robert_Maysack,Robert Maysack,bronze,Q1350274,https://en.wikipedia.org/wiki/United_States_at_the_1904_Summer_Olympics,United States at the 1904 Summer Olympics,Q30,United States,US,USA,USA,1872-11-25,Q539754,Kirchardt,Q7166,Heilbronn District,"49.2,8.9833333333333",49.2,8.9833333333333,Q6581097,male,Q861735,https://en.wikipedia.org/wiki/Gymnastics_at_the_1904_Summer_Olympics_–_Men's_team,gymnastics at the 1904 Summer Olympics – men's team,Q532793,gymnastics at the 1904 Summer Olympics,Q43450,gymnastics,Q43450,gymnastics,https://en.wikipedia.org/wiki/List_of_1904_Summer_Olympics_medal_winners,layers-derived-wikipedia-wikidata
1904,Q1806481,https://en.wikipedia.org/wiki/Philip_Schuster_(gymnast),Philip Schuster,bronze,Q1350274,https://en.wikipedia.org/wiki/United_States_at_the_1904_Summer_Olympics,United States at the 1904 Summer Olympics,Q30,United States,US,USA,USA,1883-01-24,Q1537,Wisconsin,Q30,United States,"44.5,-89.5",44.5,-89.5,Q6581097,male,Q861735,https://en.wikipedia.org/wiki/Gymnastics_at_the_1904_Summer_Olympics_–_Men's_team,gymnastics at the 1904 Summer Olympics – men's team,Q532793,gymnastics at the 1904 Summer Olympics,Q43450,gymnastics,Q43450,gymnastics,https://en.wikipedia.org/wiki/List_of_1904_Summer_Olympics_medal_winners,layers-derived-wikipedia-wikidata
1904,Q1806476,https://en.wikipedia.org/wiki/Edward_Siegler,Edward Siegler,bronze,Q1350274,https://en.wikipedia.org/wiki/United_States_at_the_1904_Summer_Olympics,United States at the 1904 Summer Olympics,Q30,United States,US,USA,USA,1881-08-14,Q1297,Chicago,Q108418,Cook County,"41.88194444444444,-87.62777777777778",41.88194444444444,-87.62777777777778,Q6581097,male,Q861735,https://en.wikipedia.org/wiki/Gymnastics_at_the_1904_Summer_Olympics_–_Men's_team,gymnastics at the 1904 Summer Olympics – men's team,Q532793,gymnastics at the 1904 Summer Olympics,Q43450,gymnastics,Q43450,gymnastics,https://en.wikipedia.org/wiki/List_of_1904_Summer_Olympics_medal_winners,layers-derived-wikipedia-wikidata
1904,Q180207,https://en.wikipedia.org/wiki/Anton_Heida,Anton Heida,gold,Q1350274,https://en.wikipedia.org/wiki/United_States_at_the_1904_Summer_Olympics,United States at the 1904 Summer Olympics,Q30,United States,US,USA,USA,1878-01-01,Q1085,Prague,Q2162698,Duchy of Bohemia,"50.0875,14.421388888888888",50.0875,14.421388888888888,Q6581097,male,Q1046746,https://en.wikipedia.org/wiki/Gymnastics_at_the_1904_Summer_Olympics_–_Men's_horizontal_bar,gymnastics at the 1904 Summer Olympics – men's horizontal bar,Q532793,gymnastics at the 1904 Summer Olympics,Q43450,gymnastics,Q43450,gymnastics,https://en.wikipedia.org/wiki/List_of_1904_Summer_Olympics_medal_winners,layers-derived-wikipedia-wikidata
1904,Q556883,https://en.wikipedia.org/wiki/George_Eyser,George Eyser,bronze,Q1350274,https://en.wikipedia.org/wiki/United_States_at_the_1904_Summer_Olympics,United States at the 1904 Summer Olympics,Q30,United States,US,USA,USA,1870-08-31,Q1707,Kiel,Q1194,Schleswig-Holstein,"54.323333333333,10.139444444444",54.323333333333,10.139444444444,Q6581097,male,Q1046746,https://en.wikipedia.org/wiki/Gymnastics_at_the_1904_Summer_Olympics_–_Men's_horizontal_bar,gymnastics at the 1904 Summer Olympics – men's horizontal bar,Q532793,gymnastics at the 1904 Summer Olympics,Q43450,gymnastics,Q43450,gymnastics,https://en.wikipedia.org/wiki/List_of_1904_Summer_Olympics_medal_winners,layers-derived-wikipedia-wikidata
1904,Q556883,https://en.wikipedia.org/wiki/George_Eyser,George Eyser,gold,Q1350274,https://en.wikipedia.org/wiki/United_States_at_the_1904_Summer_Olympics,United States at the 1904 Summer Olympics,Q30,United States,US,USA,USA,1870-08-31,Q1707,Kiel,Q1194,Schleswig-Holstein,"54.323333333333,10.139444444444",54.323333333333,10.139444444444,Q6581097,male,Q1047497,https://en.wikipedia.org/wiki/Gymnastics_at_the_1904_Summer_Olympics_–_Men's_parallel_bars,gymnastics at the 1904 Summer Olympics – men's parallel bars,Q532793,gymnastics at the 1904 Summer Olympics,Q43450,gymnastics,Q43450,gymnastics,https://en.wikipedia.org/wiki/List_of_1904_Summer_Olympics_medal_winners,layers-derived-wikipedia-wikidata
1904,Q180207,https://en.wikipedia.org/wiki/Anton_Heida,Anton Heida,silver,Q1350274,https://en.wikipedia.org/wiki/United_States_at_the_1904_Summer_Olympics,United States at the 1904 Summer Olympics,Q30,United States,US,USA,USA,1878-01-01,Q1085,Prague,Q2162698,Duchy of Bohemia,"50.0875,14.421388888888888",50.0875,14.421388888888888,Q6581097,male,Q1047497,https://en.wikipedia.org/wiki/Gymnastics_at_the_1904_Summer_Olympics_–_Men's_parallel_bars,gymnastics at the 1904 Summer Olympics – men's parallel bars,Q532793,gymnastics at the 1904 Summer Olympics,Q43450,gymnastics,Q43450,gymnastics,https://en.wikipedia.org/wiki/List_of_1904_Summer_Olympics_medal_winners,layers-derived-wikipedia-wikidata
1904,Q1803438,https://en.wikipedia.org/wiki/John_Duha,John Duha,bronze,Q1350274,https://en.wikipedia.org/wiki/United_States_at_the_1904_Summer_Olympics,United States at the 1904 Summer Olympics,Q30,United States,US,USA,USA,1875-02-16,Q1297,Chicago,Q108418,Cook County,"41.88194444444444,-87.62777777777778",41.88194444444444,-87.62777777777778,Q6581097,male,Q1047497,https://en.wikipedia.org/wiki/Gymnastics_at_the_1904_Summer_Olympics_–_Men's_parallel_bars,gymnastics at the 1904 Summer Olympics – men's parallel bars,Q532793,gymnastics at the 1904 Summer Olympics,Q43450,gymnastics,Q43450,gymnastics,https://en.wikipedia.org/wiki/List_of_1904_Summer_Olympics_medal_winners,layers-derived-wikipedia-wikidata
1904,Q180207,https://en.wikipedia.org/wiki/Anton_Heida,Anton Heida,gold,Q1350274,https://en.wikipedia.org/wiki/United_States_at_the_1904_Summer_Olympics,United States at the 1904 Summer Olympics,Q30,United States,US,USA,USA,1878-01-01,Q1085,Prague,Q2162698,Duchy of Bohemia,"50.0875,14.421388888888888",50.0875,14.421388888888888,Q6581097,male,Q1047473,https://en.wikipedia.org/wiki/Gymnastics_at_the_1904_Summer_Olympics_–_Men's_pommel_horse,gymnastics at the 1904 Summer Olympics – men's pommel horse,Q532793,gymnastics at the 1904 Summer Olympics,Q43450,gymnastics,Q43450,gymnastics,https://en.wikipedia.org/wiki/List_of_1904_Summer_Olympics_medal_winners,layers-derived-wikipedia-wikidata
1904,Q556883,https://en.wikipedia.org/wiki/George_Eyser,George Eyser,silver,Q1350274,https://en.wikipedia.org/wiki/United_States_at_the_1904_Summer_Olympics,United States at the 1904 Summer Olympics,Q30,United States,US,USA,USA,1870-08-31,Q1707,Kiel,Q1194,Schleswig-Holstein,"54.323333333333,10.139444444444",54.323333333333,10.139444444444,Q6581097,male,Q1047473,https://en.wikipedia.org/wiki/Gymnastics_at_the_1904_Summer_Olympics_–_Men's_pommel_horse,gymnastics at the 1904 Summer Olympics – men's pommel horse,Q532793,gymnastics at the 1904 Summer Olympics,Q43450,gymnastics,Q43450,gymnastics,https://en.wikipedia.org/wiki/List_of_1904_Summer_Olympics_medal_winners,layers-derived-wikipedia-wikidata
1904,Q2638690,https://en.wikipedia.org/wiki/William_Merz,William Merz,bronze,Q1350274,https://en.wikipedia.org/wiki/United_States_at_the_1904_Summer_Olympics,United States at the 1904 Summer Olympics,Q30,United States,US,USA,USA,1878-04-25,Q574895,Red Bud,Q486499,Randolph County,"38.2095923,-89.9997593",38.2095923,-89.9997593,Q6581097,male,Q1047473,https://en.wikipedia.org/wiki/Gymnastics_at_the_1904_Summer_Olympics_–_Men's_pommel_horse,gymnastics at the 1904 Summer Olympics – men's pommel horse,Q532793,gymnastics at the 1904 Summer Olympics,Q43450,gymnastics,Q43450,gymnastics,https://en.wikipedia.org/wiki/List_of_1904_Summer_Olympics_medal_winners,layers-derived-wikipedia-wikidata
1904,Q1385278,https://en.wikipedia.org/wiki/Herman_Glass,Herman Glass,gold,Q1350274,https://en.wikipedia.org/wiki/United_States_at_the_1904_Summer_Olympics,United States at the 1904 Summer Olympics,Q30,United States,US,USA,USA,1880-10-15,Q65,Los Angeles,Q104994,Los Angeles County,"34.05223,-118.24368",34.05223,-118.24368,Q6581097,male,Q1047484,https://en.wikipedia.org/wiki/Gymnastics_at_the_1904_Summer_Olympics_–_Men's_rings,gymnastics at the 1904 Summer Olympics – men's rings,Q532793,gymnastics at the 1904 Summer Olympics,Q43450,gymnastics,Q43450,gymnastics,https://en.wikipedia.org/wiki/List_of_1904_Summer_Olympics_medal_winners,layers-derived-wikipedia-wikidata
1904,Q2638690,https://en.wikipedia.org/wiki/William_Merz,William Merz,silver,Q1350274,https://en.wikipedia.org/wiki/United_States_at_the_1904_Summer_Olympics,United States at the 1904 Summer Olympics,Q30,United States,US,USA,USA,1878-04-25,Q574895,Red Bud,Q486499,Randolph County,"38.2095923,-89.9997593",38.2095923,-89.9997593,Q6581097,male,Q1047484,https://en.wikipedia.org/wiki/Gymnastics_at_the_1904_Summer_Olympics_–_Men's_rings,gymnastics at the 1904 Summer Olympics – men's rings,Q532793,gymnastics at the 1904 Summer Olympics,Q43450,gymnastics,Q43450,gymnastics,https://en.wikipedia.org/wiki/List_of_1904_Summer_Olympics_medal_winners,layers-derived-wikipedia-wikidata
1904,Q1803393,https://en.wikipedia.org/wiki/Emil_Voigt_(gymnast),Emil Voigt,bronze,Q1350274,https://en.wikipedia.org/wiki/United_States_at_the_1904_Summer_Olympics,United States at the 1904 Summer Olympics,Q30,United States,US,USA,USA,1879-12-15,Q38022,St. Louis,Q1581,Missouri,"38.62638888888889,-90.19944444444444",38.62638888888889,-90.19944444444444,Q6581097,male,Q1047484,https://en.wikipedia.org/wiki/Gymnastics_at_the_1904_Summer_Olympics_–_Men's_rings,gymnastics at the 1904 Summer Olympics – men's rings,Q532793,gymnastics at the 1904 Summer Olympics,Q43450,gymnastics,Q43450,gymnastics,https://en.wikipedia.org/wiki/List_of_1904_Summer_Olympics_medal_winners,layers-derived-wikipedia-wikidata
1904,Q556883,https://en.wikipedia.org/wiki/George_Eyser,George Eyser,gold,Q1350274,https://en.wikipedia.org/wiki/United_States_at_the_1904_Summer_Olympics,United States at the 1904 Summer Olympics,Q30,United States,US,USA,USA,1870-08-31,Q1707,Kiel,Q1194,Schleswig-Holstein,"54.323333333333,10.139444444444",54.323333333333,10.139444444444,Q6581097,male,Q861744,https://en.wikipedia.org/wiki/Gymnastics_at_the_1904_Summer_Olympics_–_Men's_vault,gymnastics at the 1904 Summer Olympics – men's vault,Q532793,gymnastics at the 1904 Summer Olympics,Q43450,gymnastics,Q43450,gymnastics,https://en.wikipedia.org/wiki/List_of_1904_Summer_Olympics_medal_winners,layers-derived-wikipedia-wikidata
1904,Q2638690,https://en.wikipedia.org/wiki/William_Merz,William Merz,bronze,Q1350274,https://en.wikipedia.org/wiki/United_States_at_the_1904_Summer_Olympics,United States at the 1904 Summer Olympics,Q30,United States,US,USA,USA,1878-04-25,Q574895,Red Bud,Q486499,Randolph County,"38.2095923,-89.9997593",38.2095923,-89.9997593,Q6581097,male,Q861744,https://en.wikipedia.org/wiki/Gymnastics_at_the_1904_Summer_Olympics_–_Men's_vault,gymnastics at the 1904 Summer Olympics – men's vault,Q532793,gymnastics at the 1904 Summer Olympics,Q43450,gymnastics,Q43450,gymnastics,https://en.wikipedia.org/wiki/List_of_1904_Summer_Olympics_medal_winners,layers-derived-wikipedia-wikidata
1904,Q556883,https://en.wikipedia.org/wiki/George_Eyser,George Eyser,gold,Q1350274,https://en.wikipedia.org/wiki/United_States_at_the_1904_Summer_Olympics,United States at the 1904 Summer Olympics,Q30,United States,US,USA,USA,1870-08-31,Q1707,Kiel,Q1194,Schleswig-Holstein,"54.323333333333,10.139444444444",54.323333333333,10.139444444444,Q6581097,male,Q1047305,https://en.wikipedia.org/wiki/Gymnastics_at_the_1904_Summer_Olympics_–_Men's_rope_climbing,gymnastics at the 1904 Summer Olympics – men's rope climbing,Q532793,gymnastics at the 1904 Summer Olympics,Q43450,gymnastics,Q43450,gymnastics,https://en.wikipedia.org/wiki/List_of_1904_Summer_Olympics_medal_winners,layers-derived-wikipedia-wikidata
1904,Q4239895,https://en.wikipedia.org/wiki/Charles_Krause_(gymnast),Charles Krause,silver,Q1350274,https://en.wikipedia.org/wiki/United_States_at_the_1904_Summer_Olympics,United States at the 1904 Summer Olympics,Q30,United States,US,USA,USA,1900-00-00,,,,,,,,Q6581097,male,Q1047305,https://en.wikipedia.org/wiki/Gymnastics_at_the_1904_Summer_Olympics_–_Men's_rope_climbing,gymnastics at the 1904 Summer Olympics – men's rope climbing,Q532793,gymnastics at the 1904 Summer Olympics,Q43450,gymnastics,Q43450,gymnastics,https://en.wikipedia.org/wiki/List_of_1904_Summer_Olympics_medal_winners,layers-derived-wikipedia-wikidata
1904,Q1803393,https://en.wikipedia.org/wiki/Emil_Voigt_(gymnast),Emil Voigt,bronze,Q1350274,https://en.wikipedia.org/wiki/United_States_at_the_1904_Summer_Olympics,United States at the 1904 Summer Olympics,Q30,United States,US,USA,USA,1879-12-15,Q38022,St. Louis,Q1581,Missouri,"38.62638888888889,-90.19944444444444",38.62638888888889,-90.19944444444444,Q6581097,male,Q1047305,https://en.wikipedia.org/wiki/Gymnastics_at_the_1904_Summer_Olympics_–_Men's_rope_climbing,gymnastics at the 1904 Summer Olympics – men's rope climbing,Q532793,gymnastics at the 1904 Summer Olympics,Q43450,gymnastics,Q43450,gymnastics,https://en.wikipedia.org/wiki/List_of_1904_Summer_Olympics_medal_winners,layers-derived-wikipedia-wikidata
1904,Q1292516,https://en.wikipedia.org/wiki/Edward_Hennig,Edward Hennig,gold,Q1350274,https://en.wikipedia.org/wiki/United_States_at_the_1904_Summer_Olympics,United States at the 1904 Summer Olympics,Q30,United States,US,USA,USA,1879-10-13,Q37320,Cleveland,Q251267,Cuyahoga County,"41.49916666666667,-81.69472222222223",41.49916666666667,-81.69472222222223,Q6581097,male,Q1047026,https://en.wikipedia.org/wiki/Gymnastics_at_the_1904_Summer_Olympics_–_Men's_club_swinging,gymnastics at the 1904 Summer Olympics – men's club swinging,Q532793,gymnastics at the 1904 Summer Olympics,Q43450,gymnastics,Q43450,gymnastics,https://en.wikipedia.org/wiki/List_of_1904_Summer_Olympics_medal_winners,layers-derived-wikipedia-wikidata
1904,Q1803393,https://en.wikipedia.org/wiki/Emil_Voigt_(gymnast),Emil Voigt,silver,Q1350274,https://en.wikipedia.org/wiki/United_States_at_the_1904_Summer_Olympics,United States at the 1904 Summer Olympics,Q30,United States,US,USA,USA,1879-12-15,Q38022,St. Louis,Q1581,Missouri,"38.62638888888889,-90.19944444444444",38.62638888888889,-90.19944444444444,Q6581097,male,Q1047026,https://en.wikipedia.org/wiki/Gymnastics_at_the_1904_Summer_Olympics_–_Men's_club_swinging,gymnastics at the 1904 Summer Olympics – men's club swinging,Q532793,gymnastics at the 1904 Summer Olympics,Q43450,gymnastics,Q43450,gymnastics,https://en.wikipedia.org/wiki/List_of_1904_Summer_Olympics_medal_winners,layers-derived-wikipedia-wikidata
1904,Q2484346,https://en.wikipedia.org/wiki/Ralph_Wilson_(gymnast),Ralph Wilson,bronze,Q1350274,https://en.wikipedia.org/wiki/United_States_at_the_1904_Summer_Olympics,United States at the 1904 Summer Olympics,Q30,United States,US,USA,USA,1880-06-24,Q3396410,Bangor,Q115247,Franklin County,"44.812222222222,-74.3975",44.812222222222,-74.3975,Q6581097,male,Q1047026,https://en.wikipedia.org/wiki/Gymnastics_at_the_1904_Summer_Olympics_–_Men's_club_swinging,gymnastics at the 1904 Summer Olympics – men's club swinging,Q532793,gymnastics at the 1904 Summer Olympics,Q43450,gymnastics,Q43450,gymnastics,https://en.wikipedia.org/wiki/List_of_1904_Summer_Olympics_medal_winners,layers-derived-wikipedia-wikidata
1904,Q3722884,https://en.wikipedia.org/wiki/Élie_Blanchard,Eli Blanchard,gold,Q1207374,https://en.wikipedia.org/wiki/Canada_at_the_1904_Summer_Olympics,Canada at the 1904 Summer Olympics,Q16,Canada,CA,CAN,CAN,1881-08-03,Q340,Montreal,Q2826806,Urban agglomeration of Montreal,"45.5033426,-73.5868411",45.5033426,-73.5868411,Q6581097,male,,,Lacrosse,,,,Lacrosse,,Lacrosse,https://en.wikipedia.org/wiki/List_of_1904_Summer_Olympics_medal_winners,layers-derived-wikipedia-wikidata
1904,Q4019942,https://en.wikipedia.org/wiki/William_Brennaugh,William Brennaugh,gold,Q1207374,https://en.wikipedia.org/wiki/Canada_at_the_1904_Summer_Olympics,Canada at the 1904 Summer Olympics,Q16,Canada,CA,CAN,CAN,1877-08-13,Q44198,Brampton,Q50811,Regional Municipality of Peel,"43.683333333333,-79.766666666667",43.683333333333,-79.766666666667,Q6581097,male,,,Lacrosse,,,,Lacrosse,,Lacrosse,https://en.wikipedia.org/wiki/List_of_1904_Summer_Olympics_medal_winners,layers-derived-wikipedia-wikidata
1904,Q592344,https://en.wikipedia.org/wiki/George_Bretz,George Bretz,gold,Q1207374,https://en.wikipedia.org/wiki/Canada_at_the_1904_Summer_Olympics,Canada at the 1904 Summer Olympics,Q16,Canada,CA,CAN,CAN,1880-09-03,Q61,"Washington, D.C.",Q3551781,District of Columbia,"38.895,-77.036666666667",38.895,-77.036666666667,Q6581097,male,,,Lacrosse,,,,Lacrosse,,Lacrosse,https://en.wikipedia.org/wiki/List_of_1904_Summer_Olympics_medal_winners,layers-derived-wikipedia-wikidata
1904,Q1768478,https://en.wikipedia.org/wiki/William_Burns_(lacrosse),William Burns,gold,Q1207374,https://en.wikipedia.org/wiki/Canada_at_the_1904_Summer_Olympics,Canada at the 1904 Summer Olympics,Q16,Canada,CA,CAN,CAN,1875-03-24,Q1904,Ontario,Q16,Canada,"50,-85",50,-85,Q6581097,male,,,Lacrosse,,,,Lacrosse,,Lacrosse,https://en.wikipedia.org/wiki/List_of_1904_Summer_Olympics_medal_winners,layers-derived-wikipedia-wikidata
1904,Q2621434,https://en.wikipedia.org/wiki/George_Cattanach,George Cattanach,gold,Q1207374,https://en.wikipedia.org/wiki/Canada_at_the_1904_Summer_Olympics,Canada at the 1904 Summer Olympics,Q16,Canada,CA,CAN,CAN,1878-07-25,Q2077128,Alexandria,Q623073,North Glengarry,"45.309444444444445,-74.63305555555556",45.309444444444445,-74.63305555555556,Q6581097,male,,,Lacrosse,,,,Lacrosse,,Lacrosse,https://en.wikipedia.org/wiki/List_of_1904_Summer_Olympics_medal_winners,layers-derived-wikipedia-wikidata
1904,Q3760467,https://en.wikipedia.org/wiki/George_Cloutier,George Cloutier,gold,Q1207374,https://en.wikipedia.org/wiki/Canada_at_the_1904_Summer_Olympics,Canada at the 1904 Summer Olympics,Q16,Canada,CA,CAN,CAN,1876-07-16,Q1075086,Pembroke,Q1815526,Renfrew County,"45.8167,-77.1167",45.8167,-77.1167,Q6581097,male,,,Lacrosse,,,,Lacrosse,,Lacrosse,https://en.wikipedia.org/wiki/List_of_1904_Summer_Olympics_medal_winners,layers-derived-wikipedia-wikidata
1904,Q964320,https://en.wikipedia.org/wiki/Sandy_Cowan,Sandy Cowan,gold,Q1207374,https://en.wikipedia.org/wiki/Canada_at_the_1904_Summer_Olympics,Canada at the 1904 Summer Olympics,Q16,Canada,CA,CAN,CAN,1879-02-05,Q1904,Ontario,Q16,Canada,"50,-85",50,-85,Q6581097,male,,,Lacrosse,,,,Lacrosse,,Lacrosse,https://en.wikipedia.org/wiki/List_of_1904_Summer_Olympics_medal_winners,layers-derived-wikipedia-wikidata
1904,Q2424365,https://en.wikipedia.org/wiki/Jack_Flett,Jack Flett,gold,Q1207374,https://en.wikipedia.org/wiki/Canada_at_the_1904_Summer_Olympics,Canada at the 1904 Summer Olympics,Q16,Canada,CA,CAN,CAN,1871-11-19,Q1948,Manitoba,Q16,Canada,"55,-97",55,-97,Q6581097,male,,,Lacrosse,,,,Lacrosse,,Lacrosse,https://en.wikipedia.org/wiki/List_of_1904_Summer_Olympics_medal_winners,layers-derived-wikipedia-wikidata
1904,Q3638253,https://en.wikipedia.org/wiki/Benjamin_Jamieson,Benjamin Jamieson,gold,Q1207374,https://en.wikipedia.org/wiki/Canada_at_the_1904_Summer_Olympics,Canada at the 1904 Summer Olympics,Q16,Canada,CA,CAN,CAN,1874-03-15,Q1904,Ontario,Q16,Canada,"50,-85",50,-85,Q6581097,male,,,Lacrosse,,,,Lacrosse,,Lacrosse,https://en.wikipedia.org/wiki/List_of_1904_Summer_Olympics_medal_winners,layers-derived-wikipedia-wikidata
1904,Q1768472,https://en.wikipedia.org/wiki/Hilliard_Laidlaw,Stuart Laidlaw,gold,Q1207374,https://en.wikipedia.org/wiki/Canada_at_the_1904_Summer_Olympics,Canada at the 1904 Summer Olympics,Q16,Canada,CA,CAN,CAN,1877-03-02,Q1904,Ontario,Q16,Canada,"50,-85",50,-85,Q6581097,male,,,Lacrosse,,,,Lacrosse,,Lacrosse,https://en.wikipedia.org/wiki/List_of_1904_Summer_Olympics_medal_winners,layers-derived-wikipedia-wikidata
1904,Q2420099,https://en.wikipedia.org/wiki/Hilliard_Lyle,Hilliard Lyle,gold,Q1207374,https://en.wikipedia.org/wiki/Canada_at_the_1904_Summer_Olympics,Canada at the 1904 Summer Olympics,Q16,Canada,CA,CAN,CAN,1879-12-21,Q1904,Ontario,Q16,Canada,"50,-85",50,-85,Q6581097,male,,,Lacrosse,,,,Lacrosse,,Lacrosse,https://en.wikipedia.org/wiki/List_of_1904_Summer_Olympics_medal_winners,layers-derived-wikipedia-wikidata
1904,Q2424436,https://en.wikipedia.org/wiki/Lawrence_Pentland,Lawrence Pentland,gold,Q1207374,https://en.wikipedia.org/wiki/Canada_at_the_1904_Summer_Olympics,Canada at the 1904 Summer Olympics,Q16,Canada,CA,CAN,CAN,1879-04-06,Q1948,Manitoba,Q16,Canada,"55,-97",55,-97,Q6581097,male,,,Lacrosse,,,,Lacrosse,,Lacrosse,https://en.wikipedia.org/wiki/List_of_1904_Summer_Olympics_medal_winners,layers-derived-wikipedia-wikidata
1904,Q4241532,https://en.wikipedia.org/wiki/Hugh_Grogan,Hugh Grogan,silver,Q1350274,https://en.wikipedia.org/wiki/United_States_at_the_1904_Summer_Olympics,United States at the 1904 Summer Olympics,Q30,United States,US,USA,USA,1872-09-03,Q172,Toronto,Q1904,Ontario,"43.670277777778,-79.386666666667",43.670277777778,-79.386666666667,Q6581097,male,,,Lacrosse,,,,Lacrosse,,Lacrosse,https://en.wikipedia.org/wiki/List_of_1904_Summer_Olympics_medal_winners,layers-derived-wikipedia-wikidata
1904,Q4495562,https://en.wikipedia.org/wiki/Tom_Hunter_(lacrosse),Thomas Hunter,silver,Q1350274,https://en.wikipedia.org/wiki/United_States_at_the_1904_Summer_Olympics,United States at the 1904 Summer Olympics,Q30,United States,US,USA,USA,,,,,,,,,Q6581097,male,,,Lacrosse,,,,Lacrosse,,Lacrosse,https://en.wikipedia.org/wiki/List_of_1904_Summer_Olympics_medal_winners,layers-derived-wikipedia-wikidata
1904,Q4710709,https://en.wikipedia.org/wiki/Albert_Lehman,Albert Lehman,silver,Q1350274,https://en.wikipedia.org/wiki/United_States_at_the_1904_Summer_Olympics,United States at the 1904 Summer Olympics,Q30,United States,US,USA,USA,1899-00-00,,,,,,,,Q6581097,male,,,Lacrosse,,,,Lacrosse,,Lacrosse,https://en.wikipedia.org/wiki/List_of_1904_Summer_Olympics_medal_winners,layers-derived-wikipedia-wikidata
1904,Q7945307,https://en.wikipedia.org/wiki/William_Murphy_(lacrosse),W. A. Murphy,silver,Q1350274,https://en.wikipedia.org/wiki/United_States_at_the_1904_Summer_Olympics,United States at the 1904 Summer Olympics,Q30,United States,US,USA,USA,1867-05-23,,,,,,,,Q6581097,male,,,Lacrosse,,,,Lacrosse,,Lacrosse,https://en.wikipedia.org/wiki/List_of_1904_Summer_Olympics_medal_winners,layers-derived-wikipedia-wikidata
1904,Q8016614,https://en.wikipedia.org/wiki/William_Partridge_(lacrosse),William Partridge,silver,Q1350274,https://en.wikipedia.org/wiki/United_States_at_the_1904_Summer_Olympics,United States at the 1904 Summer Olympics,Q30,United States,US,USA,USA,1900-00-00,,,,,,,,Q6581097,male,,,Lacrosse,,,,Lacrosse,,Lacrosse,https://en.wikipedia.org/wiki/List_of_1904_Summer_Olympics_medal_winners,layers-derived-wikipedia-wikidata
1904,Q2621387,https://en.wikipedia.org/wiki/George_Passmore_(lacrosse),George Passmore,silver,Q1350274,https://en.wikipedia.org/wiki/United_States_at_the_1904_Summer_Olympics,United States at the 1904 Summer Olympics,Q30,United States,US,USA,USA,1889-08-24,Q38022,St. Louis,Q1581,Missouri,"38.62638888888889,-90.19944444444444",38.62638888888889,-90.19944444444444,Q6581097,male,,,Lacrosse,,,,Lacrosse,,Lacrosse,https://en.wikipedia.org/wiki/List_of_1904_Summer_Olympics_medal_winners,layers-derived-wikipedia-wikidata
1904,Q2420681,https://en.wikipedia.org/wiki/William_T._Passmore,William T. Passmore,silver,Q1350274,https://en.wikipedia.org/wiki/United_States_at_the_1904_Summer_Olympics,United States at the 1904 Summer Olympics,Q30,United States,US,USA,USA,1882-09-06,Q38022,St. Louis,Q1581,Missouri,"38.62638888888889,-90.19944444444444",38.62638888888889,-90.19944444444444,Q6581097,male,,,Lacrosse,,,,Lacrosse,,Lacrosse,https://en.wikipedia.org/wiki/List_of_1904_Summer_Olympics_medal_winners,layers-derived-wikipedia-wikidata
1904,Q1770560,https://en.wikipedia.org/wiki/Jack_Sullivan_(lacrosse),Jack Sullivan,silver,Q1350274,https://en.wikipedia.org/wiki/United_States_at_the_1904_Summer_Olympics,United States at the 1904 Summer Olympics,Q30,United States,US,USA,USA,1870-08-29,Q1007418,Cobourg,Q1752156,Northumberland County,"43.966666666667,-78.166666666667",43.966666666667,-78.166666666667,Q6581097,male,,,Lacrosse,,,,Lacrosse,,Lacrosse,https://en.wikipedia.org/wiki/List_of_1904_Summer_Olympics_medal_winners,layers-derived-wikipedia-wikidata
1904,Q4121098,https://en.wikipedia.org/wiki/Albert_Venn,Albert Venn,silver,Q1350274,https://en.wikipedia.org/wiki/United_States_at_the_1904_Summer_Olympics,United States at the 1904 Summer Olympics,Q30,United States,US,USA,USA,1867-09-24,Q2195634,Marshall,Q137516,Calhoun County,"42.274167,-84.963333",42.274167,-84.963333,Q6581097,male,,,Lacrosse,,,,Lacrosse,,Lacrosse,https://en.wikipedia.org/wiki/List_of_1904_Summer_Olympics_medal_winners,layers-derived-wikipedia-wikidata
1904,Q4920877,https://en.wikipedia.org/wiki/Black_Hawk_(lacrosse),Black Hawk,bronze,Q1207374,https://en.wikipedia.org/wiki/Canada_at_the_1904_Summer_Olympics,Canada at the 1904 Summer Olympics,Q16,Canada,CA,CAN,CAN,1850-00-00,,,,,,,,Q6581097,male,,,Lacrosse,,,,Lacrosse,,Lacrosse,https://en.wikipedia.org/wiki/List_of_1904_Summer_Olympics_medal_winners,layers-derived-wikipedia-wikidata
1904,Q499027,https://en.wikipedia.org/wiki/Black_Eagle_(lacrosse),Black Eagle,bronze,Q1207374,https://en.wikipedia.org/wiki/Canada_at_the_1904_Summer_Olympics,Canada at the 1904 Summer Olympics,Q16,Canada,CA,CAN,CAN,1850-00-00,,,,,,,,Q6581097,male,,,Lacrosse,,,,Lacrosse,,Lacrosse,https://en.wikipedia.org/wiki/List_of_1904_Summer_Olympics_medal_winners,layers-derived-wikipedia-wikidata
1904,Q4733811,https://en.wikipedia.org/wiki/Almighty_Voice_(lacrosse),Almighty Voice,bronze,Q1207374,https://en.wikipedia.org/wiki/Canada_at_the_1904_Summer_Olympics,Canada at the 1904 Summer Olympics,Q16,Canada,CA,CAN,CAN,1873-02-19,Q5054056,Cattaraugus Reservation,Q1384,New York,"42.538055555556,-79.019444444444",42.538055555556,-79.019444444444,Q6581097,male,,,Lacrosse,,,,Lacrosse,,Lacrosse,https://en.wikipedia.org/wiki/List_of_1904_Summer_Olympics_medal_winners,layers-derived-wikipedia-wikidata
1904,Q3746414,https://en.wikipedia.org/wiki/Flat_Iron_(lacrosse),Flat Iron,bronze,Q1207374,https://en.wikipedia.org/wiki/Canada_at_the_1904_Summer_Olympics,Canada at the 1904 Summer Olympics,Q16,Canada,CA,CAN,CAN,1850-00-00,,,,,,,,Q6581097,male,,,Lacrosse,,,,Lacrosse,,Lacrosse,https://en.wikipedia.org/wiki/List_of_1904_Summer_Olympics_medal_winners,layers-derived-wikipedia-wikidata
1904,Q7580112,https://en.wikipedia.org/wiki/Spotted_Tail_(lacrosse),Spotted Tail,bronze,Q1207374,https://en.wikipedia.org/wiki/Canada_at_the_1904_Summer_Olympics,Canada at the 1904 Summer Olympics,Q16,Canada,CA,CAN,CAN,1850-00-00,,,,,,,,Q6581097,male,,,Lacrosse,,,,Lacrosse,,Lacrosse,https://en.wikipedia.org/wiki/List_of_1904_Summer_Olympics_medal_winners,layers-derived-wikipedia-wikidata
1904,Q5641698,https://en.wikipedia.org/wiki/Half_Moon_(lacrosse),Half Moon,bronze,Q1207374,https://en.wikipedia.org/wiki/Canada_at_the_1904_Summer_Olympics,Canada at the 1904 Summer Olympics,Q16,Canada,CA,CAN,CAN,1850-00-00,,,,,,,,Q6581097,male,,,Lacrosse,,,,Lacrosse,,Lacrosse,https://en.wikipedia.org/wiki/List_of_1904_Summer_Olympics_medal_winners,layers-derived-wikipedia-wikidata
1904,Q3832272,https://en.wikipedia.org/wiki/Lightfoot_(lacrosse),Lightfoot,bronze,Q1207374,https://en.wikipedia.org/wiki/Canada_at_the_1904_Summer_Olympics,Canada at the 1904 Summer Olympics,Q16,Canada,CA,CAN,CAN,1850-00-00,,,,,,,,Q6581097,male,,,Lacrosse,,,,Lacrosse,,Lacrosse,https://en.wikipedia.org/wiki/List_of_1904_Summer_Olympics_medal_winners,layers-derived-wikipedia-wikidata
1904,Q3963065,https://en.wikipedia.org/wiki/Snake_Eater_(lacrosse),Snake Eater,bronze,Q1207374,https://en.wikipedia.org/wiki/Canada_at_the_1904_Summer_Olympics,Canada at the 1904 Summer Olympics,Q16,Canada,CA,CAN,CAN,1850-00-00,,,,,,,,Q6581097,male,,,Lacrosse,,,,Lacrosse,,Lacrosse,https://en.wikipedia.org/wiki/List_of_1904_Summer_Olympics_medal_winners,layers-derived-wikipedia-wikidata
1904,Q3931431,https://en.wikipedia.org/wiki/Red_Jacket_(lacrosse),Red Jacket,bronze,Q1207374,https://en.wikipedia.org/wiki/Canada_at_the_1904_Summer_Olympics,Canada at the 1904 Summer Olympics,Q16,Canada,CA,CAN,CAN,1879-04-15,,,,,,,,Q6581097,male,,,Lacrosse,,,,Lacrosse,,Lacrosse,https://en.wikipedia.org/wiki/List_of_1904_Summer_Olympics_medal_winners,layers-derived-wikipedia-wikidata
1904,Q3876748,https://en.wikipedia.org/wiki/Night_Hawk_(lacrosse),Night Hawk,bronze,Q1207374,https://en.wikipedia.org/wiki/Canada_at_the_1904_Summer_Olympics,Canada at the 1904 Summer Olympics,Q16,Canada,CA,CAN,CAN,1850-00-00,,,,,,,,Q6581097,male,,,Lacrosse,,,,Lacrosse,,Lacrosse,https://en.wikipedia.org/wiki/List_of_1904_Summer_Olympics_medal_winners,layers-derived-wikipedia-wikidata
1904,Q3844204,https://en.wikipedia.org/wiki/Man_Afraid_of_the_Soap,Man Afraid of the Soap,bronze,Q1207374,https://en.wikipedia.org/wiki/Canada_at_the_1904_Summer_Olympics,Canada at the 1904 Summer Olympics,Q16,Canada,CA,CAN,CAN,1869-10-02,,,,,,,,Q6581097,male,,,Lacrosse,,,,Lacrosse,,Lacrosse,https://en.wikipedia.org/wiki/List_of_1904_Summer_Olympics_medal_winners,layers-derived-wikipedia-wikidata
1904,Q3929634,https://en.wikipedia.org/wiki/Rain_in_Face,Rain in Face,bronze,Q1207374,https://en.wikipedia.org/wiki/Canada_at_the_1904_Summer_Olympics,Canada at the 1904 Summer Olympics,Q16,Canada,CA,CAN,CAN,1850-00-00,,,,,,,,Q6581097,male,,,Lacrosse,,,,Lacrosse,,Lacrosse,https://en.wikipedia.org/wiki/List_of_1904_Summer_Olympics_medal_winners,layers-derived-wikipedia-wikidata
1904,Q1065032,https://en.wikipedia.org/wiki/Charles_Jacobus,Charles Jacobus,gold,Q1350274,https://en.wikipedia.org/wiki/United_States_at_the_1904_Summer_Olympics,United States at the 1904 Summer Olympics,Q30,United States,US,USA,USA,1840-05-01,Q49158,Springfield,Q54160,Hampden County,"42.112411,-72.547455",42.112411,-72.547455,Q6581097,male,,,Roque,,,,Roque,,Roque,https://en.wikipedia.org/wiki/List_of_1904_Summer_Olympics_medal_winners,layers-derived-wikipedia-wikidata
1904,Q2536069,https://en.wikipedia.org/wiki/Smith_Streeter,Smith Streeter,silver,Q1350274,https://en.wikipedia.org/wiki/United_States_at_the_1904_Summer_Olympics,United States at the 1904 Summer Olympics,Q30,United States,US,USA,USA,1851-07-01,Q1904,Ontario,Q16,Canada,"50,-85",50,-85,Q6581097,male,,,Roque,,,,Roque,,Roque,https://en.wikipedia.org/wiki/List_of_1904_Summer_Olympics_medal_winners,layers-derived-wikipedia-wikidata
1904,Q933773,https://en.wikipedia.org/wiki/Charles_Brown_(roque_player),Charles Brown,bronze,Q1350274,https://en.wikipedia.org/wiki/United_States_at_the_1904_Summer_Olympics,United States at the 1904 Summer Olympics,Q30,United States,US,USA,USA,1867-03-12,Q2224984,Onarga,Q491011,Iroquois County,"40.715,-88.006111111111",40.715,-88.006111111111,Q6581097,male,,,Roque,,,,Roque,,Roque,https://en.wikipedia.org/wiki/List_of_1904_Summer_Olympics_medal_winners,layers-derived-wikipedia-wikidata
1904,Q1802792,https://en.wikipedia.org/wiki/Frank_Greer,Frank Greer,gold,Q1350274,https://en.wikipedia.org/wiki/United_States_at_the_1904_Summer_Olympics,United States at the 1904 Summer Olympics,Q30,United States,US,USA,USA,1879-02-26,Q1277756,East Boston,Q100,Boston,"42.375,-71.039166666667",42.375,-71.039166666667,Q6581097,male,Q1046530,https://en.wikipedia.org/wiki/Rowing_at_the_1904_Summer_Olympics_–_Men's_single_sculls,rowing at the 1904 Summer Olympics – men's single sculls,Q838617,rowing at the 1904 Summer Olympics,Q159354,rowing,Q159354,rowing,https://en.wikipedia.org/wiki/List_of_1904_Summer_Olympics_medal_winners,layers-derived-wikipedia-wikidata
1904,Q2425739,https://en.wikipedia.org/wiki/James_Juvenal,James Juvenal,silver,Q1350274,https://en.wikipedia.org/wiki/United_States_at_the_1904_Summer_Olympics,United States at the 1904 Summer Olympics,Q30,United States,US,USA,USA,1874-01-12,Q1345,Philadelphia,Q496900,Philadelphia County,"39.952777777778,-75.163611111111",39.952777777778,-75.163611111111,Q6581097,male,Q1046530,https://en.wikipedia.org/wiki/Rowing_at_the_1904_Summer_Olympics_–_Men's_single_sculls,rowing at the 1904 Summer Olympics – men's single sculls,Q838617,rowing at the 1904 Summer Olympics,Q159354,rowing,Q159354,rowing,https://en.wikipedia.org/wiki/List_of_1904_Summer_Olympics_medal_winners,layers-derived-wikipedia-wikidata
1904,Q2447527,https://en.wikipedia.org/wiki/Constance_Titus,Constance Titus,bronze,Q1350274,https://en.wikipedia.org/wiki/United_States_at_the_1904_Summer_Olympics,United States at the 1904 Summer Olympics,Q30,United States,US,USA,USA,1873-08-14,Q867480,Pass Christian,Q485434,Harrison County,"30.3244,-89.2472",30.3244,-89.2472,Q6581097,male,Q1046530,https://en.wikipedia.org/wiki/Rowing_at_the_1904_Summer_Olympics_–_Men's_single_sculls,rowing at the 1904 Summer Olympics – men's single sculls,Q838617,rowing at the 1904 Summer Olympics,Q159354,rowing,Q159354,rowing,https://en.wikipedia.org/wiki/List_of_1904_Summer_Olympics_medal_winners,layers-derived-wikipedia-wikidata
1904,Q2447005,https://en.wikipedia.org/wiki/John_Mulcahy_(rower),John Mulcahy,gold,Q1350274,https://en.wikipedia.org/wiki/United_States_at_the_1904_Summer_Olympics,United States at the 1904 Summer Olympics,Q30,United States,US,USA,USA,1876-07-20,Q60,New York City,Q1384,New York,"40.71277777777778,-74.00611111111111",40.71277777777778,-74.00611111111111,Q6581097,male,Q1046258,https://en.wikipedia.org/wiki/Rowing_at_the_1904_Summer_Olympics_–_Men's_double_sculls,rowing at the 1904 Summer Olympics – men's double sculls,Q838617,rowing at the 1904 Summer Olympics,Q159354,rowing,Q159354,rowing,https://en.wikipedia.org/wiki/List_of_1904_Summer_Olympics_medal_winners,layers-derived-wikipedia-wikidata
1904,Q2639292,https://en.wikipedia.org/wiki/William_Varley,William Varley,gold,Q1350274,https://en.wikipedia.org/wiki/United_States_at_the_1904_Summer_Olympics,United States at the 1904 Summer Olympics,Q30,United States,US,USA,USA,1880-11-06,Q60,New York City,Q1384,New York,"40.71277777777778,-74.00611111111111",40.71277777777778,-74.00611111111111,Q6581097,male,Q1046258,https://en.wikipedia.org/wiki/Rowing_at_the_1904_Summer_Olympics_–_Men's_double_sculls,rowing at the 1904 Summer Olympics – men's double sculls,Q838617,rowing at the 1904 Summer Olympics,Q159354,rowing,Q159354,rowing,https://en.wikipedia.org/wiki/List_of_1904_Summer_Olympics_medal_winners,layers-derived-wikipedia-wikidata
1904,Q3440522,https://en.wikipedia.org/wiki/Jamie_McLoughlin,Joseph McLoughlin,silver,Q1350274,https://en.wikipedia.org/wiki/United_States_at_the_1904_Summer_Olympics,United States at the 1904 Summer Olympics,Q30,United States,US,USA,USA,1885-01-01,,,,,,,,Q6581097,male,Q1046258,https://en.wikipedia.org/wiki/Rowing_at_the_1904_Summer_Olympics_–_Men's_double_sculls,rowing at the 1904 Summer Olympics – men's double sculls,Q838617,rowing at the 1904 Summer Olympics,Q159354,rowing,Q159354,rowing,https://en.wikipedia.org/wiki/List_of_1904_Summer_Olympics_medal_winners,layers-derived-wikipedia-wikidata
1904,Q2639301,https://en.wikipedia.org/wiki/John_Hoben,John Hoben,silver,Q1350274,https://en.wikipedia.org/wiki/United_States_at_the_1904_Summer_Olympics,United States at the 1904 Summer Olympics,Q30,United States,US,USA,USA,1884-05-00,Q1544785,Greenpoint,Q18419,Brooklyn,"40.730555555555554,-73.95138888888889",40.730555555555554,-73.95138888888889,Q6581097,male,Q1046258,https://en.wikipedia.org/wiki/Rowing_at_the_1904_Summer_Olympics_–_Men's_double_sculls,rowing at the 1904 Summer Olympics – men's double sculls,Q838617,rowing at the 1904 Summer Olympics,Q159354,rowing,Q159354,rowing,https://en.wikipedia.org/wiki/List_of_1904_Summer_Olympics_medal_winners,layers-derived-wikipedia-wikidata
1904,Q2992514,https://en.wikipedia.org/wiki/Joseph_Ravannack,Joseph Ravannack,bronze,Q1350274,https://en.wikipedia.org/wiki/United_States_at_the_1904_Summer_Olympics,United States at the 1904 Summer Olympics,Q30,United States,US,USA,USA,1878-03-19,Q34404,New Orleans,Q486231,Orleans Parish,"29.976111111111113,-90.07833333333333",29.976111111111113,-90.07833333333333,Q6581097,male,Q1046258,https://en.wikipedia.org/wiki/Rowing_at_the_1904_Summer_Olympics_–_Men's_double_sculls,rowing at the 1904 Summer Olympics – men's double sculls,Q838617,rowing at the 1904 Summer Olympics,Q159354,rowing,Q159354,rowing,https://en.wikipedia.org/wiki/List_of_1904_Summer_Olympics_medal_winners,layers-derived-wikipedia-wikidata
1904,Q3446189,https://en.wikipedia.org/wiki/John_Wells_(rower),John Wells,bronze,Q1350274,https://en.wikipedia.org/wiki/United_States_at_the_1904_Summer_Olympics,United States at the 1904 Summer Olympics,Q30,United States,US,USA,USA,1859-00-00,Q1494,Mississippi,Q30,United States,"33,-90",33,-90,Q6581097,male,Q1046258,https://en.wikipedia.org/wiki/Rowing_at_the_1904_Summer_Olympics_–_Men's_double_sculls,rowing at the 1904 Summer Olympics – men's double sculls,Q838617,rowing at the 1904 Summer Olympics,Q159354,rowing,Q159354,rowing,https://en.wikipedia.org/wiki/List_of_1904_Summer_Olympics_medal_winners,layers-derived-wikipedia-wikidata
1904,Q2444761,https://en.wikipedia.org/wiki/Robert_Farnan_(rower),Robert Farnan,gold,Q1350274,https://en.wikipedia.org/wiki/United_States_at_the_1904_Summer_Olympics,United States at the 1904 Summer Olympics,Q30,United States,US,USA,USA,1877-06-11,Q60,New York City,Q1384,New York,"40.71277777777778,-74.00611111111111",40.71277777777778,-74.00611111111111,Q6581097,male,Q1046539,https://en.wikipedia.org/wiki/Rowing_at_the_1904_Summer_Olympics_–_Men's_coxless_pair,rowing at the 1904 Summer Olympics – men's coxless pair,Q838617,rowing at the 1904 Summer Olympics,Q159354,rowing,Q159354,rowing,https://en.wikipedia.org/wiki/List_of_1904_Summer_Olympics_medal_winners,layers-derived-wikipedia-wikidata
1904,Q1813691,https://en.wikipedia.org/wiki/Joseph_Ryan_(rower),Joseph Ryan,gold,Q1350274,https://en.wikipedia.org/wiki/United_States_at_the_1904_Summer_Olympics,United States at the 1904 Summer Olympics,Q30,United States,US,USA,USA,1879-11-23,Q18419,Brooklyn,Q60,New York City,"40.65083333333333,-73.94972222222222",40.65083333333333,-73.94972222222222,Q6581097,male,Q1046539,https://en.wikipedia.org/wiki/Rowing_at_the_1904_Summer_Olympics_–_Men's_coxless_pair,rowing at the 1904 Summer Olympics – men's coxless pair,Q838617,rowing at the 1904 Summer Olympics,Q159354,rowing,Q159354,rowing,https://en.wikipedia.org/wiki/List_of_1904_Summer_Olympics_medal_winners,layers-derived-wikipedia-wikidata
1904,Q2447005,https://en.wikipedia.org/wiki/John_Mulcahy_(rower),John Mulcahy,silver,Q1350274,https://en.wikipedia.org/wiki/United_States_at_the_1904_Summer_Olympics,United States at the 1904 Summer Olympics,Q30,United States,US,USA,USA,1876-07-20,Q60,New York City,Q1384,New York,"40.71277777777778,-74.00611111111111",40.71277777777778,-74.00611111111111,Q6581097,male,Q1046539,https://en.wikipedia.org/wiki/Rowing_at_the_1904_Summer_Olympics_–_Men's_coxless_pair,rowing at the 1904 Summer Olympics – men's coxless pair,Q838617,rowing at the 1904 Summer Olympics,Q159354,rowing,Q159354,rowing,https://en.wikipedia.org/wiki/List_of_1904_Summer_Olympics_medal_winners,layers-derived-wikipedia-wikidata
1904,Q2639292,https://en.wikipedia.org/wiki/William_Varley,William Varley,silver,Q1350274,https://en.wikipedia.org/wiki/United_States_at_the_1904_Summer_Olympics,United States at the 1904 Summer Olympics,Q30,United States,US,USA,USA,1880-11-06,Q60,New York City,Q1384,New York,"40.71277777777778,-74.00611111111111",40.71277777777778,-74.00611111111111,Q6581097,male,Q1046539,https://en.wikipedia.org/wiki/Rowing_at_the_1904_Summer_Olympics_–_Men's_coxless_pair,rowing at the 1904 Summer Olympics – men's coxless pair,Q838617,rowing at the 1904 Summer Olympics,Q159354,rowing,Q159354,rowing,https://en.wikipedia.org/wiki/List_of_1904_Summer_Olympics_medal_winners,layers-derived-wikipedia-wikidata
1904,Q2447601,https://en.wikipedia.org/wiki/John_Joachim,John Joachim,bronze,Q1350274,https://en.wikipedia.org/wiki/United_States_at_the_1904_Summer_Olympics,United States at the 1904 Summer Olympics,Q30,United States,US,USA,USA,1874-04-08,Q1908489,Pomeroy,Q489915,Meigs County,"39.0281,-82.0319",39.0281,-82.0319,Q6581097,male,Q1046539,https://en.wikipedia.org/wiki/Rowing_at_the_1904_Summer_Olympics_–_Men's_coxless_pair,rowing at the 1904 Summer Olympics – men's coxless pair,Q838617,rowing at the 1904 Summer Olympics,Q159354,rowing,Q159354,rowing,https://en.wikipedia.org/wiki/List_of_1904_Summer_Olympics_medal_winners,layers-derived-wikipedia-wikidata
1904,Q1812409,https://en.wikipedia.org/wiki/Joseph_Buerger,Joseph Buerger,bronze,Q1350274,https://en.wikipedia.org/wiki/United_States_at_the_1904_Summer_Olympics,United States at the 1904 Summer Olympics,Q30,United States,US,USA,USA,1870-09-19,Q38022,St. Louis,Q1581,Missouri,"38.62638888888889,-90.19944444444444",38.62638888888889,-90.19944444444444,Q6581097,male,Q1046539,https://en.wikipedia.org/wiki/Rowing_at_the_1904_Summer_Olympics_–_Men's_coxless_pair,rowing at the 1904 Summer Olympics – men's coxless pair,Q838617,rowing at the 1904 Summer Olympics,Q159354,rowing,Q159354,rowing,https://en.wikipedia.org/wiki/List_of_1904_Summer_Olympics_medal_winners,layers-derived-wikipedia-wikidata
1904,Q2446670,https://en.wikipedia.org/wiki/Arthur_Stockhoff,Arthur Stockhoff,gold,Q1350274,https://en.wikipedia.org/wiki/United_States_at_the_1904_Summer_Olympics,United States at the 1904 Summer Olympics,Q30,United States,US,USA,USA,1879-11-19,Q38022,St. Louis,Q1581,Missouri,"38.62638888888889,-90.19944444444444",38.62638888888889,-90.19944444444444,Q6581097,male,Q1046247,https://en.wikipedia.org/wiki/Rowing_at_the_1904_Summer_Olympics_–_Men's_coxless_four,rowing at the 1904 Summer Olympics – men's coxless four,Q838617,rowing at the 1904 Summer Olympics,Q159354,rowing,Q159354,rowing,https://en.wikipedia.org/wiki/List_of_1904_Summer_Olympics_medal_winners,layers-derived-wikipedia-wikidata
1904,Q4532485,https://en.wikipedia.org/wiki/August_Erker,August Erker,gold,Q1350274,https://en.wikipedia.org/wiki/United_States_at_the_1904_Summer_Olympics,United States at the 1904 Summer Olympics,Q30,United States,US,USA,USA,1879-10-24,Q1599422,Pfaffenwiesbach,Q628442,Wehrheim,"50.3294,8.60778",50.3294,8.60778,Q6581097,male,Q1046247,https://en.wikipedia.org/wiki/Rowing_at_the_1904_Summer_Olympics_–_Men's_coxless_four,rowing at the 1904 Summer Olympics – men's coxless four,Q838617,rowing at the 1904 Summer Olympics,Q159354,rowing,Q159354,rowing,https://en.wikipedia.org/wiki/List_of_1904_Summer_Olympics_medal_winners,layers-derived-wikipedia-wikidata
1904,Q4162450,https://en.wikipedia.org/wiki/George_Dietz,George Dietz,gold,Q1350274,https://en.wikipedia.org/wiki/United_States_at_the_1904_Summer_Olympics,United States at the 1904 Summer Olympics,Q30,United States,US,USA,USA,1880-01-09,Q38022,St. Louis,Q1581,Missouri,"38.62638888888889,-90.19944444444444",38.62638888888889,-90.19944444444444,Q6581097,male,Q1046247,https://en.wikipedia.org/wiki/Rowing_at_the_1904_Summer_Olympics_–_Men's_coxless_four,rowing at the 1904 Summer Olympics – men's coxless four,Q838617,rowing at the 1904 Summer Olympics,Q159354,rowing,Q159354,rowing,https://en.wikipedia.org/wiki/List_of_1904_Summer_Olympics_medal_winners,layers-derived-wikipedia-wikidata
1904,Q2637255,https://en.wikipedia.org/wiki/Albert_Nasse,Albert Nasse,gold,Q1350274,https://en.wikipedia.org/wiki/United_States_at_the_1904_Summer_Olympics,United States at the 1904 Summer Olympics,Q30,United States,US,USA,USA,1878-07-02,Q38022,St. Louis,Q1581,Missouri,"38.62638888888889,-90.19944444444444",38.62638888888889,-90.19944444444444,Q6581097,male,Q1046247,https://en.wikipedia.org/wiki/Rowing_at_the_1904_Summer_Olympics_–_Men's_coxless_four,rowing at the 1904 Summer Olympics – men's coxless four,Q838617,rowing at the 1904 Summer Olympics,Q159354,rowing,Q159354,rowing,https://en.wikipedia.org/wiki/List_of_1904_Summer_Olympics_medal_winners,layers-derived-wikipedia-wikidata
1904,Q2637195,https://en.wikipedia.org/wiki/Frederick_Suerig,Frederick Suerig,silver,Q1350274,https://en.wikipedia.org/wiki/United_States_at_the_1904_Summer_Olympics,United States at the 1904 Summer Olympics,Q30,United States,US,USA,USA,1878-06-21,Q1581,Missouri,Q30,United States,"38.5,-92.5",38.5,-92.5,Q6581097,male,Q1046247,https://en.wikipedia.org/wiki/Rowing_at_the_1904_Summer_Olympics_–_Men's_coxless_four,rowing at the 1904 Summer Olympics – men's coxless four,Q838617,rowing at the 1904 Summer Olympics,Q159354,rowing,Q159354,rowing,https://en.wikipedia.org/wiki/List_of_1904_Summer_Olympics_medal_winners,layers-derived-wikipedia-wikidata
1904,Q1812327,https://en.wikipedia.org/wiki/Martin_Formanack,Martin Formanack,silver,Q1350274,https://en.wikipedia.org/wiki/United_States_at_the_1904_Summer_Olympics,United States at the 1904 Summer Olympics,Q30,United States,US,USA,USA,1866-12-01,Q183,Germany,,,"51,10",51,10,Q6581097,male,Q1046247,https://en.wikipedia.org/wiki/Rowing_at_the_1904_Summer_Olympics_–_Men's_coxless_four,rowing at the 1904 Summer Olympics – men's coxless four,Q838617,rowing at the 1904 Summer Olympics,Q159354,rowing,Q159354,rowing,https://en.wikipedia.org/wiki/List_of_1904_Summer_Olympics_medal_winners,layers-derived-wikipedia-wikidata
1904,Q3353073,https://en.wikipedia.org/wiki/Charles_Aman,Charles Aman,silver,Q1350274,https://en.wikipedia.org/wiki/United_States_at_the_1904_Summer_Olympics,United States at the 1904 Summer Olympics,Q30,United States,US,USA,USA,1887-09-25,Q41819,Kansas City,Q127238,Jackson County,"39.05,-94.583333333333",39.05,-94.583333333333,Q6581097,male,Q1046247,https://en.wikipedia.org/wiki/Rowing_at_the_1904_Summer_Olympics_–_Men's_coxless_four,rowing at the 1904 Summer Olympics – men's coxless four,Q838617,rowing at the 1904 Summer Olympics,Q159354,rowing,Q159354,rowing,https://en.wikipedia.org/wiki/List_of_1904_Summer_Olympics_medal_winners,layers-derived-wikipedia-wikidata
1904,Q1812297,https://en.wikipedia.org/wiki/Michael_Begley_(rower),Michael Begley,silver,Q1350274,https://en.wikipedia.org/wiki/United_States_at_the_1904_Summer_Olympics,United States at the 1904 Summer Olympics,Q30,United States,US,USA,USA,1872-09-22,Q1761,Dublin,Q173500,County Dublin,"53.34972222222222,-6.260277777777778",53.34972222222222,-6.260277777777778,Q6581097,male,Q1046247,https://en.wikipedia.org/wiki/Rowing_at_the_1904_Summer_Olympics_–_Men's_coxless_four,rowing at the 1904 Summer Olympics – men's coxless four,Q838617,rowing at the 1904 Summer Olympics,Q159354,rowing,Q159354,rowing,https://en.wikipedia.org/wiki/List_of_1904_Summer_Olympics_medal_winners,layers-derived-wikipedia-wikidata
1904,Q2637293,https://en.wikipedia.org/wiki/Gus_Voerg,Gus Voerg,bronze,Q1350274,https://en.wikipedia.org/wiki/United_States_at_the_1904_Summer_Olympics,United States at the 1904 Summer Olympics,Q30,United States,US,USA,USA,1870-06-07,Q183,Germany,,,"51,10",51,10,Q6581097,male,Q1046247,https://en.wikipedia.org/wiki/Rowing_at_the_1904_Summer_Olympics_–_Men's_coxless_four,rowing at the 1904 Summer Olympics – men's coxless four,Q838617,rowing at the 1904 Summer Olympics,Q159354,rowing,Q159354,rowing,https://en.wikipedia.org/wiki/List_of_1904_Summer_Olympics_medal_winners,layers-derived-wikipedia-wikidata
1904,Q2444782,https://en.wikipedia.org/wiki/John_Freitag,John Freitag,bronze,Q1350274,https://en.wikipedia.org/wiki/United_States_at_the_1904_Summer_Olympics,United States at the 1904 Summer Olympics,Q30,United States,US,USA,USA,1877-05-03,Q576149,Columbia,Q1204,Illinois,"38.4492,-90.2086",38.4492,-90.2086,Q6581097,male,Q1046247,https://en.wikipedia.org/wiki/Rowing_at_the_1904_Summer_Olympics_–_Men's_coxless_four,rowing at the 1904 Summer Olympics – men's coxless four,Q838617,rowing at the 1904 Summer Olympics,Q159354,rowing,Q159354,rowing,https://en.wikipedia.org/wiki/List_of_1904_Summer_Olympics_medal_winners,layers-derived-wikipedia-wikidata
1904,Q1809391,https://en.wikipedia.org/wiki/Lou_Heim,Lou Heim,bronze,Q1350274,https://en.wikipedia.org/wiki/United_States_at_the_1904_Summer_Olympics,United States at the 1904 Summer Olympics,Q30,United States,US,USA,USA,1874-08-30,Q38022,St. Louis,Q1581,Missouri,"38.62638888888889,-90.19944444444444",38.62638888888889,-90.19944444444444,Q6581097,male,Q1046247,https://en.wikipedia.org/wiki/Rowing_at_the_1904_Summer_Olympics_–_Men's_coxless_four,rowing at the 1904 Summer Olympics – men's coxless four,Q838617,rowing at the 1904 Summer Olympics,Q159354,rowing,Q159354,rowing,https://en.wikipedia.org/wiki/List_of_1904_Summer_Olympics_medal_winners,layers-derived-wikipedia-wikidata
1904,Q2444419,https://en.wikipedia.org/wiki/Frank_Dummerth,Frank Dummerth,bronze,Q1350274,https://en.wikipedia.org/wiki/United_States_at_the_1904_Summer_Olympics,United States at the 1904 Summer Olympics,Q30,United States,US,USA,USA,1871-01-06,Q38022,St. Louis,Q1581,Missouri,"38.62638888888889,-90.19944444444444",38.62638888888889,-90.19944444444444,Q6581097,male,Q1046247,https://en.wikipedia.org/wiki/Rowing_at_the_1904_Summer_Olympics_–_Men's_coxless_four,rowing at the 1904 Summer Olympics – men's coxless four,Q838617,rowing at the 1904 Summer Olympics,Q159354,rowing,Q159354,rowing,https://en.wikipedia.org/wiki/List_of_1904_Summer_Olympics_medal_winners,layers-derived-wikipedia-wikidata
1904,Q4240300,https://en.wikipedia.org/wiki/Frederick_Cresser,Frederick Cresser,gold,Q1350274,https://en.wikipedia.org/wiki/United_States_at_the_1904_Summer_Olympics,United States at the 1904 Summer Olympics,Q30,United States,US,USA,USA,1872-03-00,Q183,Germany,,,"51,10",51,10,Q6581097,male,Q1046518,https://en.wikipedia.org/wiki/Rowing_at_the_1904_Summer_Olympics_–_Men's_eight,rowing at the 1904 Summer Olympics – men's eight,Q838617,rowing at the 1904 Summer Olympics,Q159354,rowing,Q159354,rowing,https://en.wikipedia.org/wiki/List_of_1904_Summer_Olympics_medal_winners,layers-derived-wikipedia-wikidata
1904,Q1802964,https://en.wikipedia.org/wiki/Michael_Gleason_(rower),Michael Gleason,gold,Q1350274,https://en.wikipedia.org/wiki/United_States_at_the_1904_Summer_Olympics,United States at the 1904 Summer Olympics,Q30,United States,US,USA,USA,1876-11-16,Q1345,Philadelphia,Q496900,Philadelphia County,"39.952777777778,-75.163611111111",39.952777777778,-75.163611111111,Q6581097,male,Q1046518,https://en.wikipedia.org/wiki/Rowing_at_the_1904_Summer_Olympics_–_Men's_eight,rowing at the 1904 Summer Olympics – men's eight,Q838617,rowing at the 1904 Summer Olympics,Q159354,rowing,Q159354,rowing,https://en.wikipedia.org/wiki/List_of_1904_Summer_Olympics_medal_winners,layers-derived-wikipedia-wikidata
1904,Q1802957,https://en.wikipedia.org/wiki/Frank_Schell,Frank Schell,gold,Q1350274,https://en.wikipedia.org/wiki/United_States_at_the_1904_Summer_Olympics,United States at the 1904 Summer Olympics,Q30,United States,US,USA,USA,1884-10-22,Q25280,Harrisburg,Q488690,Dauphin County,"40.264554871390665,-76.88338167672302",40.264554871390665,-76.88338167672302,Q6581097,male,Q1046518,https://en.wikipedia.org/wiki/Rowing_at_the_1904_Summer_Olympics_–_Men's_eight,rowing at the 1904 Summer Olympics – men's eight,Q838617,rowing at the 1904 Summer Olympics,Q159354,rowing,Q159354,rowing,https://en.wikipedia.org/wiki/List_of_1904_Summer_Olympics_medal_winners,layers-derived-wikipedia-wikidata
1904,Q1813590,https://en.wikipedia.org/wiki/James_Flanagan_(rower),James Flanagan,gold,Q1350274,https://en.wikipedia.org/wiki/United_States_at_the_1904_Summer_Olympics,United States at the 1904 Summer Olympics,Q30,United States,US,USA,USA,1878-08-03,Q1345,Philadelphia,Q496900,Philadelphia County,"39.952777777778,-75.163611111111",39.952777777778,-75.163611111111,Q6581097,male,Q1046518,https://en.wikipedia.org/wiki/Rowing_at_the_1904_Summer_Olympics_–_Men's_eight,rowing at the 1904 Summer Olympics – men's eight,Q838617,rowing at the 1904 Summer Olympics,Q159354,rowing,Q159354,rowing,https://en.wikipedia.org/wiki/List_of_1904_Summer_Olympics_medal_winners,layers-derived-wikipedia-wikidata
1904,Q2447504,https://en.wikipedia.org/wiki/Charles_Armstrong_(rower),Charles Armstrong,gold,Q1350274,https://en.wikipedia.org/wiki/United_States_at_the_1904_Summer_Olympics,United States at the 1904 Summer Olympics,Q30,United States,US,USA,USA,1881-10-23,Q1345,Philadelphia,Q496900,Philadelphia County,"39.952777777778,-75.163611111111",39.952777777778,-75.163611111111,Q6581097,male,Q1046518,https://en.wikipedia.org/wiki/Rowing_at_the_1904_Summer_Olympics_–_Men's_eight,rowing at the 1904 Summer Olympics – men's eight,Q838617,rowing at the 1904 Summer Olympics,Q159354,rowing,Q159354,rowing,https://en.wikipedia.org/wiki/List_of_1904_Summer_Olympics_medal_winners,layers-derived-wikipedia-wikidata
1904,Q2444485,https://en.wikipedia.org/wiki/Harry_Lott_(rower),Harry Lott,gold,Q1350274,https://en.wikipedia.org/wiki/United_States_at_the_1904_Summer_Olympics,United States at the 1904 Summer Olympics,Q30,United States,US,USA,USA,1880-01-13,Q1345,Philadelphia,Q496900,Philadelphia County,"39.952777777778,-75.163611111111",39.952777777778,-75.163611111111,Q6581097,male,Q1046518,https://en.wikipedia.org/wiki/Rowing_at_the_1904_Summer_Olympics_–_Men's_eight,rowing at the 1904 Summer Olympics – men's eight,Q838617,rowing at the 1904 Summer Olympics,Q159354,rowing,Q159354,rowing,https://en.wikipedia.org/wiki/List_of_1904_Summer_Olympics_medal_winners,layers-derived-wikipedia-wikidata
1904,Q2444448,https://en.wikipedia.org/wiki/Joseph_Dempsey,Joseph Francis Dempsey,gold,Q1350274,https://en.wikipedia.org/wiki/United_States_at_the_1904_Summer_Olympics,United States at the 1904 Summer Olympics,Q30,United States,US,USA,USA,1875-10-12,Q1345,Philadelphia,Q496900,Philadelphia County,"39.952777777778,-75.163611111111",39.952777777778,-75.163611111111,Q6581097,male,Q1046518,https://en.wikipedia.org/wiki/Rowing_at_the_1904_Summer_Olympics_–_Men's_eight,rowing at the 1904 Summer Olympics – men's eight,Q838617,rowing at the 1904 Summer Olympics,Q159354,rowing,Q159354,rowing,https://en.wikipedia.org/wiki/List_of_1904_Summer_Olympics_medal_winners,layers-derived-wikipedia-wikidata
1904,Q949088,https://en.wikipedia.org/wiki/John_Exley,John Exley,gold,Q1350274,https://en.wikipedia.org/wiki/United_States_at_the_1904_Summer_Olympics,United States at the 1904 Summer Olympics,Q30,United States,US,USA,USA,1867-05-23,Q1345,Philadelphia,Q496900,Philadelphia County,"39.952777777778,-75.163611111111",39.952777777778,-75.163611111111,Q6581097,male,Q1046518,https://en.wikipedia.org/wiki/Rowing_at_the_1904_Summer_Olympics_–_Men's_eight,rowing at the 1904 Summer Olympics – men's eight,Q838617,rowing at the 1904 Summer Olympics,Q159354,rowing,Q159354,rowing,https://en.wikipedia.org/wiki/List_of_1904_Summer_Olympics_medal_winners,layers-derived-wikipedia-wikidata
1904,Q372861,https://en.wikipedia.org/wiki/Louis_Abell,Louis Abell,gold,Q1350274,https://en.wikipedia.org/wiki/United_States_at_the_1904_Summer_Olympics,United States at the 1904 Summer Olympics,Q30,United States,US,USA,USA,1884-07-21,Q138311,Elizabeth,Q502459,Union County,"40.662222222222,-74.209166666667",40.662222222222,-74.209166666667,Q6581097,male,Q1046518,https://en.wikipedia.org/wiki/Rowing_at_the_1904_Summer_Olympics_–_Men's_eight,rowing at the 1904 Summer Olympics – men's eight,Q838617,rowing at the 1904 Summer Olympics,Q159354,rowing,Q159354,rowing,https://en.wikipedia.org/wiki/List_of_1904_Summer_Olympics_medal_winners,layers-derived-wikipedia-wikidata
1904,Q1813640,https://en.wikipedia.org/wiki/Arthur_Bailey_(rower),Arthur Bailey,silver,Q1207374,https://en.wikipedia.org/wiki/Canada_at_the_1904_Summer_Olympics,Canada at the 1904 Summer Olympics,Q16,Canada,CA,CAN,CAN,1881-03-27,Q42462,York,Q20986421,City of York,"53.95,-1.0833333333333",53.95,-1.0833333333333,Q6581097,male,Q1046518,https://en.wikipedia.org/wiki/Rowing_at_the_1904_Summer_Olympics_–_Men's_eight,rowing at the 1904 Summer Olympics – men's eight,Q838617,rowing at the 1904 Summer Olympics,Q159354,rowing,Q159354,rowing,https://en.wikipedia.org/wiki/List_of_1904_Summer_Olympics_medal_winners,layers-derived-wikipedia-wikidata
1904,Q1809401,https://en.wikipedia.org/wiki/William_Rice_(rower),William Rice,silver,Q1207374,https://en.wikipedia.org/wiki/Canada_at_the_1904_Summer_Olympics,Canada at the 1904 Summer Olympics,Q16,Canada,CA,CAN,CAN,1881-02-18,Q43196,Cincinnati,Q152891,Hamilton County,"39.1,-84.5125",39.1,-84.5125,Q6581097,male,Q1046518,https://en.wikipedia.org/wiki/Rowing_at_the_1904_Summer_Olympics_–_Men's_eight,rowing at the 1904 Summer Olympics – men's eight,Q838617,rowing at the 1904 Summer Olympics,Q159354,rowing,Q159354,rowing,https://en.wikipedia.org/wiki/List_of_1904_Summer_Olympics_medal_winners,layers-derived-wikipedia-wikidata
1904,Q253177,https://en.wikipedia.org/wiki/George_Reiffenstein,George Reiffenstein,silver,Q1207374,https://en.wikipedia.org/wiki/Canada_at_the_1904_Summer_Olympics,Canada at the 1904 Summer Olympics,Q16,Canada,CA,CAN,CAN,1883-03-17,Q4215324,Carleton County,,,"45.1667,-75.75",45.1667,-75.75,Q6581097,male,Q1046518,https://en.wikipedia.org/wiki/Rowing_at_the_1904_Summer_Olympics_–_Men's_eight,rowing at the 1904 Summer Olympics – men's eight,Q838617,rowing at the 1904 Summer Olympics,Q159354,rowing,Q159354,rowing,https://en.wikipedia.org/wiki/List_of_1904_Summer_Olympics_medal_winners,layers-derived-wikipedia-wikidata
1904,Q2447516,https://en.wikipedia.org/wiki/Phil_Boyd,Phil Boyd,silver,Q1207374,https://en.wikipedia.org/wiki/Canada_at_the_1904_Summer_Olympics,Canada at the 1904 Summer Olympics,Q16,Canada,CA,CAN,CAN,1876-06-05,Q172,Toronto,Q1904,Ontario,"43.670277777778,-79.386666666667",43.670277777778,-79.386666666667,Q6581097,male,Q1046518,https://en.wikipedia.org/wiki/Rowing_at_the_1904_Summer_Olympics_–_Men's_eight,rowing at the 1904 Summer Olympics – men's eight,Q838617,rowing at the 1904 Summer Olympics,Q159354,rowing,Q159354,rowing,https://en.wikipedia.org/wiki/List_of_1904_Summer_Olympics_medal_winners,layers-derived-wikipedia-wikidata
1904,Q1810339,https://en.wikipedia.org/wiki/George_Strange,George Strange,silver,Q1207374,https://en.wikipedia.org/wiki/Canada_at_the_1904_Summer_Olympics,Canada at the 1904 Summer Olympics,Q16,Canada,CA,CAN,CAN,1880-11-09,Q1017624,Portage la Prairie,Q5061662,Central Plains Region,"49.972777777778,-98.291944444444",49.972777777778,-98.291944444444,Q6581097,male,Q1046518,https://en.wikipedia.org/wiki/Rowing_at_the_1904_Summer_Olympics_–_Men's_eight,rowing at the 1904 Summer Olympics – men's eight,Q838617,rowing at the 1904 Summer Olympics,Q159354,rowing,Q159354,rowing,https://en.wikipedia.org/wiki/List_of_1904_Summer_Olympics_medal_winners,layers-derived-wikipedia-wikidata
1904,Q1810308,https://en.wikipedia.org/wiki/William_Wadsworth_(rower),William Wadsworth,silver,Q1207374,https://en.wikipedia.org/wiki/Canada_at_the_1904_Summer_Olympics,Canada at the 1904 Summer Olympics,Q16,Canada,CA,CAN,CAN,1875-12-17,Q172,Toronto,Q1904,Ontario,"43.670277777778,-79.386666666667",43.670277777778,-79.386666666667,Q6581097,male,Q1046518,https://en.wikipedia.org/wiki/Rowing_at_the_1904_Summer_Olympics_–_Men's_eight,rowing at the 1904 Summer Olympics – men's eight,Q838617,rowing at the 1904 Summer Olympics,Q159354,rowing,Q159354,rowing,https://en.wikipedia.org/wiki/List_of_1904_Summer_Olympics_medal_winners,layers-derived-wikipedia-wikidata
1904,Q1921206,https://en.wikipedia.org/wiki/Don_MacKenzie_(rower),Don MacKenzie,silver,Q1207374,https://en.wikipedia.org/wiki/Canada_at_the_1904_Summer_Olympics,Canada at the 1904 Summer Olympics,Q16,Canada,CA,CAN,CAN,1874-12-30,Q172,Toronto,Q1904,Ontario,"43.670277777778,-79.386666666667",43.670277777778,-79.386666666667,Q6581097,male,Q1046518,https://en.wikipedia.org/wiki/Rowing_at_the_1904_Summer_Olympics_–_Men's_eight,rowing at the 1904 Summer Olympics – men's eight,Q838617,rowing at the 1904 Summer Olympics,Q159354,rowing,Q159354,rowing,https://en.wikipedia.org/wiki/List_of_1904_Summer_Olympics_medal_winners,layers-derived-wikipedia-wikidata
1904,Q2444461,https://en.wikipedia.org/wiki/Joseph_Wright_(rower),Joseph Wright,silver,Q1207374,https://en.wikipedia.org/wiki/Canada_at_the_1904_Summer_Olympics,Canada at the 1904 Summer Olympics,Q16,Canada,CA,CAN,CAN,1864-01-14,Q1904,Ontario,Q16,Canada,"50,-85",50,-85,Q6581097,male,Q1046518,https://en.wikipedia.org/wiki/Rowing_at_the_1904_Summer_Olympics_–_Men's_eight,rowing at the 1904 Summer Olympics – men's eight,Q838617,rowing at the 1904 Summer Olympics,Q159354,rowing,Q159354,rowing,https://en.wikipedia.org/wiki/List_of_1904_Summer_Olympics_medal_winners,layers-derived-wikipedia-wikidata
1904,Q1809030,https://en.wikipedia.org/wiki/Thomas_Loudon,Thomas Loudon,silver,Q1207374,https://en.wikipedia.org/wiki/Canada_at_the_1904_Summer_Olympics,Canada at the 1904 Summer Olympics,Q16,Canada,CA,CAN,CAN,1883-09-01,Q172,Toronto,Q1904,Ontario,"43.670277777778,-79.386666666667",43.670277777778,-79.386666666667,Q6581097,male,Q1046518,https://en.wikipedia.org/wiki/Rowing_at_the_1904_Summer_Olympics_–_Men's_eight,rowing at the 1904 Summer Olympics – men's eight,Q838617,rowing at the 1904 Summer Olympics,Q159354,rowing,Q159354,rowing,https://en.wikipedia.org/wiki/List_of_1904_Summer_Olympics_medal_winners,layers-derived-wikipedia-wikidata
1904,Q219088,https://en.wikipedia.org/wiki/Zoltán_Halmay,Zoltán Halmay,gold,Q580996,https://en.wikipedia.org/wiki/Hungary_at_the_1904_Summer_Olympics,Hungary at the 1904 Summer Olympics,Q28513,Austria–Hungary,,,,1881-06-18,Q1028006,Vysoká pri Morave,Q590660,Malacky District,"48.33,16.912222222222223",48.33,16.912222222222223,Q6581097,male,Q1045946,https://en.wikipedia.org/wiki/Swimming_at_the_1904_Summer_Olympics_–_Men's_50_yard_freestyle,swimming at the 1904 Summer Olympics – men's 50 yard freestyle,Q843658,swimming at the 1904 Summer Olympics,Q31920,competitive swimming,Q31920,competitive swimming,https://en.wikipedia.org/wiki/List_of_1904_Summer_Olympics_medal_winners,layers-derived-wikipedia-wikidata
1904,Q1428636,https://en.wikipedia.org/wiki/Scott_Leary,Scott Leary,silver,Q1350274,https://en.wikipedia.org/wiki/United_States_at_the_1904_Summer_Olympics,United States at the 1904 Summer Olympics,Q30,United States,US,USA,USA,1881-12-29,Q3116391,Shasta,Q156350,Shasta County,"40.592222222222,-122.47777777778",40.592222222222,-122.47777777778,Q6581097,male,Q1045946,https://en.wikipedia.org/wiki/Swimming_at_the_1904_Summer_Olympics_–_Men's_50_yard_freestyle,swimming at the 1904 Summer Olympics – men's 50 yard freestyle,Q843658,swimming at the 1904 Summer Olympics,Q31920,competitive swimming,Q31920,competitive swimming,https://en.wikipedia.org/wiki/List_of_1904_Summer_Olympics_medal_winners,layers-derived-wikipedia-wikidata
1904,Q532827,https://en.wikipedia.org/wiki/Charles_Daniels_(swimmer),Charles Daniels,bronze,Q1350274,https://en.wikipedia.org/wiki/United_States_at_the_1904_Summer_Olympics,United States at the 1904 Summer Olympics,Q30,United States,US,USA,USA,1885-03-24,Q34739,Dayton,Q485600,Montgomery County,"39.766666666667,-84.2",39.766666666667,-84.2,Q6581097,male,Q1045946,https://en.wikipedia.org/wiki/Swimming_at_the_1904_Summer_Olympics_–_Men's_50_yard_freestyle,swimming at the 1904 Summer Olympics – men's 50 yard freestyle,Q843658,swimming at the 1904 Summer Olympics,Q31920,competitive swimming,Q31920,competitive swimming,https://en.wikipedia.org/wiki/List_of_1904_Summer_Olympics_medal_winners,layers-derived-wikipedia-wikidata
1904,Q219088,https://en.wikipedia.org/wiki/Zoltán_Halmay,Zoltán Halmay,gold,Q580996,https://en.wikipedia.org/wiki/Hungary_at_the_1904_Summer_Olympics,Hungary at the 1904 Summer Olympics,Q28513,Austria–Hungary,,,,1881-06-18,Q1028006,Vysoká pri Morave,Q590660,Malacky District,"48.33,16.912222222222223",48.33,16.912222222222223,Q6581097,male,Q1045954,https://en.wikipedia.org/wiki/Swimming_at_the_1904_Summer_Olympics_–_Men's_100_yard_freestyle,swimming at the 1904 Summer Olympics – men's 100 yard freestyle,Q843658,swimming at the 1904 Summer Olympics,Q31920,competitive swimming,Q31920,competitive swimming,https://en.wikipedia.org/wiki/List_of_1904_Summer_Olympics_medal_winners,layers-derived-wikipedia-wikidata
1904,Q532827,https://en.wikipedia.org/wiki/Charles_Daniels_(swimmer),Charles Daniels,silver,Q1350274,https://en.wikipedia.org/wiki/United_States_at_the_1904_Summer_Olympics,United States at the 1904 Summer Olympics,Q30,United States,US,USA,USA,1885-03-24,Q34739,Dayton,Q485600,Montgomery County,"39.766666666667,-84.2",39.766666666667,-84.2,Q6581097,male,Q1045954,https://en.wikipedia.org/wiki/Swimming_at_the_1904_Summer_Olympics_–_Men's_100_yard_freestyle,swimming at the 1904 Summer Olympics – men's 100 yard freestyle,Q843658,swimming at the 1904 Summer Olympics,Q31920,competitive swimming,Q31920,competitive swimming,https://en.wikipedia.org/wiki/List_of_1904_Summer_Olympics_medal_winners,layers-derived-wikipedia-wikidata
1904,Q1428636,https://en.wikipedia.org/wiki/Scott_Leary,Scott Leary,bronze,Q1350274,https://en.wikipedia.org/wiki/United_States_at_the_1904_Summer_Olympics,United States at the 1904 Summer Olympics,Q30,United States,US,USA,USA,1881-12-29,Q3116391,Shasta,Q156350,Shasta County,"40.592222222222,-122.47777777778",40.592222222222,-122.47777777778,Q6581097,male,Q1045954,https://en.wikipedia.org/wiki/Swimming_at_the_1904_Summer_Olympics_–_Men's_100_yard_freestyle,swimming at the 1904 Summer Olympics – men's 100 yard freestyle,Q843658,swimming at the 1904 Summer Olympics,Q31920,competitive swimming,Q31920,competitive swimming,https://en.wikipedia.org/wiki/List_of_1904_Summer_Olympics_medal_winners,layers-derived-wikipedia-wikidata
1904,Q532827,https://en.wikipedia.org/wiki/Charles_Daniels_(swimmer),Charles Daniels,gold,Q1350274,https://en.wikipedia.org/wiki/United_States_at_the_1904_Summer_Olympics,United States at the 1904 Summer Olympics,Q30,United States,US,USA,USA,1885-03-24,Q34739,Dayton,Q485600,Montgomery County,"39.766666666667,-84.2",39.766666666667,-84.2,Q6581097,male,Q1045693,https://en.wikipedia.org/wiki/Swimming_at_the_1904_Summer_Olympics_–_Men's_220_yard_freestyle,swimming at the 1904 Summer Olympics – men's 220 yard freestyle,Q843658,swimming at the 1904 Summer Olympics,Q31920,competitive swimming,Q31920,competitive swimming,https://en.wikipedia.org/wiki/List_of_1904_Summer_Olympics_medal_winners,layers-derived-wikipedia-wikidata
1904,Q2721093,https://en.wikipedia.org/wiki/Francis_Gailey,Francis Gailey,silver,Q142212,https://en.wikipedia.org/wiki/Australia_at_the_1904_Summer_Olympics,Australia at the 1904 Summer Olympics,Q408,Australia,AU,AUS,AUS,1882-01-21,Q34932,Brisbane,Q36074,Queensland,"-27.467777777778,153.02777777778",-27.467777777778,153.02777777778,Q6581097,male,Q1045693,https://en.wikipedia.org/wiki/Swimming_at_the_1904_Summer_Olympics_–_Men's_220_yard_freestyle,swimming at the 1904 Summer Olympics – men's 220 yard freestyle,Q843658,swimming at the 1904 Summer Olympics,Q31920,competitive swimming,Q31920,competitive swimming,https://en.wikipedia.org/wiki/List_of_1904_Summer_Olympics_medal_winners,layers-derived-wikipedia-wikidata
1904,Q532599,https://en.wikipedia.org/wiki/Emil_Rausch,Emil Rausch,bronze,Q143137,https://en.wikipedia.org/wiki/Germany_at_the_1904_Summer_Olympics,Germany at the 1904 Summer Olympics,Q1206012,German Reich,,,,1883-09-11,Q64,Berlin,Q148499,Margraviate of Brandenburg,"52.516666666667,13.383333333333",52.516666666667,13.383333333333,Q6581097,male,Q1045693,https://en.wikipedia.org/wiki/Swimming_at_the_1904_Summer_Olympics_–_Men's_220_yard_freestyle,swimming at the 1904 Summer Olympics – men's 220 yard freestyle,Q843658,swimming at the 1904 Summer Olympics,Q31920,competitive swimming,Q31920,competitive swimming,https://en.wikipedia.org/wiki/List_of_1904_Summer_Olympics_medal_winners,layers-derived-wikipedia-wikidata
1904,Q532827,https://en.wikipedia.org/wiki/Charles_Daniels_(swimmer),Charles Daniels,gold,Q1350274,https://en.wikipedia.org/wiki/United_States_at_the_1904_Summer_Olympics,United States at the 1904 Summer Olympics,Q30,United States,US,USA,USA,1885-03-24,Q34739,Dayton,Q485600,Montgomery County,"39.766666666667,-84.2",39.766666666667,-84.2,Q6581097,male,Q1045932,https://en.wikipedia.org/wiki/Swimming_at_the_1904_Summer_Olympics_–_Men's_440_yard_freestyle,swimming at the 1904 Summer Olympics – men's 440 yard freestyle,Q843658,swimming at the 1904 Summer Olympics,Q31920,competitive swimming,Q31920,competitive swimming,https://en.wikipedia.org/wiki/List_of_1904_Summer_Olympics_medal_winners,layers-derived-wikipedia-wikidata
1904,Q2721093,https://en.wikipedia.org/wiki/Francis_Gailey,Francis Gailey,silver,Q142212,https://en.wikipedia.org/wiki/Australia_at_the_1904_Summer_Olympics,Australia at the 1904 Summer Olympics,Q408,Australia,AU,AUS,AUS,1882-01-21,Q34932,Brisbane,Q36074,Queensland,"-27.467777777778,153.02777777778",-27.467777777778,153.02777777778,Q6581097,male,Q1045932,https://en.wikipedia.org/wiki/Swimming_at_the_1904_Summer_Olympics_–_Men's_440_yard_freestyle,swimming at the 1904 Summer Olympics – men's 440 yard freestyle,Q843658,swimming at the 1904 Summer Olympics,Q31920,competitive swimming,Q31920,competitive swimming,https://en.wikipedia.org/wiki/List_of_1904_Summer_Olympics_medal_winners,layers-derived-wikipedia-wikidata
1904,Q650142,https://en.wikipedia.org/wiki/Otto_Wahle,Otto Wahle,bronze,Q141919,https://en.wikipedia.org/wiki/Austria_at_the_1904_Summer_Olympics,Austria at the 1904 Summer Olympics,Q28513,Austria–Hungary,,,,1879-11-05,Q1741,Vienna,Q40,Austria,"48.208333333333336,16.3725",48.208333333333336,16.3725,Q6581097,male,Q1045932,https://en.wikipedia.org/wiki/Swimming_at_the_1904_Summer_Olympics_–_Men's_440_yard_freestyle,swimming at the 1904 Summer Olympics – men's 440 yard freestyle,Q843658,swimming at the 1904 Summer Olympics,Q31920,competitive swimming,Q31920,competitive swimming,https://en.wikipedia.org/wiki/List_of_1904_Summer_Olympics_medal_winners,layers-derived-wikipedia-wikidata
1904,Q532599,https://en.wikipedia.org/wiki/Emil_Rausch,Emil Rausch,gold,Q143137,https://en.wikipedia.org/wiki/Germany_at_the_1904_Summer_Olympics,Germany at the 1904 Summer Olympics,Q1206012,German Reich,,,,1883-09-11,Q64,Berlin,Q148499,Margraviate of Brandenburg,"52.516666666667,13.383333333333",52.516666666667,13.383333333333,Q6581097,male,Q1045528,https://en.wikipedia.org/wiki/Swimming_at_the_1904_Summer_Olympics_–_Men's_880_yard_freestyle,swimming at the 1904 Summer Olympics – men's 880 yard freestyle,Q843658,swimming at the 1904 Summer Olympics,Q31920,competitive swimming,Q31920,competitive swimming,https://en.wikipedia.org/wiki/List_of_1904_Summer_Olympics_medal_winners,layers-derived-wikipedia-wikidata
1904,Q2721093,https://en.wikipedia.org/wiki/Francis_Gailey,Francis Gailey,silver,Q142212,https://en.wikipedia.org/wiki/Australia_at_the_1904_Summer_Olympics,Australia at the 1904 Summer Olympics,Q408,Australia,AU,AUS,AUS,1882-01-21,Q34932,Brisbane,Q36074,Queensland,"-27.467777777778,153.02777777778",-27.467777777778,153.02777777778,Q6581097,male,Q1045528,https://en.wikipedia.org/wiki/Swimming_at_the_1904_Summer_Olympics_–_Men's_880_yard_freestyle,swimming at the 1904 Summer Olympics – men's 880 yard freestyle,Q843658,swimming at the 1904 Summer Olympics,Q31920,competitive swimming,Q31920,competitive swimming,https://en.wikipedia.org/wiki/List_of_1904_Summer_Olympics_medal_winners,layers-derived-wikipedia-wikidata
1904,Q286071,https://en.wikipedia.org/wiki/Géza_Kiss,Géza Kiss,bronze,Q580996,https://en.wikipedia.org/wiki/Hungary_at_the_1904_Summer_Olympics,Hungary at the 1904 Summer Olympics,Q28513,Austria–Hungary,,,,1882-10-22,Q1466471,Zagyvapálfalva,Q189769,Salgótarján,"48.07,19.78027778",48.07,19.78027778,Q6581097,male,Q1045528,https://en.wikipedia.org/wiki/Swimming_at_the_1904_Summer_Olympics_–_Men's_880_yard_freestyle,swimming at the 1904 Summer Olympics – men's 880 yard freestyle,Q843658,swimming at the 1904 Summer Olympics,Q31920,competitive swimming,Q31920,competitive swimming,https://en.wikipedia.org/wiki/List_of_1904_Summer_Olympics_medal_winners,layers-derived-wikipedia-wikidata
1904,Q532599,https://en.wikipedia.org/wiki/Emil_Rausch,Emil Rausch,gold,Q143137,https://en.wikipedia.org/wiki/Germany_at_the_1904_Summer_Olympics,Germany at the 1904 Summer Olympics,Q1206012,German Reich,,,,1883-09-11,Q64,Berlin,Q148499,Margraviate of Brandenburg,"52.516666666667,13.383333333333",52.516666666667,13.383333333333,Q6581097,male,Q1045939,https://en.wikipedia.org/wiki/Swimming_at_the_1904_Summer_Olympics_–_Men's_1_mile_freestyle,swimming at the 1904 Summer Olympics – men's 1 mile freestyle,Q843658,swimming at the 1904 Summer Olympics,Q31920,competitive swimming,Q31920,competitive swimming,https://en.wikipedia.org/wiki/List_of_1904_Summer_Olympics_medal_winners,layers-derived-wikipedia-wikidata
1904,Q286071,https://en.wikipedia.org/wiki/Géza_Kiss,Géza Kiss,silver,Q580996,https://en.wikipedia.org/wiki/Hungary_at_the_1904_Summer_Olympics,Hungary at the 1904 Summer Olympics,Q28513,Austria–Hungary,,,,1882-10-22,Q1466471,Zagyvapálfalva,Q189769,Salgótarján,"48.07,19.78027778",48.07,19.78027778,Q6581097,male,Q1045939,https://en.wikipedia.org/wiki/Swimming_at_the_1904_Summer_Olympics_–_Men's_1_mile_freestyle,swimming at the 1904 Summer Olympics – men's 1 mile freestyle,Q843658,swimming at the 1904 Summer Olympics,Q31920,competitive swimming,Q31920,competitive swimming,https://en.wikipedia.org/wiki/List_of_1904_Summer_Olympics_medal_winners,layers-derived-wikipedia-wikidata
1904,Q2721093,https://en.wikipedia.org/wiki/Francis_Gailey,Francis Gailey,bronze,Q142212,https://en.wikipedia.org/wiki/Australia_at_the_1904_Summer_Olympics,Australia at the 1904 Summer Olympics,Q408,Australia,AU,AUS,AUS,1882-01-21,Q34932,Brisbane,Q36074,Queensland,"-27.467777777778,153.02777777778",-27.467777777778,153.02777777778,Q6581097,male,Q1045939,https://en.wikipedia.org/wiki/Swimming_at_the_1904_Summer_Olympics_–_Men's_1_mile_freestyle,swimming at the 1904 Summer Olympics – men's 1 mile freestyle,Q843658,swimming at the 1904 Summer Olympics,Q31920,competitive swimming,Q31920,competitive swimming,https://en.wikipedia.org/wiki/List_of_1904_Summer_Olympics_medal_winners,layers-derived-wikipedia-wikidata
1904,Q638969,https://en.wikipedia.org/wiki/Walter_Brack,Walter Brack,gold,Q143137,https://en.wikipedia.org/wiki/Germany_at_the_1904_Summer_Olympics,Germany at the 1904 Summer Olympics,Q1206012,German Reich,,,,1880-11-20,Q64,Berlin,Q148499,Margraviate of Brandenburg,"52.516666666667,13.383333333333",52.516666666667,13.383333333333,Q6581097,male,Q1045507,https://en.wikipedia.org/wiki/Swimming_at_the_1904_Summer_Olympics_–_Men's_100_yard_backstroke,swimming at the 1904 Summer Olympics – men's 100 yard backstroke,Q843658,swimming at the 1904 Summer Olympics,Q31920,competitive swimming,Q31920,competitive swimming,https://en.wikipedia.org/wiki/List_of_1904_Summer_Olympics_medal_winners,layers-derived-wikipedia-wikidata
1904,Q2605191,https://en.wikipedia.org/wiki/Georg_Hoffmann,Georg Hoffmann,silver,Q143137,https://en.wikipedia.org/wiki/Germany_at_the_1904_Summer_Olympics,Germany at the 1904 Summer Olympics,Q1206012,German Reich,,,,1880-01-01,,,,,,,,Q6581097,male,Q1045507,https://en.wikipedia.org/wiki/Swimming_at_the_1904_Summer_Olympics_–_Men's_100_yard_backstroke,swimming at the 1904 Summer Olympics – men's 100 yard backstroke,Q843658,swimming at the 1904 Summer Olympics,Q31920,competitive swimming,Q31920,competitive swimming,https://en.wikipedia.org/wiki/List_of_1904_Summer_Olympics_medal_winners,layers-derived-wikipedia-wikidata
1904,Q633777,https://en.wikipedia.org/wiki/Georg_Zacharias,Georg Zacharias,bronze,Q143137,https://en.wikipedia.org/wiki/Germany_at_the_1904_Summer_Olympics,Germany at the 1904 Summer Olympics,Q1206012,German Reich,,,,1884-06-14,Q1792,Gdańsk,Q54180,Pomeranian Voivodeship,"54.3482907,18.6540233",54.3482907,18.6540233,Q6581097,male,Q1045507,https://en.wikipedia.org/wiki/Swimming_at_the_1904_Summer_Olympics_–_Men's_100_yard_backstroke,swimming at the 1904 Summer Olympics – men's 100 yard backstroke,Q843658,swimming at the 1904 Summer Olympics,Q31920,competitive swimming,Q31920,competitive swimming,https://en.wikipedia.org/wiki/List_of_1904_Summer_Olympics_medal_winners,layers-derived-wikipedia-wikidata
1904,Q633777,https://en.wikipedia.org/wiki/Georg_Zacharias,Georg Zacharias,gold,Q143137,https://en.wikipedia.org/wiki/Germany_at_the_1904_Summer_Olympics,Germany at the 1904 Summer Olympics,Q1206012,German Reich,,,,1884-06-14,Q1792,Gdańsk,Q54180,Pomeranian Voivodeship,"54.3482907,18.6540233",54.3482907,18.6540233,Q6581097,male,Q1045960,https://en.wikipedia.org/wiki/Swimming_at_the_1904_Summer_Olympics_–_Men's_440_yard_breaststroke,swimming at the 1904 Summer Olympics – men's 440 yard breaststroke,Q843658,swimming at the 1904 Summer Olympics,Q31920,competitive swimming,Q31920,competitive swimming,https://en.wikipedia.org/wiki/List_of_1904_Summer_Olympics_medal_winners,layers-derived-wikipedia-wikidata
1904,Q638969,https://en.wikipedia.org/wiki/Walter_Brack,Walter Brack,silver,Q143137,https://en.wikipedia.org/wiki/Germany_at_the_1904_Summer_Olympics,Germany at the 1904 Summer Olympics,Q1206012,German Reich,,,,1880-11-20,Q64,Berlin,Q148499,Margraviate of Brandenburg,"52.516666666667,13.383333333333",52.516666666667,13.383333333333,Q6581097,male,Q1045960,https://en.wikipedia.org/wiki/Swimming_at_the_1904_Summer_Olympics_–_Men's_440_yard_breaststroke,swimming at the 1904 Summer Olympics – men's 440 yard breaststroke,Q843658,swimming at the 1904 Summer Olympics,Q31920,competitive swimming,Q31920,competitive swimming,https://en.wikipedia.org/wiki/List_of_1904_Summer_Olympics_medal_winners,layers-derived-wikipedia-wikidata
1904,Q724727,https://en.wikipedia.org/wiki/Jam_Handy,Jam Handy,bronze,Q1350274,https://en.wikipedia.org/wiki/United_States_at_the_1904_Summer_Olympics,United States at the 1904 Summer Olympics,Q30,United States,US,USA,USA,1886-03-06,Q1345,Philadelphia,Q496900,Philadelphia County,"39.952777777778,-75.163611111111",39.952777777778,-75.163611111111,Q6581097,male,Q1045960,https://en.wikipedia.org/wiki/Swimming_at_the_1904_Summer_Olympics_–_Men's_440_yard_breaststroke,swimming at the 1904 Summer Olympics – men's 440 yard breaststroke,Q843658,swimming at the 1904 Summer Olympics,Q31920,competitive swimming,Q31920,competitive swimming,https://en.wikipedia.org/wiki/List_of_1904_Summer_Olympics_medal_winners,layers-derived-wikipedia-wikidata
1904,Q1393698,https://en.wikipedia.org/wiki/Joe_Ruddy,Joe Ruddy,gold,Q1350274,https://en.wikipedia.org/wiki/United_States_at_the_1904_Summer_Olympics,United States at the 1904 Summer Olympics,Q30,United States,US,USA,USA,1878-09-28,Q60,New York City,Q1384,New York,"40.71277777777778,-74.00611111111111",40.71277777777778,-74.00611111111111,Q6581097,male,Q1045518,https://en.wikipedia.org/wiki/Swimming_at_the_1904_Summer_Olympics_–_Men's_4_×_50_yard_freestyle_relay,swimming at the 1904 Summer Olympics – men's 4 × 50 yard freestyle relay,Q843658,swimming at the 1904 Summer Olympics,Q31920,competitive swimming,Q31920,competitive swimming,https://en.wikipedia.org/wiki/List_of_1904_Summer_Olympics_medal_winners,layers-derived-wikipedia-wikidata
1904,Q1818611,https://en.wikipedia.org/wiki/Leo_Goodwin_(swimmer),Leo Goodwin,gold,Q1350274,https://en.wikipedia.org/wiki/United_States_at_the_1904_Summer_Olympics,United States at the 1904 Summer Olympics,Q30,United States,US,USA,USA,1883-11-13,Q60,New York City,Q1384,New York,"40.71277777777778,-74.00611111111111",40.71277777777778,-74.00611111111111,Q6581097,male,Q1045518,https://en.wikipedia.org/wiki/Swimming_at_the_1904_Summer_Olympics_–_Men's_4_×_50_yard_freestyle_relay,swimming at the 1904 Summer Olympics – men's 4 × 50 yard freestyle relay,Q843658,swimming at the 1904 Summer Olympics,Q31920,competitive swimming,Q31920,competitive swimming,https://en.wikipedia.org/wiki/List_of_1904_Summer_Olympics_medal_winners,layers-derived-wikipedia-wikidata
1904,Q175645,https://en.wikipedia.org/wiki/Louis_Handley,Louis Handley,gold,Q1350274,https://en.wikipedia.org/wiki/United_States_at_the_1904_Summer_Olympics,United States at the 1904 Summer Olympics,Q30,United States,US,USA,USA,1874-02-14,Q220,Rome,Q15119,Province of Rome,"41.893055555556,12.482777777778",41.893055555556,12.482777777778,Q6581097,male,Q1045518,https://en.wikipedia.org/wiki/Swimming_at_the_1904_Summer_Olympics_–_Men's_4_×_50_yard_freestyle_relay,swimming at the 1904 Summer Olympics – men's 4 × 50 yard freestyle relay,Q843658,swimming at the 1904 Summer Olympics,Q31920,competitive swimming,Q31920,competitive swimming,https://en.wikipedia.org/wiki/List_of_1904_Summer_Olympics_medal_winners,layers-derived-wikipedia-wikidata
1904,Q532827,https://en.wikipedia.org/wiki/Charles_Daniels_(swimmer),Charles Daniels,gold,Q1350274,https://en.wikipedia.org/wiki/United_States_at_the_1904_Summer_Olympics,United States at the 1904 Summer Olympics,Q30,United States,US,USA,USA,1885-03-24,Q34739,Dayton,Q485600,Montgomery County,"39.766666666667,-84.2",39.766666666667,-84.2,Q6581097,male,Q1045518,https://en.wikipedia.org/wiki/Swimming_at_the_1904_Summer_Olympics_–_Men's_4_×_50_yard_freestyle_relay,swimming at the 1904 Summer Olympics – men's 4 × 50 yard freestyle relay,Q843658,swimming at the 1904 Summer Olympics,Q31920,competitive swimming,Q31920,competitive swimming,https://en.wikipedia.org/wiki/List_of_1904_Summer_Olympics_medal_winners,layers-derived-wikipedia-wikidata
1904,Q2345986,https://en.wikipedia.org/wiki/David_Hammond_(swimmer),David Hammond,silver,Q1350274,https://en.wikipedia.org/wiki/United_States_at_the_1904_Summer_Olympics,United States at the 1904 Summer Olympics,Q30,United States,US,USA,USA,1882-04-05,Q1297,Chicago,Q108418,Cook County,"41.88194444444444,-87.62777777777778",41.88194444444444,-87.62777777777778,Q6581097,male,Q1045518,https://en.wikipedia.org/wiki/Swimming_at_the_1904_Summer_Olympics_–_Men's_4_×_50_yard_freestyle_relay,swimming at the 1904 Summer Olympics – men's 4 × 50 yard freestyle relay,Q843658,swimming at the 1904 Summer Olympics,Q31920,competitive swimming,Q31920,competitive swimming,https://en.wikipedia.org/wiki/List_of_1904_Summer_Olympics_medal_winners,layers-derived-wikipedia-wikidata
1904,Q639438,https://en.wikipedia.org/wiki/Bill_Tuttle_(swimmer),Bill Tuttle,silver,Q1350274,https://en.wikipedia.org/wiki/United_States_at_the_1904_Summer_Olympics,United States at the 1904 Summer Olympics,Q30,United States,US,USA,USA,1882-02-21,Q1297,Chicago,Q108418,Cook County,"41.88194444444444,-87.62777777777778",41.88194444444444,-87.62777777777778,Q6581097,male,Q1045518,https://en.wikipedia.org/wiki/Swimming_at_the_1904_Summer_Olympics_–_Men's_4_×_50_yard_freestyle_relay,swimming at the 1904 Summer Olympics – men's 4 × 50 yard freestyle relay,Q843658,swimming at the 1904 Summer Olympics,Q31920,competitive swimming,Q31920,competitive swimming,https://en.wikipedia.org/wiki/List_of_1904_Summer_Olympics_medal_winners,layers-derived-wikipedia-wikidata
1904,Q2086197,https://en.wikipedia.org/wiki/Hugo_Goetz,Hugo Goetz,silver,Q1350274,https://en.wikipedia.org/wiki/United_States_at_the_1904_Summer_Olympics,United States at the 1904 Summer Olympics,Q30,United States,US,USA,USA,1884-10-18,Q1297,Chicago,Q108418,Cook County,"41.88194444444444,-87.62777777777778",41.88194444444444,-87.62777777777778,Q6581097,male,Q1045518,https://en.wikipedia.org/wiki/Swimming_at_the_1904_Summer_Olympics_–_Men's_4_×_50_yard_freestyle_relay,swimming at the 1904 Summer Olympics – men's 4 × 50 yard freestyle relay,Q843658,swimming at the 1904 Summer Olympics,Q31920,competitive swimming,Q31920,competitive swimming,https://en.wikipedia.org/wiki/List_of_1904_Summer_Olympics_medal_winners,layers-derived-wikipedia-wikidata
1904,Q1522167,https://en.wikipedia.org/wiki/Raymond_Thorne,Raymond Thorne,silver,Q1350274,https://en.wikipedia.org/wiki/United_States_at_the_1904_Summer_Olympics,United States at the 1904 Summer Olympics,Q30,United States,US,USA,USA,1887-04-29,Q1297,Chicago,Q108418,Cook County,"41.88194444444444,-87.62777777777778",41.88194444444444,-87.62777777777778,Q6581097,male,Q1045518,https://en.wikipedia.org/wiki/Swimming_at_the_1904_Summer_Olympics_–_Men's_4_×_50_yard_freestyle_relay,swimming at the 1904 Summer Olympics – men's 4 × 50 yard freestyle relay,Q843658,swimming at the 1904 Summer Olympics,Q31920,competitive swimming,Q31920,competitive swimming,https://en.wikipedia.org/wiki/List_of_1904_Summer_Olympics_medal_winners,layers-derived-wikipedia-wikidata
1904,Q639461,https://en.wikipedia.org/wiki/Amedee_Reyburn,Amedee Reyburn,bronze,Q1350274,https://en.wikipedia.org/wiki/United_States_at_the_1904_Summer_Olympics,United States at the 1904 Summer Olympics,Q30,United States,US,USA,USA,1879-03-25,Q38022,St. Louis,Q1581,Missouri,"38.62638888888889,-90.19944444444444",38.62638888888889,-90.19944444444444,Q6581097,male,Q1045518,https://en.wikipedia.org/wiki/Swimming_at_the_1904_Summer_Olympics_–_Men's_4_×_50_yard_freestyle_relay,swimming at the 1904 Summer Olympics – men's 4 × 50 yard freestyle relay,Q843658,swimming at the 1904 Summer Olympics,Q31920,competitive swimming,Q31920,competitive swimming,https://en.wikipedia.org/wiki/List_of_1904_Summer_Olympics_medal_winners,layers-derived-wikipedia-wikidata
1904,Q2638008,https://en.wikipedia.org/wiki/Gwynne_Evans,Gwynne Evans,bronze,Q1350274,https://en.wikipedia.org/wiki/United_States_at_the_1904_Summer_Olympics,United States at the 1904 Summer Olympics,Q30,United States,US,USA,USA,1880-09-03,Q38022,St. Louis,Q1581,Missouri,"38.62638888888889,-90.19944444444444",38.62638888888889,-90.19944444444444,Q6581097,male,Q1045518,https://en.wikipedia.org/wiki/Swimming_at_the_1904_Summer_Olympics_–_Men's_4_×_50_yard_freestyle_relay,swimming at the 1904 Summer Olympics – men's 4 × 50 yard freestyle relay,Q843658,swimming at the 1904 Summer Olympics,Q31920,competitive swimming,Q31920,competitive swimming,https://en.wikipedia.org/wiki/List_of_1904_Summer_Olympics_medal_winners,layers-derived-wikipedia-wikidata
1904,Q2023582,https://en.wikipedia.org/wiki/Marquard_Schwarz,Marquard Schwarz,bronze,Q1350274,https://en.wikipedia.org/wiki/United_States_at_the_1904_Summer_Olympics,United States at the 1904 Summer Olympics,Q30,United States,US,USA,USA,1887-07-30,Q38022,St. Louis,Q1581,Missouri,"38.62638888888889,-90.19944444444444",38.62638888888889,-90.19944444444444,Q6581097,male,Q1045518,https://en.wikipedia.org/wiki/Swimming_at_the_1904_Summer_Olympics_–_Men's_4_×_50_yard_freestyle_relay,swimming at the 1904 Summer Olympics – men's 4 × 50 yard freestyle relay,Q843658,swimming at the 1904 Summer Olympics,Q31920,competitive swimming,Q31920,competitive swimming,https://en.wikipedia.org/wiki/List_of_1904_Summer_Olympics_medal_winners,layers-derived-wikipedia-wikidata
1904,Q893263,https://en.wikipedia.org/wiki/Bill_Orthwein,Bill Orthwein,bronze,Q1350274,https://en.wikipedia.org/wiki/United_States_at_the_1904_Summer_Olympics,United States at the 1904 Summer Olympics,Q30,United States,US,USA,USA,1881-10-16,Q38022,St. Louis,Q1581,Missouri,"38.62638888888889,-90.19944444444444",38.62638888888889,-90.19944444444444,Q6581097,male,Q1045518,https://en.wikipedia.org/wiki/Swimming_at_the_1904_Summer_Olympics_–_Men's_4_×_50_yard_freestyle_relay,swimming at the 1904 Summer Olympics – men's 4 × 50 yard freestyle relay,Q843658,swimming at the 1904 Summer Olympics,Q31920,competitive swimming,Q31920,competitive swimming,https://en.wikipedia.org/wiki/List_of_1904_Summer_Olympics_medal_winners,layers-derived-wikipedia-wikidata
1904,Q499557,https://en.wikipedia.org/wiki/Beals_Wright,Beals Coleman Wright,gold,Q1350274,https://en.wikipedia.org/wiki/United_States_at_the_1904_Summer_Olympics,United States at the 1904 Summer Olympics,Q30,United States,US,USA,USA,1879-12-19,Q100,Boston,Q54072,Suffolk County,"42.360277777777775,-71.05777777777777",42.360277777777775,-71.05777777777777,Q6581097,male,Q1185211,https://en.wikipedia.org/wiki/Tennis_at_the_1904_Summer_Olympics_–_Men's_singles,tennis at the 1904 Summer Olympics – men's singles,Q373296,tennis at the 1904 Summer Olympics,Q847,tennis,Q847,tennis,https://en.wikipedia.org/wiki/List_of_1904_Summer_Olympics_medal_winners,layers-derived-wikipedia-wikidata
1904,Q286859,https://en.wikipedia.org/wiki/Robert_LeRoy,Robert LeRoy,silver,Q1350274,https://en.wikipedia.org/wiki/United_States_at_the_1904_Summer_Olympics,United States at the 1904 Summer Olympics,Q30,United States,US,USA,USA,1885-02-07,Q60,New York City,Q1384,New York,"40.71277777777778,-74.00611111111111",40.71277777777778,-74.00611111111111,Q6581097,male,Q1185211,https://en.wikipedia.org/wiki/Tennis_at_the_1904_Summer_Olympics_–_Men's_singles,tennis at the 1904 Summer Olympics – men's singles,Q373296,tennis at the 1904 Summer Olympics,Q847,tennis,Q847,tennis,https://en.wikipedia.org/wiki/List_of_1904_Summer_Olympics_medal_winners,layers-derived-wikipedia-wikidata
1904,Q1394204,https://en.wikipedia.org/wiki/Alphonzo_Bell,Alphonzo Bell,bronze,Q1350274,https://en.wikipedia.org/wiki/United_States_at_the_1904_Summer_Olympics,United States at the 1904 Summer Olympics,Q30,United States,US,USA,USA,1875-09-29,Q65,Los Angeles,Q104994,Los Angeles County,"34.05223,-118.24368",34.05223,-118.24368,Q6581097,male,Q1185211,https://en.wikipedia.org/wiki/Tennis_at_the_1904_Summer_Olympics_–_Men's_singles,tennis at the 1904 Summer Olympics – men's singles,Q373296,tennis at the 1904 Summer Olympics,Q847,tennis,Q847,tennis,https://en.wikipedia.org/wiki/List_of_1904_Summer_Olympics_medal_winners,layers-derived-wikipedia-wikidata
1904,Q492566,https://en.wikipedia.org/wiki/Edgar_Leonard,Edgar Leonard,bronze,Q1350274,https://en.wikipedia.org/wiki/United_States_at_the_1904_Summer_Olympics,United States at the 1904 Summer Olympics,Q30,United States,US,USA,USA,1881-06-19,Q7986069,West Newton,Q49196,Newton,"42.35,-71.233333333333",42.35,-71.233333333333,Q6581097,male,Q1185211,https://en.wikipedia.org/wiki/Tennis_at_the_1904_Summer_Olympics_–_Men's_singles,tennis at the 1904 Summer Olympics – men's singles,Q373296,tennis at the 1904 Summer Olympics,Q847,tennis,Q847,tennis,https://en.wikipedia.org/wiki/List_of_1904_Summer_Olympics_medal_winners,layers-derived-wikipedia-wikidata
1904,Q499557,https://en.wikipedia.org/wiki/Beals_Wright,Beals Coleman Wright,gold,Q1350274,https://en.wikipedia.org/wiki/United_States_at_the_1904_Summer_Olympics,United States at the 1904 Summer Olympics,Q30,United States,US,USA,USA,1879-12-19,Q100,Boston,Q54072,Suffolk County,"42.360277777777775,-71.05777777777777",42.360277777777775,-71.05777777777777,Q6581097,male,Q1185204,https://en.wikipedia.org/wiki/Tennis_at_the_1904_Summer_Olympics_–_Men's_doubles,tennis at the 1904 Summer Olympics – men's doubles,Q373296,tennis at the 1904 Summer Olympics,Q847,tennis,Q847,tennis,https://en.wikipedia.org/wiki/List_of_1904_Summer_Olympics_medal_winners,layers-derived-wikipedia-wikidata
1904,Q492566,https://en.wikipedia.org/wiki/Edgar_Leonard,Edgar Leonard,gold,Q1350274,https://en.wikipedia.org/wiki/United_States_at_the_1904_Summer_Olympics,United States at the 1904 Summer Olympics,Q30,United States,US,USA,USA,1881-06-19,Q7986069,West Newton,Q49196,Newton,"42.35,-71.233333333333",42.35,-71.233333333333,Q6581097,male,Q1185204,https://en.wikipedia.org/wiki/Tennis_at_the_1904_Summer_Olympics_–_Men's_doubles,tennis at the 1904 Summer Olympics – men's doubles,Q373296,tennis at the 1904 Summer Olympics,Q847,tennis,Q847,tennis,https://en.wikipedia.org/wiki/List_of_1904_Summer_Olympics_medal_winners,layers-derived-wikipedia-wikidata
1904,Q286859,https://en.wikipedia.org/wiki/Robert_LeRoy,Robert LeRoy,silver,Q1350274,https://en.wikipedia.org/wiki/United_States_at_the_1904_Summer_Olympics,United States at the 1904 Summer Olympics,Q30,United States,US,USA,USA,1885-02-07,Q60,New York City,Q1384,New York,"40.71277777777778,-74.00611111111111",40.71277777777778,-74.00611111111111,Q6581097,male,Q1185204,https://en.wikipedia.org/wiki/Tennis_at_the_1904_Summer_Olympics_–_Men's_doubles,tennis at the 1904 Summer Olympics – men's doubles,Q373296,tennis at the 1904 Summer Olympics,Q847,tennis,Q847,tennis,https://en.wikipedia.org/wiki/List_of_1904_Summer_Olympics_medal_winners,layers-derived-wikipedia-wikidata
1904,Q1394204,https://en.wikipedia.org/wiki/Alphonzo_Bell,Alphonzo Bell,silver,Q1350274,https://en.wikipedia.org/wiki/United_States_at_the_1904_Summer_Olympics,United States at the 1904 Summer Olympics,Q30,United States,US,USA,USA,1875-09-29,Q65,Los Angeles,Q104994,Los Angeles County,"34.05223,-118.24368",34.05223,-118.24368,Q6581097,male,Q1185204,https://en.wikipedia.org/wiki/Tennis_at_the_1904_Summer_Olympics_–_Men's_doubles,tennis at the 1904 Summer Olympics – men's doubles,Q373296,tennis at the 1904 Summer Olympics,Q847,tennis,Q847,tennis,https://en.wikipedia.org/wiki/List_of_1904_Summer_Olympics_medal_winners,layers-derived-wikipedia-wikidata
1904,Q487159,https://en.wikipedia.org/wiki/Clarence_Gamble_(tennis_player),Clarence Gamble,bronze,Q1350274,https://en.wikipedia.org/wiki/United_States_at_the_1904_Summer_Olympics,United States at the 1904 Summer Olympics,Q30,United States,US,USA,USA,1881-08-16,Q38022,St. Louis,Q1581,Missouri,"38.62638888888889,-90.19944444444444",38.62638888888889,-90.19944444444444,Q6581097,male,Q1185204,https://en.wikipedia.org/wiki/Tennis_at_the_1904_Summer_Olympics_–_Men's_doubles,tennis at the 1904 Summer Olympics – men's doubles,Q373296,tennis at the 1904 Summer Olympics,Q847,tennis,Q847,tennis,https://en.wikipedia.org/wiki/List_of_1904_Summer_Olympics_medal_winners,layers-derived-wikipedia-wikidata
1904,Q711880,https://en.wikipedia.org/wiki/Arthur_Wear,Arthur Yancey Wear,bronze,Q1350274,https://en.wikipedia.org/wiki/United_States_at_the_1904_Summer_Olympics,United States at the 1904 Summer Olympics,Q30,United States,US,USA,USA,1880-03-01,Q38022,St. Louis,Q1581,Missouri,"38.62638888888889,-90.19944444444444",38.62638888888889,-90.19944444444444,Q6581097,male,Q1185204,https://en.wikipedia.org/wiki/Tennis_at_the_1904_Summer_Olympics_–_Men's_doubles,tennis at the 1904 Summer Olympics – men's doubles,Q373296,tennis at the 1904 Summer Olympics,Q847,tennis,Q847,tennis,https://en.wikipedia.org/wiki/List_of_1904_Summer_Olympics_medal_winners,layers-derived-wikipedia-wikidata
1904,Q947368,https://en.wikipedia.org/wiki/Joseph_Wear,Joseph Walker Wear,bronze,Q1350274,https://en.wikipedia.org/wiki/United_States_at_the_1904_Summer_Olympics,United States at the 1904 Summer Olympics,Q30,United States,US,USA,USA,1876-11-27,Q38022,St. Louis,Q1581,Missouri,"38.62638888888889,-90.19944444444444",38.62638888888889,-90.19944444444444,Q6581097,male,Q1185204,https://en.wikipedia.org/wiki/Tennis_at_the_1904_Summer_Olympics_–_Men's_doubles,tennis at the 1904 Summer Olympics – men's doubles,Q373296,tennis at the 1904 Summer Olympics,Q847,tennis,Q847,tennis,https://en.wikipedia.org/wiki/List_of_1904_Summer_Olympics_medal_winners,layers-derived-wikipedia-wikidata
1904,Q947403,https://en.wikipedia.org/wiki/Allen_West_(tennis_player),Allen West,bronze,Q1350274,https://en.wikipedia.org/wiki/United_States_at_the_1904_Summer_Olympics,United States at the 1904 Summer Olympics,Q30,United States,US,USA,USA,1872-08-02,Q79875,Mobile,Q495738,Mobile County,"30.727669444444,-88.052672222222",30.727669444444,-88.052672222222,Q6581097,male,Q1185204,https://en.wikipedia.org/wiki/Tennis_at_the_1904_Summer_Olympics_–_Men's_doubles,tennis at the 1904 Summer Olympics – men's doubles,Q373296,tennis at the 1904 Summer Olympics,Q847,tennis,Q847,tennis,https://en.wikipedia.org/wiki/List_of_1904_Summer_Olympics_medal_winners,layers-derived-wikipedia-wikidata
1904,Q2624389,https://en.wikipedia.org/wiki/Sidney_Johnson_(tug_of_war),Sidney Johnson,gold,Q1350274,https://en.wikipedia.org/wiki/United_States_at_the_1904_Summer_Olympics,United States at the 1904 Summer Olympics,Q30,United States,US,USA,USA,1877-01-01,Q1397,Ohio,Q30,United States,"40.5,-82.5",40.5,-82.5,Q6581097,male,,,Tug of war,,,,Tug of war,,Tug of war,https://en.wikipedia.org/wiki/List_of_1904_Summer_Olympics_medal_winners,layers-derived-wikipedia-wikidata
1904,Q2624124,https://en.wikipedia.org/wiki/Henry_Seiling,Henry Seiling,gold,Q1350274,https://en.wikipedia.org/wiki/United_States_at_the_1904_Summer_Olympics,United States at the 1904 Summer Olympics,Q30,United States,US,USA,USA,1872-05-00,Q1537,Wisconsin,Q30,United States,"44.5,-89.5",44.5,-89.5,Q6581097,male,,,Tug of war,,,,Tug of war,,Tug of war,https://en.wikipedia.org/wiki/List_of_1904_Summer_Olympics_medal_winners,layers-derived-wikipedia-wikidata
1904,Q592908,https://en.wikipedia.org/wiki/Conrad_Magnusson,Conrad Magnusson,gold,Q1350274,https://en.wikipedia.org/wiki/United_States_at_the_1904_Summer_Olympics,United States at the 1904 Summer Olympics,Q30,United States,US,USA,USA,1874-08-18,Q21711493,Christiania,Q20,Norway,,,,Q6581097,male,,,Tug of war,,,,Tug of war,,Tug of war,https://en.wikipedia.org/wiki/List_of_1904_Summer_Olympics_medal_winners,layers-derived-wikipedia-wikidata
1904,Q427745,https://en.wikipedia.org/wiki/Max_Braun,Max Braun,silver,Q1350274,https://en.wikipedia.org/wiki/United_States_at_the_1904_Summer_Olympics,United States at the 1904 Summer Olympics,Q30,United States,US,USA,USA,1883-03-12,,,,,,,,Q6581097,male,,,Tug of war,,,,Tug of war,,Tug of war,https://en.wikipedia.org/wiki/List_of_1904_Summer_Olympics_medal_winners,layers-derived-wikipedia-wikidata
1904,Q2423705,https://en.wikipedia.org/wiki/William_Seiling,William Seiling,silver,Q1350274,https://en.wikipedia.org/wiki/United_States_at_the_1904_Summer_Olympics,United States at the 1904 Summer Olympics,Q30,United States,US,USA,USA,1864-05-28,Q38022,St. Louis,Q1581,Missouri,"38.62638888888889,-90.19944444444444",38.62638888888889,-90.19944444444444,Q6581097,male,,,Tug of war,,,,Tug of war,,Tug of war,https://en.wikipedia.org/wiki/List_of_1904_Summer_Olympics_medal_winners,layers-derived-wikipedia-wikidata
1904,Q2421510,https://en.wikipedia.org/wiki/Orrin_Upshaw,Orrin Upshaw,silver,Q1350274,https://en.wikipedia.org/wiki/United_States_at_the_1904_Summer_Olympics,United States at the 1904 Summer Olympics,Q30,United States,US,USA,USA,1874-07-23,Q233129,Peoria,Q113079,Peoria County,"40.6925,-89.59",40.6925,-89.59,Q6581097,male,,,Tug of war,,,,Tug of war,,Tug of war,https://en.wikipedia.org/wiki/List_of_1904_Summer_Olympics_medal_winners,layers-derived-wikipedia-wikidata
1904,Q592698,https://en.wikipedia.org/wiki/August_Rodenberg,August Rodenberg,silver,Q1350274,https://en.wikipedia.org/wiki/United_States_at_the_1904_Summer_Olympics,United States at the 1904 Summer Olympics,Q30,United States,US,USA,USA,1873-07-25,Q38022,St. Louis,Q1581,Missouri,"38.62638888888889,-90.19944444444444",38.62638888888889,-90.19944444444444,Q6581097,male,,,Tug of war,,,,Tug of war,,Tug of war,https://en.wikipedia.org/wiki/List_of_1904_Summer_Olympics_medal_winners,layers-derived-wikipedia-wikidata
1904,Q2423689,https://en.wikipedia.org/wiki/Charles_Haberkorn,Charles Haberkorn,bronze,Q1360637,https://en.wikipedia.org/wiki/Mixed_team_at_the_1904_Summer_Olympics,Mixed team at the 1904 Summer Olympics,Q30,United States,US,USA,USA,1880-11-16,Q159626,Württemberg,,,"48.7786,9.17944",48.7786,9.17944,Q6581097,male,,,Tug of war,,,,Tug of war,,Tug of war,https://en.wikipedia.org/wiki/List_of_1904_Summer_Olympics_medal_winners,layers-derived-wikipedia-wikidata
1904,Q63257,https://en.wikipedia.org/wiki/Frank_Kugler,Frank Kugler,bronze,Q1360637,https://en.wikipedia.org/wiki/Mixed_team_at_the_1904_Summer_Olympics,Mixed team at the 1904 Summer Olympics,Q30,United States,US,USA,USA,1879-03-29,Q43287,German Empire,,,"52.51861111111111,13.376111111111111",52.51861111111111,13.376111111111111,Q6581097,male,,,Tug of war,,,,Tug of war,,Tug of war,https://en.wikipedia.org/wiki/List_of_1904_Summer_Olympics_medal_winners,layers-derived-wikipedia-wikidata
1904,Q592708,https://en.wikipedia.org/wiki/Charles_Thias,Charles Thias,bronze,Q1360637,https://en.wikipedia.org/wiki/Mixed_team_at_the_1904_Summer_Olympics,Mixed team at the 1904 Summer Olympics,Q30,United States,US,USA,USA,1879-11-15,Q1204,Illinois,Q30,United States,"40.000277777777775,-89.25027777777778",40.000277777777775,-89.25027777777778,Q6581097,male,,,Tug of war,,,,Tug of war,,Tug of war,https://en.wikipedia.org/wiki/List_of_1904_Summer_Olympics_medal_winners,layers-derived-wikipedia-wikidata
1904,Q2423114,https://en.wikipedia.org/wiki/Oscar_Friede,Oscar Friede,bronze,Q1360637,https://en.wikipedia.org/wiki/Mixed_team_at_the_1904_Summer_Olympics,Mixed team at the 1904 Summer Olympics,Q30,United States,US,USA,USA,1881-07-14,Q38022,St. Louis,Q1581,Missouri,"38.62638888888889,-90.19944444444444",38.62638888888889,-90.19944444444444,Q6581097,male,,,Tug of war,,,,Tug of war,,Tug of war,https://en.wikipedia.org/wiki/List_of_1904_Summer_Olympics_medal_winners,layers-derived-wikipedia-wikidata
1904,Q1368624,https://en.wikipedia.org/wiki/David_Bratton,David Bratton,gold,Q1350274,https://en.wikipedia.org/wiki/United_States_at_the_1904_Summer_Olympics,United States at the 1904 Summer Olympics,Q30,United States,US,USA,USA,1869-10-01,Q60,New York City,Q1384,New York,"40.71277777777778,-74.00611111111111",40.71277777777778,-74.00611111111111,Q6581097,male,,,Water polo,,,,Water polo,,Water polo,https://en.wikipedia.org/wiki/List_of_1904_Summer_Olympics_medal_winners,layers-derived-wikipedia-wikidata
1904,Q2302226,https://en.wikipedia.org/wiki/George_Van_Cleaf,George Van Cleaf,gold,Q1350274,https://en.wikipedia.org/wiki/United_States_at_the_1904_Summer_Olympics,United States at the 1904 Summer Olympics,Q30,United States,US,USA,USA,1879-10-08,Q15262577,Northfield,Q11997784,Richmond County,"40.59722222222222,-74.16111111111111",40.59722222222222,-74.16111111111111,Q6581097,male,,,Water polo,,,,Water polo,,Water polo,https://en.wikipedia.org/wiki/List_of_1904_Summer_Olympics_medal_winners,layers-derived-wikipedia-wikidata
1904,Q1818611,https://en.wikipedia.org/wiki/Leo_Goodwin_(swimmer),Leo Goodwin,gold,Q1350274,https://en.wikipedia.org/wiki/United_States_at_the_1904_Summer_Olympics,United States at the 1904 Summer Olympics,Q30,United States,US,USA,USA,1883-11-13,Q60,New York City,Q1384,New York,"40.71277777777778,-74.00611111111111",40.71277777777778,-74.00611111111111,Q6581097,male,,,Water polo,,,,Water polo,,Water polo,https://en.wikipedia.org/wiki/List_of_1904_Summer_Olympics_medal_winners,layers-derived-wikipedia-wikidata
1904,Q175645,https://en.wikipedia.org/wiki/Louis_Handley,Louis Handley,gold,Q1350274,https://en.wikipedia.org/wiki/United_States_at_the_1904_Summer_Olympics,United States at the 1904 Summer Olympics,Q30,United States,US,USA,USA,1874-02-14,Q220,Rome,Q15119,Province of Rome,"41.893055555556,12.482777777778",41.893055555556,12.482777777778,Q6581097,male,,,Water polo,,,,Water polo,,Water polo,https://en.wikipedia.org/wiki/List_of_1904_Summer_Olympics_medal_winners,layers-derived-wikipedia-wikidata
1904,Q2061281,https://en.wikipedia.org/wiki/David_Hesser,David Hesser,gold,Q1350274,https://en.wikipedia.org/wiki/United_States_at_the_1904_Summer_Olympics,United States at the 1904 Summer Olympics,Q30,United States,US,USA,USA,1884-01-01,,,,,,,,Q6581097,male,,,Water polo,,,,Water polo,,Water polo,https://en.wikipedia.org/wiki/List_of_1904_Summer_Olympics_medal_winners,layers-derived-wikipedia-wikidata
1904,Q1393698,https://en.wikipedia.org/wiki/Joe_Ruddy,Joe Ruddy,gold,Q1350274,https://en.wikipedia.org/wiki/United_States_at_the_1904_Summer_Olympics,United States at the 1904 Summer Olympics,Q30,United States,US,USA,USA,1878-09-28,Q60,New York City,Q1384,New York,"40.71277777777778,-74.00611111111111",40.71277777777778,-74.00611111111111,Q6581097,male,,,Water polo,,,,Water polo,,Water polo,https://en.wikipedia.org/wiki/List_of_1904_Summer_Olympics_medal_winners,layers-derived-wikipedia-wikidata
1904,Q1384889,https://en.wikipedia.org/wiki/James_Steen_(water_polo),James Steen,gold,Q1350274,https://en.wikipedia.org/wiki/United_States_at_the_1904_Summer_Olympics,United States at the 1904 Summer Olympics,Q30,United States,US,USA,USA,1876-11-19,,,,,,,,Q6581097,male,,,Water polo,,,,Water polo,,Water polo,https://en.wikipedia.org/wiki/List_of_1904_Summer_Olympics_medal_winners,layers-derived-wikipedia-wikidata
1904,Q545381,https://en.wikipedia.org/wiki/Rex_Beach,Rex Beach,silver,Q1350274,https://en.wikipedia.org/wiki/United_States_at_the_1904_Summer_Olympics,United States at the 1904 Summer Olympics,Q30,United States,US,USA,USA,1877-09-01,Q490807,Antrim County,Q1166,Michigan,"45.01,-85.18",45.01,-85.18,Q6581097,male,,,Water polo,,,,Water polo,,Water polo,https://en.wikipedia.org/wiki/List_of_1904_Summer_Olympics_medal_winners,layers-derived-wikipedia-wikidata
1904,Q2345903,https://en.wikipedia.org/wiki/Jerome_Steever,Jerome Steever,silver,Q1350274,https://en.wikipedia.org/wiki/United_States_at_the_1904_Summer_Olympics,United States at the 1904 Summer Olympics,Q30,United States,US,USA,USA,1880-01-07,Q37836,Milwaukee,Q502294,Milwaukee County,"43.05,-87.95",43.05,-87.95,Q6581097,male,,,Water polo,,,,Water polo,,Water polo,https://en.wikipedia.org/wiki/List_of_1904_Summer_Olympics_medal_winners,layers-derived-wikipedia-wikidata
1904,Q2734376,https://en.wikipedia.org/wiki/Edwin_Swatek,Edwin Swatek,silver,Q1350274,https://en.wikipedia.org/wiki/United_States_at_the_1904_Summer_Olympics,United States at the 1904 Summer Olympics,Q30,United States,US,USA,USA,1885-01-07,Q1297,Chicago,Q108418,Cook County,"41.88194444444444,-87.62777777777778",41.88194444444444,-87.62777777777778,Q6581097,male,,,Water polo,,,,Water polo,,Water polo,https://en.wikipedia.org/wiki/List_of_1904_Summer_Olympics_medal_winners,layers-derived-wikipedia-wikidata
1904,Q2736560,https://en.wikipedia.org/wiki/Charles_Healy,Charles Healy,silver,Q1350274,https://en.wikipedia.org/wiki/United_States_at_the_1904_Summer_Olympics,United States at the 1904 Summer Olympics,Q30,United States,US,USA,USA,1883-10-04,Q1297,Chicago,Q108418,Cook County,"41.88194444444444,-87.62777777777778",41.88194444444444,-87.62777777777778,Q6581097,male,,,Water polo,,,,Water polo,,Water polo,https://en.wikipedia.org/wiki/List_of_1904_Summer_Olympics_medal_winners,layers-derived-wikipedia-wikidata
1904,Q1996557,https://en.wikipedia.org/wiki/Frank_Kehoe,Frank Kehoe,silver,Q1350274,https://en.wikipedia.org/wiki/United_States_at_the_1904_Summer_Olympics,United States at the 1904 Summer Olympics,Q30,United States,US,USA,USA,1882-02-08,Q1297,Chicago,Q108418,Cook County,"41.88194444444444,-87.62777777777778",41.88194444444444,-87.62777777777778,Q6581097,male,,,Water polo,,,,Water polo,,Water polo,https://en.wikipedia.org/wiki/List_of_1904_Summer_Olympics_medal_winners,layers-derived-wikipedia-wikidata
1904,Q2345986,https://en.wikipedia.org/wiki/David_Hammond_(water_poloist),David Hammond,silver,Q1350274,https://en.wikipedia.org/wiki/United_States_at_the_1904_Summer_Olympics,United States at the 1904 Summer Olympics,Q30,United States,US,USA,USA,1882-04-05,Q1297,Chicago,Q108418,Cook County,"41.88194444444444,-87.62777777777778",41.88194444444444,-87.62777777777778,Q6581097,male,,,Water polo,,,,Water polo,,Water polo,https://en.wikipedia.org/wiki/List_of_1904_Summer_Olympics_medal_winners,layers-derived-wikipedia-wikidata
1904,Q639438,https://en.wikipedia.org/wiki/Bill_Tuttle_(swimmer),Bill Tuttle,silver,Q1350274,https://en.wikipedia.org/wiki/United_States_at_the_1904_Summer_Olympics,United States at the 1904 Summer Olympics,Q30,United States,US,USA,USA,1882-02-21,Q1297,Chicago,Q108418,Cook County,"41.88194444444444,-87.62777777777778",41.88194444444444,-87.62777777777778,Q6581097,male,,,Water polo,,,,Water polo,,Water polo,https://en.wikipedia.org/wiki/List_of_1904_Summer_Olympics_medal_winners,layers-derived-wikipedia-wikidata
1904,Q2736553,https://en.wikipedia.org/wiki/John_Meyers_(swimmer),John Meyers,bronze,Q1350274,https://en.wikipedia.org/wiki/United_States_at_the_1904_Summer_Olympics,United States at the 1904 Summer Olympics,Q30,United States,US,USA,USA,1880-07-29,Q43196,Cincinnati,Q152891,Hamilton County,"39.1,-84.5125",39.1,-84.5125,Q6581097,male,,,Water polo,,,,Water polo,,Water polo,https://en.wikipedia.org/wiki/List_of_1904_Summer_Olympics_medal_winners,layers-derived-wikipedia-wikidata
1904,Q2736723,https://en.wikipedia.org/wiki/Manfred_Toeppen,Manfred Toeppen,bronze,Q1350274,https://en.wikipedia.org/wiki/United_States_at_the_1904_Summer_Olympics,United States at the 1904 Summer Olympics,Q30,United States,US,USA,USA,1887-09-03,Q38022,St. Louis,Q1581,Missouri,"38.62638888888889,-90.19944444444444",38.62638888888889,-90.19944444444444,Q6581097,male,,,Water polo,,,,Water polo,,Water polo,https://en.wikipedia.org/wiki/List_of_1904_Summer_Olympics_medal_winners,layers-derived-wikipedia-wikidata
1904,Q2638008,https://en.wikipedia.org/wiki/Gwynne_Evans,Gwynne Evans,bronze,Q1350274,https://en.wikipedia.org/wiki/United_States_at_the_1904_Summer_Olympics,United States at the 1904 Summer Olympics,Q30,United States,US,USA,USA,1880-09-03,Q38022,St. Louis,Q1581,Missouri,"38.62638888888889,-90.19944444444444",38.62638888888889,-90.19944444444444,Q6581097,male,,,Water polo,,,,Water polo,,Water polo,https://en.wikipedia.org/wiki/List_of_1904_Summer_Olympics_medal_winners,layers-derived-wikipedia-wikidata
1904,Q639461,https://en.wikipedia.org/wiki/Amedee_Reyburn,Amedee Reyburn,bronze,Q1350274,https://en.wikipedia.org/wiki/United_States_at_the_1904_Summer_Olympics,United States at the 1904 Summer Olympics,Q30,United States,US,USA,USA,1879-03-25,Q38022,St. Louis,Q1581,Missouri,"38.62638888888889,-90.19944444444444",38.62638888888889,-90.19944444444444,Q6581097,male,,,Water polo,,,,Water polo,,Water polo,https://en.wikipedia.org/wiki/List_of_1904_Summer_Olympics_medal_winners,layers-derived-wikipedia-wikidata
1904,Q3751921,https://en.wikipedia.org/wiki/Frank_Schreiner,Frank Schreiner,bronze,Q1350274,https://en.wikipedia.org/wiki/United_States_at_the_1904_Summer_Olympics,United States at the 1904 Summer Olympics,Q30,United States,US,USA,USA,1879-01-01,Q38022,St. Louis,Q1581,Missouri,"38.62638888888889,-90.19944444444444",38.62638888888889,-90.19944444444444,Q6581097,male,,,Water polo,,,,Water polo,,Water polo,https://en.wikipedia.org/wiki/List_of_1904_Summer_Olympics_medal_winners,layers-derived-wikipedia-wikidata
1904,Q2734432,https://en.wikipedia.org/wiki/Augustus_Goessling,Augustus Goessling,bronze,Q1350274,https://en.wikipedia.org/wiki/United_States_at_the_1904_Summer_Olympics,United States at the 1904 Summer Olympics,Q30,United States,US,USA,USA,1878-11-17,Q38022,St. Louis,Q1581,Missouri,"38.62638888888889,-90.19944444444444",38.62638888888889,-90.19944444444444,Q6581097,male,,,Water polo,,,,Water polo,,Water polo,https://en.wikipedia.org/wiki/List_of_1904_Summer_Olympics_medal_winners,layers-derived-wikipedia-wikidata
1904,Q893263,https://en.wikipedia.org/wiki/Bill_Orthwein,Bill Orthwein,bronze,Q1350274,https://en.wikipedia.org/wiki/United_States_at_the_1904_Summer_Olympics,United States at the 1904 Summer Olympics,Q30,United States,US,USA,USA,1881-10-16,Q38022,St. Louis,Q1581,Missouri,"38.62638888888889,-90.19944444444444",38.62638888888889,-90.19944444444444,Q6581097,male,,,Water polo,,,,Water polo,,Water polo,https://en.wikipedia.org/wiki/List_of_1904_Summer_Olympics_medal_winners,layers-derived-wikipedia-wikidata
1904,Q1335985,https://en.wikipedia.org/wiki/Perikles_Kakousis,Perikles Kakousis,gold,Q142263,https://en.wikipedia.org/wiki/Greece_at_the_1904_Summer_Olympics,Greece at the 1904 Summer Olympics,Q209065,Kingdom of Greece,,,,1879-01-01,Q191082,Aegina,Q758056,Attica Region,"37.73,23.49",37.73,23.49,Q6581097,male,Q664379,https://en.wikipedia.org/wiki/Weightlifting_at_the_1904_Summer_Olympics_–_Men's_two_hand_lift,weightlifting at the 1904 Summer Olympics – men's two hand lift,Q241091,weightlifting at the 1904 Summer Olympics,Q83462,weightlifting,Q83462,weightlifting,https://en.wikipedia.org/wiki/List_of_1904_Summer_Olympics_medal_winners,layers-derived-wikipedia-wikidata
1904,Q204049,https://en.wikipedia.org/wiki/Oscar_Osthoff,Oscar Osthoff,silver,Q1350274,https://en.wikipedia.org/wiki/United_States_at_the_1904_Summer_Olympics,United States at the 1904 Summer Olympics,Q30,United States,US,USA,USA,1883-03-23,Q37836,Milwaukee,Q502294,Milwaukee County,"43.05,-87.95",43.05,-87.95,Q6581097,male,Q664379,https://en.wikipedia.org/wiki/Weightlifting_at_the_1904_Summer_Olympics_–_Men's_two_hand_lift,weightlifting at the 1904 Summer Olympics – men's two hand lift,Q241091,weightlifting at the 1904 Summer Olympics,Q83462,weightlifting,Q83462,weightlifting,https://en.wikipedia.org/wiki/List_of_1904_Summer_Olympics_medal_winners,layers-derived-wikipedia-wikidata
1904,Q63257,https://en.wikipedia.org/wiki/Frank_Kugler,Frank Kugler,bronze,Q143137,https://en.wikipedia.org/wiki/Germany_at_the_1904_Summer_Olympics,Germany at the 1904 Summer Olympics,Q1206012,German Reich,,,,1879-03-29,Q43287,German Empire,,,"52.51861111111111,13.376111111111111",52.51861111111111,13.376111111111111,Q6581097,male,Q664379,https://en.wikipedia.org/wiki/Weightlifting_at_the_1904_Summer_Olympics_–_Men's_two_hand_lift,weightlifting at the 1904 Summer Olympics – men's two hand lift,Q241091,weightlifting at the 1904 Summer Olympics,Q83462,weightlifting,Q83462,weightlifting,https://en.wikipedia.org/wiki/List_of_1904_Summer_Olympics_medal_winners,layers-derived-wikipedia-wikidata
1904,Q204049,https://en.wikipedia.org/wiki/Oscar_Osthoff,Oscar Osthoff,gold,Q1350274,https://en.wikipedia.org/wiki/United_States_at_the_1904_Summer_Olympics,United States at the 1904 Summer Olympics,Q30,United States,US,USA,USA,1883-03-23,Q37836,Milwaukee,Q502294,Milwaukee County,"43.05,-87.95",43.05,-87.95,Q6581097,male,Q861220,https://en.wikipedia.org/wiki/Weightlifting_at_the_1904_Summer_Olympics_–_Men's_all-around_dumbbell,weightlifting at the 1904 Summer Olympics – men's all-around dumbbell,Q241091,weightlifting at the 1904 Summer Olympics,Q83462,weightlifting,Q83462,weightlifting,https://en.wikipedia.org/wiki/List_of_1904_Summer_Olympics_medal_winners,layers-derived-wikipedia-wikidata
1904,Q2445976,https://en.wikipedia.org/wiki/Frederick_Winters,Frederick Winters,silver,Q1350274,https://en.wikipedia.org/wiki/United_States_at_the_1904_Summer_Olympics,United States at the 1904 Summer Olympics,Q30,United States,US,USA,USA,1873-01-07,,,,,,,,Q6581097,male,Q861220,https://en.wikipedia.org/wiki/Weightlifting_at_the_1904_Summer_Olympics_–_Men's_all-around_dumbbell,weightlifting at the 1904 Summer Olympics – men's all-around dumbbell,Q241091,weightlifting at the 1904 Summer Olympics,Q83462,weightlifting,Q83462,weightlifting,https://en.wikipedia.org/wiki/List_of_1904_Summer_Olympics_medal_winners,layers-derived-wikipedia-wikidata
1904,Q63257,https://en.wikipedia.org/wiki/Frank_Kugler,Frank Kugler,bronze,Q143137,https://en.wikipedia.org/wiki/Germany_at_the_1904_Summer_Olympics,Germany at the 1904 Summer Olympics,Q1206012,German Reich,,,,1879-03-29,Q43287,German Empire,,,"52.51861111111111,13.376111111111111",52.51861111111111,13.376111111111111,Q6581097,male,Q861220,https://en.wikipedia.org/wiki/Weightlifting_at_the_1904_Summer_Olympics_–_Men's_all-around_dumbbell,weightlifting at the 1904 Summer Olympics – men's all-around dumbbell,Q241091,weightlifting at the 1904 Summer Olympics,Q83462,weightlifting,Q83462,weightlifting,https://en.wikipedia.org/wiki/List_of_1904_Summer_Olympics_medal_winners,layers-derived-wikipedia-wikidata
1904,Q2636472,https://en.wikipedia.org/wiki/Robert_Curry_(wrestler),Robert Curry,gold,Q1350274,https://en.wikipedia.org/wiki/United_States_at_the_1904_Summer_Olympics,United States at the 1904 Summer Olympics,Q30,United States,US,USA,USA,1882-08-14,Q60,New York City,Q1384,New York,"40.71277777777778,-74.00611111111111",40.71277777777778,-74.00611111111111,Q6581097,male,Q860160,https://en.wikipedia.org/wiki/Wrestling_at_the_1904_Summer_Olympics_–_Men's_freestyle_light_flyweight,wrestling at the 1904 Summer Olympics – men's freestyle light flyweight,Q803977,wrestling at the 1904 Summer Olympics,Q327223,freestyle wrestling,Q327223,freestyle wrestling,https://en.wikipedia.org/wiki/List_of_1904_Summer_Olympics_medal_winners,layers-derived-wikipedia-wikidata
1904,Q2638730,https://en.wikipedia.org/wiki/John_Hein_(wrestler),John Hein,silver,Q1350274,https://en.wikipedia.org/wiki/United_States_at_the_1904_Summer_Olympics,United States at the 1904 Summer Olympics,Q30,United States,US,USA,USA,1886-01-27,Q60,New York City,Q1384,New York,"40.71277777777778,-74.00611111111111",40.71277777777778,-74.00611111111111,Q6581097,male,Q860160,https://en.wikipedia.org/wiki/Wrestling_at_the_1904_Summer_Olympics_–_Men's_freestyle_light_flyweight,wrestling at the 1904 Summer Olympics – men's freestyle light flyweight,Q803977,wrestling at the 1904 Summer Olympics,Q327223,freestyle wrestling,Q327223,freestyle wrestling,https://en.wikipedia.org/wiki/List_of_1904_Summer_Olympics_medal_winners,layers-derived-wikipedia-wikidata
1904,Q923926,https://en.wikipedia.org/wiki/Gustav_Thiefenthaler,Gustav Thiefenthaler,bronze,Q142403,https://en.wikipedia.org/wiki/Switzerland_at_the_1904_Summer_Olympics,Switzerland at the 1904 Summer Olympics,Q39,Switzerland,CH,CHE,SUI,1886-07-25,Q214069,Unterwalden,,,"46.87,8.31",46.87,8.31,Q6581097,male,Q860160,https://en.wikipedia.org/wiki/Wrestling_at_the_1904_Summer_Olympics_–_Men's_freestyle_light_flyweight,wrestling at the 1904 Summer Olympics – men's freestyle light flyweight,Q803977,wrestling at the 1904 Summer Olympics,Q327223,freestyle wrestling,Q327223,freestyle wrestling,https://en.wikipedia.org/wiki/List_of_1904_Summer_Olympics_medal_winners,layers-derived-wikipedia-wikidata
1904,Q1387408,https://en.wikipedia.org/wiki/George_Mehnert,George Mehnert,gold,Q1350274,https://en.wikipedia.org/wiki/United_States_at_the_1904_Summer_Olympics,United States at the 1904 Summer Olympics,Q30,United States,US,USA,USA,1881-11-03,Q25395,Newark,Q128077,Essex County,"40.73555555555556,-74.17222222222222",40.73555555555556,-74.17222222222222,Q6581097,male,Q859436,https://en.wikipedia.org/wiki/Wrestling_at_the_1904_Summer_Olympics_–_Men's_freestyle_flyweight,wrestling at the 1904 Summer Olympics – men's freestyle flyweight,Q803977,wrestling at the 1904 Summer Olympics,Q327223,freestyle wrestling,Q327223,freestyle wrestling,https://en.wikipedia.org/wiki/List_of_1904_Summer_Olympics_medal_winners,layers-derived-wikipedia-wikidata
1904,Q2444609,https://en.wikipedia.org/wiki/Gustave_Bauer,Gustave Bauer,silver,Q1350274,https://en.wikipedia.org/wiki/United_States_at_the_1904_Summer_Olympics,United States at the 1904 Summer Olympics,Q30,United States,US,USA,USA,1884-04-03,Q25395,Newark,Q128077,Essex County,"40.73555555555556,-74.17222222222222",40.73555555555556,-74.17222222222222,Q6581097,male,Q859436,https://en.wikipedia.org/wiki/Wrestling_at_the_1904_Summer_Olympics_–_Men's_freestyle_flyweight,wrestling at the 1904 Summer Olympics – men's freestyle flyweight,Q803977,wrestling at the 1904 Summer Olympics,Q327223,freestyle wrestling,Q327223,freestyle wrestling,https://en.wikipedia.org/wiki/List_of_1904_Summer_Olympics_medal_winners,layers-derived-wikipedia-wikidata
1904,Q1810137,https://en.wikipedia.org/wiki/William_Nelson_(wrestler),William Nelson,bronze,Q1350274,https://en.wikipedia.org/wiki/United_States_at_the_1904_Summer_Olympics,United States at the 1904 Summer Olympics,Q30,United States,US,USA,USA,1900-00-00,,,,,,,,Q6581097,male,Q859436,https://en.wikipedia.org/wiki/Wrestling_at_the_1904_Summer_Olympics_–_Men's_freestyle_flyweight,wrestling at the 1904 Summer Olympics – men's freestyle flyweight,Q803977,wrestling at the 1904 Summer Olympics,Q327223,freestyle wrestling,Q327223,freestyle wrestling,https://en.wikipedia.org/wiki/List_of_1904_Summer_Olympics_medal_winners,layers-derived-wikipedia-wikidata
1904,Q2638750,https://en.wikipedia.org/wiki/Isidor_Niflot,Isidor Niflot,gold,Q1350274,https://en.wikipedia.org/wiki/United_States_at_the_1904_Summer_Olympics,United States at the 1904 Summer Olympics,Q30,United States,US,USA,USA,1881-04-16,Q34266,Russian Empire,,,"58.65,70.1167",58.65,70.1167,Q6581097,male,Q859623,https://en.wikipedia.org/wiki/Wrestling_at_the_1904_Summer_Olympics_–_Men's_freestyle_bantamweight,wrestling at the 1904 Summer Olympics – men's freestyle bantamweight,Q803977,wrestling at the 1904 Summer Olympics,Q327223,freestyle wrestling,Q327223,freestyle wrestling,https://en.wikipedia.org/wiki/List_of_1904_Summer_Olympics_medal_winners,layers-derived-wikipedia-wikidata
1904,Q1809347,https://en.wikipedia.org/wiki/August_Wester,August Wester,silver,Q1350274,https://en.wikipedia.org/wiki/United_States_at_the_1904_Summer_Olympics,United States at the 1904 Summer Olympics,Q30,United States,US,USA,USA,1882-02-12,Q25395,Newark,Q128077,Essex County,"40.73555555555556,-74.17222222222222",40.73555555555556,-74.17222222222222,Q6581097,male,Q859623,https://en.wikipedia.org/wiki/Wrestling_at_the_1904_Summer_Olympics_–_Men's_freestyle_bantamweight,wrestling at the 1904 Summer Olympics – men's freestyle bantamweight,Q803977,wrestling at the 1904 Summer Olympics,Q327223,freestyle wrestling,Q327223,freestyle wrestling,https://en.wikipedia.org/wiki/List_of_1904_Summer_Olympics_medal_winners,layers-derived-wikipedia-wikidata
1904,Q3440881,https://en.wikipedia.org/wiki/Louis_Strebler,Louis Strebler,bronze,Q1350274,https://en.wikipedia.org/wiki/United_States_at_the_1904_Summer_Olympics,United States at the 1904 Summer Olympics,Q30,United States,US,USA,USA,1881-02-02,Q38022,St. Louis,Q1581,Missouri,"38.62638888888889,-90.19944444444444",38.62638888888889,-90.19944444444444,Q6581097,male,Q859623,https://en.wikipedia.org/wiki/Wrestling_at_the_1904_Summer_Olympics_–_Men's_freestyle_bantamweight,wrestling at the 1904 Summer Olympics – men's freestyle bantamweight,Q803977,wrestling at the 1904 Summer Olympics,Q327223,freestyle wrestling,Q327223,freestyle wrestling,https://en.wikipedia.org/wiki/List_of_1904_Summer_Olympics_medal_winners,layers-derived-wikipedia-wikidata
1904,Q1804630,https://en.wikipedia.org/wiki/Benjamin_Bradshaw,Benjamin Bradshaw,gold,Q1350274,https://en.wikipedia.org/wiki/United_States_at_the_1904_Summer_Olympics,United States at the 1904 Summer Olympics,Q30,United States,US,USA,USA,1879-08-15,Q18419,Brooklyn,Q60,New York City,"40.65083333333333,-73.94972222222222",40.65083333333333,-73.94972222222222,Q6581097,male,Q860204,https://en.wikipedia.org/wiki/Wrestling_at_the_1904_Summer_Olympics_–_Men's_freestyle_featherweight,wrestling at the 1904 Summer Olympics – men's freestyle featherweight,Q803977,wrestling at the 1904 Summer Olympics,Q327223,freestyle wrestling,Q327223,freestyle wrestling,https://en.wikipedia.org/wiki/List_of_1904_Summer_Olympics_medal_winners,layers-derived-wikipedia-wikidata
1904,Q1810240,https://en.wikipedia.org/wiki/Theodore_McLear,Theodore McLear,silver,Q1350274,https://en.wikipedia.org/wiki/United_States_at_the_1904_Summer_Olympics,United States at the 1904 Summer Olympics,Q30,United States,US,USA,USA,1879-06-29,Q25395,Newark,Q128077,Essex County,"40.73555555555556,-74.17222222222222",40.73555555555556,-74.17222222222222,Q6581097,male,Q860204,https://en.wikipedia.org/wiki/Wrestling_at_the_1904_Summer_Olympics_–_Men's_freestyle_featherweight,wrestling at the 1904 Summer Olympics – men's freestyle featherweight,Q803977,wrestling at the 1904 Summer Olympics,Q327223,freestyle wrestling,Q327223,freestyle wrestling,https://en.wikipedia.org/wiki/List_of_1904_Summer_Olympics_medal_winners,layers-derived-wikipedia-wikidata
1904,Q2444556,https://en.wikipedia.org/wiki/Charles_Clapper,Charles Clapper,bronze,Q1350274,https://en.wikipedia.org/wiki/United_States_at_the_1904_Summer_Olympics,United States at the 1904 Summer Olympics,Q30,United States,US,USA,USA,1875-12-20,Q16563,Memphis,Q501602,Shelby County,"35.14611111111111,-90.05194444444444",35.14611111111111,-90.05194444444444,Q6581097,male,Q860204,https://en.wikipedia.org/wiki/Wrestling_at_the_1904_Summer_Olympics_–_Men's_freestyle_featherweight,wrestling at the 1904 Summer Olympics – men's freestyle featherweight,Q803977,wrestling at the 1904 Summer Olympics,Q327223,freestyle wrestling,Q327223,freestyle wrestling,https://en.wikipedia.org/wiki/List_of_1904_Summer_Olympics_medal_winners,layers-derived-wikipedia-wikidata
1904,Q2444730,https://en.wikipedia.org/wiki/Otto_Roehm,Otto Roehm,gold,Q1350274,https://en.wikipedia.org/wiki/United_States_at_the_1904_Summer_Olympics,United States at the 1904 Summer Olympics,Q30,United States,US,USA,USA,1882-08-02,Q133116,Hamilton,Q1904,Ontario,"43.256666666667,-79.869166666667",43.256666666667,-79.869166666667,Q6581097,male,Q859444,https://en.wikipedia.org/wiki/Wrestling_at_the_1904_Summer_Olympics_–_Men's_freestyle_lightweight,wrestling at the 1904 Summer Olympics – men's freestyle lightweight,Q803977,wrestling at the 1904 Summer Olympics,Q327223,freestyle wrestling,Q327223,freestyle wrestling,https://en.wikipedia.org/wiki/List_of_1904_Summer_Olympics_medal_winners,layers-derived-wikipedia-wikidata
1904,Q1809415,https://en.wikipedia.org/wiki/Rudolph_Tesing,Rudolph Tesing,silver,Q1350274,https://en.wikipedia.org/wiki/United_States_at_the_1904_Summer_Olympics,United States at the 1904 Summer Olympics,Q30,United States,US,USA,USA,1881-02-04,Q60,New York City,Q1384,New York,"40.71277777777778,-74.00611111111111",40.71277777777778,-74.00611111111111,Q6581097,male,Q859444,https://en.wikipedia.org/wiki/Wrestling_at_the_1904_Summer_Olympics_–_Men's_freestyle_lightweight,wrestling at the 1904 Summer Olympics – men's freestyle lightweight,Q803977,wrestling at the 1904 Summer Olympics,Q327223,freestyle wrestling,Q327223,freestyle wrestling,https://en.wikipedia.org/wiki/List_of_1904_Summer_Olympics_medal_winners,layers-derived-wikipedia-wikidata
1904,Q1809374,https://en.wikipedia.org/wiki/Albert_Zirkel,Albert Zirkel,bronze,Q1350274,https://en.wikipedia.org/wiki/United_States_at_the_1904_Summer_Olympics,United States at the 1904 Summer Olympics,Q30,United States,US,USA,USA,1884-10-23,Q25395,Newark,Q128077,Essex County,"40.73555555555556,-74.17222222222222",40.73555555555556,-74.17222222222222,Q6581097,male,Q859444,https://en.wikipedia.org/wiki/Wrestling_at_the_1904_Summer_Olympics_–_Men's_freestyle_lightweight,wrestling at the 1904 Summer Olympics – men's freestyle lightweight,Q803977,wrestling at the 1904 Summer Olympics,Q327223,freestyle wrestling,Q327223,freestyle wrestling,https://en.wikipedia.org/wiki/List_of_1904_Summer_Olympics_medal_winners,layers-derived-wikipedia-wikidata
1904,Q45950,https://en.wikipedia.org/wiki/Charles_Ericksen,Charles Ericksen,gold,Q15715581,https://en.wikipedia.org/wiki/Norway_at_the_1904_Summer_Olympics,Norway at the Games of the III Olympiad,Q20,Norway,NO,NOR,NOR,1875-06-20,Q107392,Tønsberg,Q50619,Vestfold,"59.29805555555556,10.42361111111111",59.29805555555556,10.42361111111111,Q6581097,male,Q859597,https://en.wikipedia.org/wiki/Wrestling_at_the_1904_Summer_Olympics_–_Men's_freestyle_welterweight,wrestling at the 1904 Summer Olympics – men's freestyle welterweight,Q803977,wrestling at the 1904 Summer Olympics,Q327223,freestyle wrestling,Q327223,freestyle wrestling,https://en.wikipedia.org/wiki/List_of_1904_Summer_Olympics_medal_winners,layers-derived-wikipedia-wikidata
1904,Q134248710,https://en.wikipedia.org/wiki/William_Beckmann,William Beckmann,silver,Q1350274,https://en.wikipedia.org/wiki/United_States_at_the_1904_Summer_Olympics,United States at the 1904 Summer Olympics,Q30,United States,US,USA,USA,,Q970792,Del Rio,Q26730,Val Verde County,"29.370833333333,-100.89583333333",29.370833333333,-100.89583333333,Q6581097,male,Q859597,https://en.wikipedia.org/wiki/Wrestling_at_the_1904_Summer_Olympics_–_Men's_freestyle_welterweight,wrestling at the 1904 Summer Olympics – men's freestyle welterweight,Q803977,wrestling at the 1904 Summer Olympics,Q327223,freestyle wrestling,Q327223,freestyle wrestling,https://en.wikipedia.org/wiki/List_of_1904_Summer_Olympics_medal_winners,layers-derived-wikipedia-wikidata
1904,Q2445943,https://en.wikipedia.org/wiki/Jerry_Winholtz,Jerry Winholtz,bronze,Q1350274,https://en.wikipedia.org/wiki/United_States_at_the_1904_Summer_Olympics,United States at the 1904 Summer Olympics,Q30,United States,US,USA,USA,1874-08-05,Q613167,Mount Pleasant,Q178281,Henry County,"40.966944444444,-91.551111111111",40.966944444444,-91.551111111111,Q6581097,male,Q859597,https://en.wikipedia.org/wiki/Wrestling_at_the_1904_Summer_Olympics_–_Men's_freestyle_welterweight,wrestling at the 1904 Summer Olympics – men's freestyle welterweight,Q803977,wrestling at the 1904 Summer Olympics,Q327223,freestyle wrestling,Q327223,freestyle wrestling,https://en.wikipedia.org/wiki/List_of_1904_Summer_Olympics_medal_winners,layers-derived-wikipedia-wikidata
1904,Q1804533,https://en.wikipedia.org/wiki/Bernhoff_Hansen,Bernhoff Hansen,gold,Q15715581,https://en.wikipedia.org/wiki/Norway_at_the_1904_Summer_Olympics,Norway at the Games of the III Olympiad,Q20,Norway,NO,NOR,NOR,1877-08-17,Q48880,Saltdal Municipality,Q50630,Nordland,"66.92,15.56",66.92,15.56,Q6581097,male,Q860195,https://en.wikipedia.org/wiki/Wrestling_at_the_1904_Summer_Olympics_–_Men's_freestyle_heavyweight,wrestling at the 1904 Summer Olympics – men's freestyle heavyweight,Q803977,wrestling at the 1904 Summer Olympics,Q327223,freestyle wrestling,Q327223,freestyle wrestling,https://en.wikipedia.org/wiki/List_of_1904_Summer_Olympics_medal_winners,layers-derived-wikipedia-wikidata
1904,Q63257,https://en.wikipedia.org/wiki/Frank_Kugler,Frank Kugler,silver,Q143137,https://en.wikipedia.org/wiki/Germany_at_the_1904_Summer_Olympics,Germany at the 1904 Summer Olympics,Q1206012,German Reich,,,,1879-03-29,Q43287,German Empire,,,"52.51861111111111,13.376111111111111",52.51861111111111,13.376111111111111,Q6581097,male,Q860195,https://en.wikipedia.org/wiki/Wrestling_at_the_1904_Summer_Olympics_–_Men's_freestyle_heavyweight,wrestling at the 1904 Summer Olympics – men's freestyle heavyweight,Q803977,wrestling at the 1904 Summer Olympics,Q327223,freestyle wrestling,Q327223,freestyle wrestling,https://en.wikipedia.org/wiki/List_of_1904_Summer_Olympics_medal_winners,layers-derived-wikipedia-wikidata
1904,Q3440886,https://en.wikipedia.org/wiki/Fred_Warmbold,Fred Warmbold,bronze,Q1350274,https://en.wikipedia.org/wiki/United_States_at_the_1904_Summer_Olympics,United States at the 1904 Summer Olympics,Q30,United States,US,USA,USA,1875-09-18,Q38022,St. Louis,Q1581,Missouri,"38.62638888888889,-90.19944444444444",38.62638888888889,-90.19944444444444,Q6581097,male,Q860195,https://en.wikipedia.org/wiki/Wrestling_at_the_1904_Summer_Olympics_–_Men's_freestyle_heavyweight,wrestling at the 1904 Summer Olympics – men's freestyle heavyweight,Q803977,wrestling at the 1904 Summer Olympics,Q327223,freestyle wrestling,Q327223,freestyle wrestling,https://en.wikipedia.org/wiki/List_of_1904_Summer_Olympics_medal_winners,layers-derived-wikipedia-wikidata
